id,category,subcategory,food_name,local_name,aliases,serving_size,serving_unit,weight_g,calories_kcal,protein_g,carbohydrates_g,fat_g,dietary_fiber_g,total_sugars_g,saturated_fat_g,sodium_mg,cholesterol_mg,food_type,source,ingredients
1,Bakery,"Breads, Rolls & Flatbreads",Arepa,,"arepa, arepas",100,g,100,215,5.4,36.4,5.3,2.5,0.9,2.8,300,5,Meals / Prepared Food,curated,"Refined Flour (Maida), Yeast, Salt, Water"
2,Bakery,"Breads, Rolls & Flatbreads",Bagel,,"bagel, bagels",100,g,100,245,10,47.9,1.5,4,6,0,400,0,Meals / Prepared Food,curated,"Refined Flour (Maida), Yeast, Salt, Water"
3,Bakery,"Breads, Rolls & Flatbreads",Bagel with Ham Egg Cheese,,"bagel with ham egg cheese, anda, bagel with ham egg cheeses, bagel-with-ham-egg-cheese",100,g,100,483,26.7,52.4,18.5,0.4,7,7.9,1300,243,Meals / Prepared Food,curated,"Pork, Egg, Cheese, Ham, Refined Flour (Maida), Yeast, Salt, Water"
4,Bakery,"Breads, Rolls & Flatbreads",Banana Bread,,"banana bread, banana breads, banana-bread, kela",100,g,100,186,2.5,31.1,6,0.6,0,1.3,200,24,Meals / Prepared Food,curated,"Banana, Bread, Refined Flour (Maida), Yeast, Salt, Water"
5,Bakery,"Breads, Rolls & Flatbreads",Blueberry Muffin,,"blueberry muffin, blueberry muffins, blueberry-muffin",100,g,100,214,2.6,30.2,9.2,0.6,17.9,1.6,200,17,Meals / Prepared Food,curated,"Blueberries, Refined Flour (Maida), Yeast, Salt, Water"
6,Bakery,"Breads, Rolls & Flatbreads",Blueberry Pancakes,,"blueberry pancakes, blueberry pancak, blueberry pancakeses, blueberry-pancakes",100,g,100,84,2.3,11,3.5,0,0,0.8,200,21,Meals / Prepared Food,curated,"Blueberries, Refined Flour (Maida), Yeast, Salt, Water"
7,Bakery,"Breads, Rolls & Flatbreads",Bread Crumbs,,"bread crumbs, bread crumb, bread crumbses, bread-crumbs",100,g,100,427,14.4,77.7,5.7,4.9,6.7,1.3,800,0,Meals / Prepared Food,curated,"Bread, Refined Flour (Maida), Yeast, Salt, Water"
8,Bakery,"Breads, Rolls & Flatbreads",Breadfruit,,"breadfruit, breadfruits",100,g,100,227,2.4,59.7,0.5,10.8,24.2,0.1,57,0,Meals / Prepared Food,curated,"Refined Flour (Maida), Yeast, Salt, Water"
9,Bakery,"Breads, Rolls & Flatbreads",Breadfruit Seeds,,"breadfruit seeds, breadfruit seed, breadfruit seedses, breadfruit-seeds",100,g,100,57,2.2,8.8,1.7,1.6,0,0.5,40,0,Meals / Prepared Food,curated,"Refined Flour (Maida), Yeast, Salt, Water"
10,Bakery,"Breads, Rolls & Flatbreads",Breadsticks,,"breadsticks, breadstick, breadstickses",100,g,100,103,3,17.1,2.4,0.8,0.3,0.4,200,0,Meals / Prepared Food,curated,"Refined Flour (Maida), Yeast, Salt, Water"
11,Bakery,"Breads, Rolls & Flatbreads",Buttermilk Pancakes,,"buttermilk pancakes, buttermilk pancak, buttermilk pancakeses, buttermilk-pancakes, chaas, lassi",100,g,100,86,2.6,10.9,3.5,0,0,0.7,200,22,Meals / Prepared Food,curated,"Refined Flour (Maida), Yeast, Salt, Water"
12,Bakery,"Breads, Rolls & Flatbreads",Buttermilk Waffle,,"buttermilk waffle, buttermilk waffles, buttermilk-waffle, chaas, lassi",100,g,100,102,2.4,16,3.1,0.9,1.5,0.8,200,4,Meals / Prepared Food,curated,"Refined Flour (Maida), Yeast, Salt, Water"
13,Bakery,"Breads, Rolls & Flatbreads",Chaptti Roti Indian Bread,,"chaptti roti indian bread, chaptti roti indian breads, chaptti-roti-indian-bread",100,g,100,491,7,0.1,2.5,0,68.4,2.5,0,0,Meals / Prepared Food,curated,"Bread, Whole Wheat Flour (Atta), Refined Flour (Maida), Yeast, Salt, Water"
14,Bakery,"Breads, Rolls & Flatbreads",Cheese Bread,,"cheese bread, cheese breads, cheese-bread",100,g,100,196,5,21.5,10,1,1,3,400,5,Meals / Prepared Food,curated,"Bread, Cheese, Refined Flour (Maida), Yeast, Salt, Water"
15,Bakery,"Breads, Rolls & Flatbreads",Chicken Egg Roll,,"chicken egg roll, anda, chicken egg rolls, chicken-egg-roll, murgi",100,g,100,158,8.4,22.8,3.6,1.9,4.5,0.8,400,11,Meals / Prepared Food,curated,"Chicken, Egg, Refined Flour (Maida), Yeast, Salt, Water"
16,Bakery,"Breads, Rolls & Flatbreads",Chinese Egg Roll,,"chinese egg roll, anda, chinese egg rolls, chinese-egg-roll",100,g,100,223,7.4,24.3,10.6,2.3,0,1.9,400,14,Meals / Prepared Food,curated,"Egg, Refined Flour (Maida), Yeast, Salt, Water"
17,Bakery,"Breads, Rolls & Flatbreads",Cinnamon Raisin Bagel,,"cinnamon raisin bagel, cinnamon raisin bagels, cinnamon-raisin-bagel, dalchini, kishmish",100,g,100,71,2.5,14.4,0.4,0.6,1.6,0.1,47,0,Meals / Prepared Food,curated,"Cinnamon, Raisins, Refined Flour (Maida), Yeast, Salt, Water"
18,Bakery,"Breads, Rolls & Flatbreads",Corn Dog,,"corn dog, bhutta, corn dogs, corn-dog, makka",100,g,100,195,6.7,21,9.4,0.8,5.9,2.7,500,34,Meals / Prepared Food,curated,"Corn, Refined Flour (Maida), Yeast, Salt, Water"
19,Bakery,"Breads, Rolls & Flatbreads",Corn Muffin,,"corn muffin, bhutta, corn muffins, corn-muffin, makka",100,g,100,201,3.9,33.7,5.5,2.2,11.7,0.9,300,17,Meals / Prepared Food,curated,"Corn, Refined Flour (Maida), Yeast, Salt, Water"
20,Bakery,"Breads, Rolls & Flatbreads",Corn Tortilla,,"corn tortilla, bhutta, corn tortillas, corn-tortilla, makka",100,g,100,52,1.4,10.7,0.7,1.5,0.2,0.1,75,0,Meals / Prepared Food,curated,"Corn, Refined Flour (Maida), Yeast, Salt, Water"
21,Bakery,"Breads, Rolls & Flatbreads",Cracked Wheat Bread,,"cracked wheat bread, cracked wheat breads, cracked-wheat-bread, gehun",100,g,100,74,2.5,14,1.1,1.6,0,0.3,200,0,Meals / Prepared Food,curated,"Bread, Wheat, Refined Flour (Maida), Yeast, Salt, Water"
22,Bakery,"Breads, Rolls & Flatbreads",Croutons,,"croutons, crouton, croutonses",100,g,100,33,1,5.9,0.5,0.4,0,0.1,35,0,Meals / Prepared Food,curated,"Refined Flour (Maida), Yeast, Salt, Water"
23,Bakery,"Breads, Rolls & Flatbreads",Croutons Seasoned,,"croutons seasoned, croutons seasoneds, croutons-seasoned",100,g,100,186,4.3,25.4,7.3,2,1.8,2.1,400,3,Meals / Prepared Food,curated,"Refined Flour (Maida), Yeast, Salt, Water"
24,Bakery,"Breads, Rolls & Flatbreads",Dinner Roll,,"dinner roll, dinner rolls, dinner-roll",100,g,100,76,2.4,12.9,1.8,1.1,0.5,0.4,100,0,Meals / Prepared Food,curated,"Refined Flour (Maida), Yeast, Salt, Water"
25,Bakery,"Breads, Rolls & Flatbreads",Dinner Roll Whole Wheat,,"dinner roll whole wheat, dinner roll whole wheats, dinner-roll-whole-wheat, gehun",100,g,100,74,2.4,14.3,1.3,2.1,2.4,0.2,100,0,Meals / Prepared Food,curated,"Wheat, Refined Flour (Maida), Yeast, Salt, Water"
26,Bakery,"Breads, Rolls & Flatbreads",Egg Bagel,,"egg bagel, anda, egg bagels, egg-bagel",100,g,100,72,2.8,13.8,0.5,0.6,0,0.1,100,6,Meals / Prepared Food,curated,"Egg, Refined Flour (Maida), Yeast, Salt, Water"
27,Bakery,"Breads, Rolls & Flatbreads",Egg Bread,,"egg bread, anda, egg breads, egg-bread",100,g,100,115,3.8,19.1,2.4,0.9,0.7,0.6,200,20,Meals / Prepared Food,curated,"Egg, Bread, Refined Flour (Maida), Yeast, Salt, Water"
28,Bakery,"Breads, Rolls & Flatbreads",Egg Bread Toasted,,"egg bread toasted, anda, egg-bread-toasted",100,g,100,117,3.9,19.5,2.4,0.9,0.7,0.6,200,21,Meals / Prepared Food,curated,"Egg, Bread, Refined Flour (Maida), Yeast, Salt, Water"
29,Bakery,"Breads, Rolls & Flatbreads",Egg Dinner Roll,,"egg dinner roll, anda, egg dinner rolls, egg-dinner-roll",100,g,100,107,3.3,18.2,2.2,1.3,1.5,0.6,200,18,Meals / Prepared Food,curated,"Egg, Refined Flour (Maida), Yeast, Salt, Water"
30,Bakery,"Breads, Rolls & Flatbreads",English Muffin,,"english muffin, english muffins, english-muffin",100,g,100,127,5,25.5,1.1,2.6,0.9,0.2,200,0,Meals / Prepared Food,curated,"Refined Flour (Maida), Yeast, Salt, Water"
31,Bakery,"Breads, Rolls & Flatbreads",English Muffin Mcdonalds,,"english muffin mcdonalds, english muffin mcdonald, english muffin mcdonaldses, english-muffin-mcdonalds",100,g,100,97,5.7,2.9,2.3,0.2,1.5,1.1,31,21,Meals / Prepared Food,curated,"Refined Flour (Maida), Yeast, Salt, Water"
32,Bakery,"Breads, Rolls & Flatbreads",English Muffin Toasted,,"english muffin toasted, english-muffin-toasted",100,g,100,140,5.4,27.4,1.1,1.5,1.8,0.3,200,0,Meals / Prepared Food,curated,"Refined Flour (Maida), Yeast, Salt, Water"
33,Bakery,"Breads, Rolls & Flatbreads",English Muffin Whole Wheat,,"english muffin whole wheat, english muffin whole wheats, english-muffin-whole-wheat, gehun",100,g,100,134,5.8,26.7,1.4,4.4,5.3,0.2,200,0,Meals / Prepared Food,curated,"Wheat, Refined Flour (Maida), Yeast, Salt, Water"
34,Bakery,"Breads, Rolls & Flatbreads",English Muffin Whole Wheat Toasted,,"english muffin whole wheat toasted, english-muffin-whole-wheat-toasted, gehun",100,g,100,135,5.9,26.9,1.4,4.5,5.4,0.2,200,0,Meals / Prepared Food,curated,"Wheat, Refined Flour (Maida), Yeast, Salt, Water"
35,Bakery,"Breads, Rolls & Flatbreads",English Muffin with Butter,,"english muffin with butter, english muffin with butters, english-muffin-with-butter, makhan",100,g,100,189,4.9,30.4,5.8,0,0,2.4,400,13,Meals / Prepared Food,curated,"Butter, Refined Flour (Maida), Yeast, Salt, Water"
36,Bakery,"Breads, Rolls & Flatbreads",English Muffin with Cheese Sausage,,"english muffin with cheese sausage, english muffin with cheese sausages, english-muffin-with-cheese-sausage",100,g,100,365,14.3,27.3,22.3,0.5,2.1,8.8,700,46,Meals / Prepared Food,curated,"Pork, Cheese, Refined Flour (Maida), Yeast, Salt, Water"
37,Bakery,"Breads, Rolls & Flatbreads",English Muffin with Egg Cheese Sausage,,"english muffin with egg cheese sausage, anda, english muffin with egg cheese sausages, english-muffin-with-egg-cheese-sausage",100,g,100,472,22.1,28.8,29.9,0.3,2.5,11.4,800,269,Meals / Prepared Food,curated,"Pork, Egg, Cheese, Refined Flour (Maida), Yeast, Salt, Water"
38,Bakery,"Breads, Rolls & Flatbreads",Filinchen Gutena,,"filinchen gutena, filinchen gutenas, filinchen-gutena",100,g,100,19,0.4,0.5,0.2,0,0,0.1,0,0,Meals / Prepared Food,curated,"Refined Flour (Maida), Yeast, Salt, Water"
39,Bakery,"Breads, Rolls & Flatbreads",Flour Tortilla,,"flour tortilla, flour tortillas, flour-tortilla",100,g,100,146,3.9,24.1,3.7,1.2,1.3,0.6,400,0,Meals / Prepared Food,curated,"Refined Flour (Maida), Yeast, Salt, Water"
40,Bakery,"Breads, Rolls & Flatbreads",French Roll,,"french roll, french rolls, french-roll",100,g,100,105,3.3,19.1,1.6,1.2,0.1,0.4,200,0,Meals / Prepared Food,curated,"Refined Flour (Maida), Yeast, Salt, Water"
41,Bakery,"Breads, Rolls & Flatbreads",French Toast Sticks,,"french toast sticks, french toast stick, french toast stickses, french-toast-sticks",100,g,100,73,1.3,8.9,3.8,0.3,2.1,0.9,1,0,Meals / Prepared Food,curated,"Refined Flour (Maida), Yeast, Salt, Water"
42,Bakery,"Breads, Rolls & Flatbreads",French Toast Sticks Burger King,,"french toast sticks burger king, french toast sticks burger kings, french-toast-sticks-burger-king",100,g,100,73,1.3,8.7,3.7,0.3,2.1,0.8,14,0,Meals / Prepared Food,curated,"Refined Flour (Maida), Yeast, Salt, Water"
43,Bakery,"Breads, Rolls & Flatbreads",French Toast with Butter,,"french toast with butter, french toast with butters, french-toast-with-butter, makhan",100,g,100,178,5.2,18,9.4,0,0,3.9,300,58,Meals / Prepared Food,curated,"Butter, Refined Flour (Maida), Yeast, Salt, Water"
44,Bakery,"Breads, Rolls & Flatbreads",Frybread,,"frybread, frybreads",100,g,100,502,10.2,73.4,18.6,0,3.1,7,500,11,Meals / Prepared Food,curated,"Refined Flour (Maida), Yeast, Salt, Water"
45,Bakery,"Breads, Rolls & Flatbreads",Garlic Bread,,"garlic bread, garlic breads, garlic-bread, lasan, lehsun",100,g,100,151,3.6,17.9,7.1,1.1,1.6,2.3,200,0,Meals / Prepared Food,curated,"Bread, Garlic, Refined Flour (Maida), Yeast, Salt, Water"
46,Bakery,"Breads, Rolls & Flatbreads",Ham Cheese Roll,,"ham cheese roll, ham cheese rolls, ham-cheese-roll",100,g,100,67,3.8,1.1,5.2,0,0,2,300,16,Meals / Prepared Food,curated,"Pork, Cheese, Ham, Refined Flour (Maida), Yeast, Salt, Water"
47,Bakery,"Breads, Rolls & Flatbreads",High Protein Bread Dr Zaks,,"high protein bread dr zaks, high protein bread dr zak, high protein bread dr zakses, high-protein-bread-dr-zaks",100,g,100,152,0,15.3,3,0,0.6,0.5,0,0,Meals / Prepared Food,curated,"Bread, Refined Flour (Maida), Yeast, Salt, Water"
48,Bakery,"Breads, Rolls & Flatbreads",Hotcakes Mcdonalds,,"hotcakes mcdonalds, hotcakes mcdonald, hotcakes mcdonaldses, hotcakes-mcdonalds",100,g,100,113,3,19,2.9,0.7,4.4,0.6,200,6,Meals / Prepared Food,curated,"Refined Flour (Maida), Yeast, Salt, Water"
49,Bakery,"Breads, Rolls & Flatbreads",Hotdog Roll,,"hotdog roll, hotdog rolls, hotdog-roll",100,g,100,117,4.1,21.1,1.6,0.8,3.1,0.4,200,0,Meals / Prepared Food,curated,"Refined Flour (Maida), Yeast, Salt, Water"
50,Bakery,"Breads, Rolls & Flatbreads",Hushpuppies,,"hushpuppies, hushpuppieses, hushpuppy",100,g,100,512,11.7,69.9,20.5,4.3,3.1,3.2,1000,68,Meals / Prepared Food,curated,"Refined Flour (Maida), Yeast, Salt, Water"
51,Bakery,"Breads, Rolls & Flatbreads",Muffin,,"muffin, muffins",100,g,100,169,3.9,23.6,6.5,1.5,0,1.2,300,22,Meals / Prepared Food,curated,"Refined Flour (Maida), Yeast, Salt, Water"
52,Bakery,"Breads, Rolls & Flatbreads",Nacho Cheese Tortilla Chips,,"nacho cheese tortilla chips, nacho cheese tortilla chip, nacho cheese tortilla chipses, nacho-cheese-tortilla-chips",100,g,100,156,2.2,18.2,8.2,1.5,0.8,1.2,200,0,Meals / Prepared Food,curated,"Cheese, Refined Flour (Maida), Yeast, Salt, Water"
53,Bakery,"Breads, Rolls & Flatbreads",Nacho Cheese Tortilla Chips Low Fat,,"nacho cheese tortilla chips low fat, nacho cheese tortilla chips low fats, nacho-cheese-tortilla-chips-low-fat",100,g,100,90,2.4,18.5,1,1.8,0.8,0.3,200,1,Meals / Prepared Food,curated,"Cheese, Refined Flour (Maida), Yeast, Salt, Water"
54,Bakery,"Breads, Rolls & Flatbreads",Oat Bran Bagel,,"oat bran bagel, jai, oat bran bagels, oat-bran-bagel",100,g,100,176,7.4,36.8,0.8,2.5,1.1,0.1,400,0,Meals / Prepared Food,curated,"Oat Bran, Refined Flour (Maida), Yeast, Salt, Water"
55,Bakery,"Breads, Rolls & Flatbreads",Oat Bran Bread,,"oat bran bread, jai, oat bran breads, oat-bran-bread",100,g,100,71,3.1,11.9,1.3,1.4,2.3,0.2,100,0,Meals / Prepared Food,curated,"Bread, Oat Bran, Refined Flour (Maida), Yeast, Salt, Water"
56,Bakery,"Breads, Rolls & Flatbreads",Oat Bran Bread Toasted,,"oat bran bread toasted, jai, oat-bran-bread-toasted",100,g,100,70,3.1,11.8,1.3,1.3,2.3,0.2,100,0,Meals / Prepared Food,curated,"Bread, Oat Bran, Refined Flour (Maida), Yeast, Salt, Water"
57,Bakery,"Breads, Rolls & Flatbreads",Oat Bran Dinner Roll,,"oat bran dinner roll, jai, oat bran dinner rolls, oat-bran-dinner-roll",100,g,100,78,3.1,13.3,1.5,1.4,2.2,0.2,100,0,Meals / Prepared Food,curated,"Oat Bran, Refined Flour (Maida), Yeast, Salt, Water"
58,Bakery,"Breads, Rolls & Flatbreads",Oat Bran Muffin,,"oat bran muffin, jai, oat bran muffins, oat-bran-muffin",100,g,100,46,1.2,8.2,1.3,0.8,1.4,0.2,67,0,Meals / Prepared Food,curated,"Oat Bran, Refined Flour (Maida), Yeast, Salt, Water"
59,Bakery,"Breads, Rolls & Flatbreads",Oatmeal Bread,,"oatmeal bread, jai, oatmeal breads, oatmeal-bread",100,g,100,73,2.3,13.1,1.2,1.1,2.2,0.2,100,0,Meals / Prepared Food,curated,"Bread, Refined Flour (Maida), Yeast, Salt, Water"
60,Bakery,"Breads, Rolls & Flatbreads",Oatmeal Bread Toasted,,"oatmeal bread toasted, jai, oatmeal-bread-toasted",100,g,100,73,2.3,13.2,1.2,1.1,2.2,0.2,100,0,Meals / Prepared Food,curated,"Bread, Refined Flour (Maida), Yeast, Salt, Water"
61,Bakery,"Breads, Rolls & Flatbreads",Pan Dulce Bread,,"pan dulce bread, pan dulce breads, pan-dulce-bread",100,g,100,231,5.9,35.5,7.3,1.4,7.9,1.4,100,19,Meals / Prepared Food,curated,"Bread, Refined Flour (Maida), Yeast, Salt, Water"
62,Bakery,"Breads, Rolls & Flatbreads",Pancakes,,"pancakes, pancak, pancakeses",100,g,100,86,2.4,10.8,3.7,0,0,0.8,200,22,Meals / Prepared Food,curated,"Refined Flour (Maida), Yeast, Salt, Water"
63,Bakery,"Breads, Rolls & Flatbreads",Pancakes Whole Wheat,,"pancakes whole wheat, gehun, pancakes whole wheats, pancakes-whole-wheat",100,g,100,92,3.7,12.9,2.9,1.2,0,0.8,300,27,Meals / Prepared Food,curated,"Wheat, Refined Flour (Maida), Yeast, Salt, Water"
64,Bakery,"Breads, Rolls & Flatbreads",Pancakes with Butter Syrup,,"pancakes with butter syrup, makhan, pancakes with butter syrups, pancakes-with-butter-syrup",100,g,100,260,4.1,45.4,7,0,0,2.9,600,29,Meals / Prepared Food,curated,"Butter, Refined Flour (Maida), Yeast, Salt, Water"
65,Bakery,"Breads, Rolls & Flatbreads",Piki Bread,,"piki bread, piki breads, piki-bread",100,g,100,109,2.5,20.2,2,2.6,0.4,0.2,28,0,Meals / Prepared Food,curated,"Bread, Refined Flour (Maida), Yeast, Salt, Water"
66,Bakery,"Breads, Rolls & Flatbreads",Pita Bread,,"pita bread, pita breads, pita-bread",100,g,100,165,5.5,33.4,0.7,1.3,0.8,0.1,300,0,Meals / Prepared Food,curated,"Bread, Refined Flour (Maida), Yeast, Salt, Water"
67,Bakery,"Breads, Rolls & Flatbreads",Pita Bread Whole Wheat,,"pita bread whole wheat, gehun, pita bread whole wheats, pita-bread-whole-wheat",100,g,100,74,2.7,15.4,0.7,2.1,0.2,0.1,100,0,Meals / Prepared Food,curated,"Bread, Wheat, Refined Flour (Maida), Yeast, Salt, Water"
68,Bakery,"Breads, Rolls & Flatbreads",Pita Chips,,"pita chips, pita chip, pita chipses, pita-chips",100,g,100,137,3.5,20.5,4.6,1.1,1.4,0.4,300,0,Meals / Prepared Food,curated,"Refined Flour (Maida), Yeast, Salt, Water"
69,Bakery,"Breads, Rolls & Flatbreads",Pork Blade Roll Raw,,"pork blade roll raw, pork-blade-roll-raw",100,g,100,76,4.7,0,6.2,0,0,2.2,400,15,Meals / Prepared Food,curated,"Pork, Refined Flour (Maida), Yeast, Salt, Water"
70,Bakery,"Breads, Rolls & Flatbreads",Pork Egg Roll,,"pork egg roll, anda, pork egg rolls, pork-egg-roll",100,g,100,189,8.4,25.1,6.1,1.8,4.5,1.3,300,12,Meals / Prepared Food,curated,"Pork, Egg, Refined Flour (Maida), Yeast, Salt, Water"
71,Bakery,"Breads, Rolls & Flatbreads",Potato Bread,,"potato bread, aloo, potato breads, potato-bread",100,g,100,85,4,15.1,1,2,3,0,100,0,Meals / Prepared Food,curated,"Potato, Bread, Refined Flour (Maida), Yeast, Salt, Water"
72,Bakery,"Breads, Rolls & Flatbreads",Potato Pancake,,"potato pancake, aloo, potato pancakes, potato-pancake",100,g,100,59,1.3,6.1,3.2,0.7,0.4,0.5,200,21,Meals / Prepared Food,curated,"Potato, Refined Flour (Maida), Yeast, Salt, Water"
73,Bakery,"Breads, Rolls & Flatbreads",Pretzels,,"pretzels, pretzel, pretzelses",100,g,100,115,3,24.1,0.9,1,0.7,0.1,400,0,Meals / Prepared Food,curated,"Refined Flour (Maida), Yeast, Salt, Water"
74,Bakery,"Breads, Rolls & Flatbreads",Protein Bread,,"protein bread, protein breads, protein-bread",100,g,100,47,2.3,8.3,0.4,0.6,0.3,0,8,0,Meals / Prepared Food,curated,"Bread, Refined Flour (Maida), Yeast, Salt, Water"
75,Bakery,"Breads, Rolls & Flatbreads",Protein Bread Toasted,,"protein bread toasted, protein-bread-toasted",100,g,100,46,2.2,8.2,0.4,0.6,0.2,0.1,49,0,Meals / Prepared Food,curated,"Bread, Refined Flour (Maida), Yeast, Salt, Water"
76,Bakery,"Breads, Rolls & Flatbreads",Pumpernickel Bread,,"pumpernickel bread, pumpernickel breads, pumpernickel-bread",100,g,100,65,2.3,12.4,0.8,1.7,0.1,0.1,200,0,Meals / Prepared Food,curated,"Bread, Refined Flour (Maida), Yeast, Salt, Water"
77,Bakery,"Breads, Rolls & Flatbreads",Pumpernickel Bread Toasted,,"pumpernickel bread toasted, pumpernickel-bread-toasted",100,g,100,80,2.8,15.1,1,2.1,0.2,0.1,200,0,Meals / Prepared Food,curated,"Bread, Refined Flour (Maida), Yeast, Salt, Water"
78,Bakery,"Breads, Rolls & Flatbreads",Pumpernickel Roll,,"pumpernickel roll, pumpernickel rolls, pumpernickel-roll",100,g,100,77,3,14.8,0.8,1.5,0.1,0.1,100,0,Meals / Prepared Food,curated,"Refined Flour (Maida), Yeast, Salt, Water"
79,Bakery,"Breads, Rolls & Flatbreads",Raisin Bread,,"raisin bread, kishmish, raisin breads, raisin-bread",100,g,100,88,2.5,16.7,1.4,1.4,1.8,0.3,100,0,Meals / Prepared Food,curated,"Bread, Raisins, Refined Flour (Maida), Yeast, Salt, Water"
80,Bakery,"Breads, Rolls & Flatbreads",Raisin Bread Toasted,,"raisin bread toasted, kishmish, raisin-bread-toasted",100,g,100,86,2.5,16.5,1.4,1.4,1.8,0.3,100,0,Meals / Prepared Food,curated,"Bread, Raisins, Refined Flour (Maida), Yeast, Salt, Water"
81,Bakery,"Breads, Rolls & Flatbreads",Rice Bran Bread,,"rice bran bread, chawal, rice bran breads, rice-bran-bread",100,g,100,66,2.4,11.7,1.2,1.3,1.3,0.2,81,0,Meals / Prepared Food,curated,"Rice, Bread, Rice Bran, Refined Flour (Maida), Yeast, Salt, Water"
82,Bakery,"Breads, Rolls & Flatbreads",Rice Bran Bread Toasted,,"rice bran bread toasted, chawal, rice-bran-bread-toasted",100,g,100,66,2.4,11.8,1.3,1.3,1.3,0.2,26,0,Meals / Prepared Food,curated,"Rice, Bread, Rice Bran, Refined Flour (Maida), Yeast, Salt, Water"
83,Bakery,"Breads, Rolls & Flatbreads",Roggenmischbrot Sonnenblumenkerne Aldi,,"roggenmischbrot sonnenblumenkerne aldi, roggenmischbrot sonnenblumenkerne aldis, roggenmischbrot-sonnenblumenkerne-aldi",100,g,100,82,0,0,3.1,0,0,9.9,0,0,Meals / Prepared Food,curated,"Refined Flour (Maida), Yeast, Salt, Water"
84,Bakery,"Breads, Rolls & Flatbreads",Rye Bread,,"rye bread, rye breads, rye-bread",100,g,100,83,2.7,15.5,1.1,1.9,1.2,0.2,200,0,Meals / Prepared Food,curated,"Bread, Refined Flour (Maida), Yeast, Salt, Water"
85,Bakery,"Breads, Rolls & Flatbreads",Rye Bread Toasted,,"rye bread toasted, rye-bread-toasted",100,g,100,82,2.7,15.4,1,1.9,1.2,0.2,200,0,Meals / Prepared Food,curated,"Bread, Refined Flour (Maida), Yeast, Salt, Water"
86,Bakery,"Breads, Rolls & Flatbreads",Rye Dinner Roll,,"rye dinner roll, rye dinner rolls, rye-dinner-roll",100,g,100,123,4.4,22.8,1.5,2.1,0.5,0.3,300,0,Meals / Prepared Food,curated,"Refined Flour (Maida), Yeast, Salt, Water"
87,Bakery,"Breads, Rolls & Flatbreads",Soft Pretzels,,"soft pretzels, soft pretzel, soft pretzelses, soft-pretzels",100,g,100,389,9.4,79.8,3.6,2,0.3,0.8,900,4,Meals / Prepared Food,curated,"Refined Flour (Maida), Yeast, Salt, Water"
88,Bakery,"Breads, Rolls & Flatbreads",Tortilla,,"tortilla, tortillas",100,g,100,467,14.3,98.4,1.9,4.7,5.4,0.6,900,0,Meals / Prepared Food,curated,"Refined Flour (Maida), Yeast, Salt, Water"
89,Bakery,"Breads, Rolls & Flatbreads",Tortilla Chips,,"tortilla chips, tortilla chip, tortilla chipses, tortilla-chips",100,g,100,142,2.1,20.3,6.2,1.6,0.2,0.8,77,0,Meals / Prepared Food,curated,"Refined Flour (Maida), Yeast, Salt, Water"
90,Bakery,"Breads, Rolls & Flatbreads",Tortilla Chips Low Fat,,"tortilla chips low fat, tortilla chips low fats, tortilla-chips-low-fat",100,g,100,117,3.1,22.6,1.6,1.5,0.2,0.2,100,0,Meals / Prepared Food,curated,"Refined Flour (Maida), Yeast, Salt, Water"
91,Bakery,"Breads, Rolls & Flatbreads",Turkey Roll,,"turkey roll, turkey rolls, turkey-roll",100,g,100,40,4.9,0.6,1.9,0,0,0.6,100,15,Meals / Prepared Food,curated,"Turkey, Refined Flour (Maida), Yeast, Salt, Water"
92,Bakery,"Breads, Rolls & Flatbreads",Vegetable Egg Roll,,"vegetable egg roll, anda, vegetable egg rolls, vegetable-egg-roll",100,g,100,153,5.2,25,3.6,2.2,5.3,0.6,400,0,Meals / Prepared Food,curated,"Egg, Refined Flour (Maida), Yeast, Salt, Water"
93,Bakery,"Breads, Rolls & Flatbreads",Vienna Bread,,"vienna bread, vienna breads, vienna-bread",100,g,100,92,3.8,18.1,0.6,0.8,0.8,0.2,200,0,Meals / Prepared Food,curated,"Bread, Refined Flour (Maida), Yeast, Salt, Water"
94,Bakery,"Breads, Rolls & Flatbreads",Vienna Bread Toasted,,"vienna bread toasted, vienna-bread-toasted",100,g,100,93,3.8,18,0.6,0.9,1,0.1,200,0,Meals / Prepared Food,curated,"Bread, Refined Flour (Maida), Yeast, Salt, Water"
95,Bakery,"Breads, Rolls & Flatbreads",Waffle,,"waffle, waffles",100,g,100,218,5.9,24.7,10.6,0,0,2.1,400,52,Meals / Prepared Food,curated,"Refined Flour (Maida), Yeast, Salt, Water"
96,Bakery,"Breads, Rolls & Flatbreads",Waffle Toasted,,"waffle toasted, waffle-toasted",100,g,100,103,2.4,16.3,3.2,0.8,1.7,0.5,200,5,Meals / Prepared Food,curated,"Refined Flour (Maida), Yeast, Salt, Water"
97,Bakery,"Breads, Rolls & Flatbreads",Warm Cinnamon Roll Mcdonalds,,"warm cinnamon roll mcdonalds, dalchini, warm cinnamon roll mcdonald, warm cinnamon roll mcdonaldses, warm-cinnamon-roll-mcdonalds",100,g,100,113,2,15,5.1,0.5,7,1.3,100,16,Meals / Prepared Food,curated,"Cinnamon, Refined Flour (Maida), Yeast, Salt, Water"
98,Bakery,"Breads, Rolls & Flatbreads",Wheat Bran Bread,,"wheat bran bread, gehun, wheat bran breads, wheat-bran-bread",100,g,100,89,3.2,17.2,1.2,1.4,3.5,0.3,200,0,Meals / Prepared Food,curated,"Bread, Wheat Bran, Wheat, Refined Flour (Maida), Yeast, Salt, Water"
99,Bakery,"Breads, Rolls & Flatbreads",Wheat Bread,,"wheat bread, gehun, wheat breads, wheat-bread",100,g,100,79,3.1,13.8,1.3,1.2,1.7,0.2,100,0,Meals / Prepared Food,curated,"Bread, Wheat, Refined Flour (Maida), Yeast, Salt, Water"
100,Bakery,"Breads, Rolls & Flatbreads",Wheat Bread Toasted,,"wheat bread toasted, gehun, wheat-bread-toasted",100,g,100,75,3.1,13.4,1,1.1,1.5,0.2,100,0,Meals / Prepared Food,curated,"Bread, Wheat, Refined Flour (Maida), Yeast, Salt, Water"
101,Bakery,"Breads, Rolls & Flatbreads",Wheat Germ Bread,,"wheat germ bread, gehun, wheat germ breads, wheat-germ-bread",100,g,100,73,2.7,13.5,0.8,0.6,1,0.2,200,0,Meals / Prepared Food,curated,"Bread, Wheat Germ, Wheat, Refined Flour (Maida), Yeast, Salt, Water"
102,Bakery,"Breads, Rolls & Flatbreads",Wheat Germ Bread Toasted,,"wheat germ bread toasted, gehun, wheat-germ-bread-toasted",100,g,100,73,2.7,13.6,0.8,0.6,1,0.2,200,0,Meals / Prepared Food,curated,"Bread, Wheat Germ, Wheat, Refined Flour (Maida), Yeast, Salt, Water"
103,Bakery,"Breads, Rolls & Flatbreads",White Bread,,"white bread, white breads, white-bread",100,g,100,77,2.6,14.3,1,0.8,1.6,0.2,100,0,Meals / Prepared Food,curated,"Bread, Refined Flour (Maida), Yeast, Salt, Water"
104,Bakery,"Breads, Rolls & Flatbreads",White Bread Toasted,,"white bread toasted, white-bread-toasted",100,g,100,83,2.5,15.4,1.1,0.7,1.3,0.2,200,0,Meals / Prepared Food,curated,"Bread, Refined Flour (Maida), Yeast, Salt, Water"
105,Bakery,"Breads, Rolls & Flatbreads",White Fibre Wonder Bread,,"white fibre wonder bread, white fibre wonder breads, white-fibre-wonder-bread",100,g,100,95,3.5,18,1,1.5,2,0.2,0,0,Meals / Prepared Food,curated,"Bread, Refined Flour (Maida), Yeast, Salt, Water"
106,Bakery,"Breads, Rolls & Flatbreads",Whole Wheat Bread,,"whole wheat bread, gehun, whole wheat breads, whole-wheat-bread",100,g,100,128,3.9,23.6,2.5,2.8,1.8,0.4,200,0,Meals / Prepared Food,curated,"Bread, Wheat, Refined Flour (Maida), Yeast, Salt, Water"
107,Bakery,"Breads, Rolls & Flatbreads",Whole Wheat Bread Natures Own,,"whole wheat bread natures own, gehun, whole wheat bread natures owns, whole-wheat-bread-natures-own",100,g,100,50,0,0,1,0,0,11,0,0,Meals / Prepared Food,curated,"Bread, Wheat, Refined Flour (Maida), Yeast, Salt, Water"
108,Bakery,"Breads, Rolls & Flatbreads",Whole Wheat Bread Toasted,,"whole wheat bread toasted, gehun, whole-wheat-bread-toasted",100,g,100,128,3.9,23.7,2.5,2.8,1.8,0.4,200,0,Meals / Prepared Food,curated,"Bread, Wheat, Refined Flour (Maida), Yeast, Salt, Water"
109,Bakery,"Breads, Rolls & Flatbreads",Wonton Wrappers,,"wonton wrappers, wonton wrapper, wonton wrapperses, wonton-wrappers",100,g,100,93,3.1,18.5,0.5,0.6,0,0,200,3,Meals / Prepared Food,curated,"Refined Flour (Maida), Yeast, Salt, Water"
110,Bakery,Cakes & Pastries,Angel Food Cake,,"angel food cake, angel food cakes, angel-food-cake",100,g,100,72,1.7,16.2,0.2,0.4,0,0.1,200,0,Meals / Prepared Food,curated,"Refined Flour (Maida), Sugar, Butter, Egg"
111,Bakery,Cakes & Pastries,Apple Croissant,,"apple croissant, apple croissants, apple-croissant, seb",100,g,100,145,4.2,21.1,5,1.4,0,2.8,200,18,Meals / Prepared Food,curated,"Apple, Refined Flour (Maida), Sugar, Butter, Egg"
112,Bakery,Cakes & Pastries,Apple Pie,,"apple pie, apple pies, apple-pie, seb",100,g,100,331,3,46.4,15.6,0,0,3.8,300,0,Meals / Prepared Food,curated,"Apple, Refined Flour (Maida), Sugar, Butter, Egg"
113,Bakery,Cakes & Pastries,Baked Apple Pie Mcdonalds,,"baked apple pie mcdonalds, baked apple pie mcdonald, baked apple pie mcdonaldses, baked-apple-pie-mcdonalds, seb",100,g,100,91,0.9,12.3,4.4,0.6,4.9,1.1,76,0,Meals / Prepared Food,curated,"Apple, Refined Flour (Maida), Sugar, Butter, Egg"
114,Bakery,Cakes & Pastries,Blueberry Pie,,"blueberry pie, blueberry pies, blueberry-pie",100,g,100,360,4,49.2,17.5,0,0,4.3,300,0,Meals / Prepared Food,curated,"Blueberries, Refined Flour (Maida), Sugar, Butter, Egg"
115,Bakery,Cakes & Pastries,Brown Rice Cake,,"brown rice cake, brown rice cakes, brown-rice-cake, chawal",100,g,100,35,0.7,7.3,0.3,0.4,0,0.1,24,0,Meals / Prepared Food,curated,"Rice, Brown Rice, Refined Flour (Maida), Sugar, Butter, Egg"
116,Bakery,Cakes & Pastries,Brownie,,"brownie, brownies",100,g,100,243,2.9,38.3,9.8,1.3,22,2.5,200,10,Meals / Prepared Food,curated,"Refined Flour (Maida), Sugar, Butter, Egg"
117,Bakery,Cakes & Pastries,Butter Croissant,,"butter croissant, butter croissants, butter-croissant, makhan",100,g,100,231,4.7,26.1,12,1.5,6.4,6.6,200,38,Meals / Prepared Food,curated,"Butter, Refined Flour (Maida), Sugar, Egg"
118,Bakery,Cakes & Pastries,Cheese Croissant,,"cheese croissant, cheese croissants, cheese-croissant",100,g,100,331,7.4,37.6,16.7,2.1,9.1,8.5,300,46,Meals / Prepared Food,curated,"Cheese, Refined Flour (Maida), Sugar, Butter, Egg"
119,Bakery,Cakes & Pastries,Cheesecake,,"cheesecake, cheesecakes",100,g,100,257,4.4,20.4,18,0.3,17.4,7.9,400,44,Meals / Prepared Food,curated,"Refined Flour (Maida), Sugar, Butter, Egg"
120,Bakery,Cakes & Pastries,Cherry Pie,,"cherry pie, cherry pies, cherry-pie",100,g,100,486,5,69.3,22,0,0,5.4,300,0,Meals / Prepared Food,curated,"Cherries, Refined Flour (Maida), Sugar, Butter, Egg"
121,Bakery,Cakes & Pastries,Chicken Pot Pie,,"chicken pot pie, chicken pot pies, chicken-pot-pie, murgi",100,g,100,598,14.6,57.3,34.6,3,7.2,12.6,1200,51,Meals / Prepared Food,curated,"Chicken, Refined Flour (Maida), Sugar, Butter, Egg"
122,Bakery,Cakes & Pastries,Cinnamon Toaster Pastry,,"cinnamon toaster pastry, cinnamon toaster pastries, cinnamon-toaster-pastry, dalchini",100,g,100,206,2.6,34.1,7.1,0.5,0,1.8,200,0,Meals / Prepared Food,curated,"Cinnamon, Refined Flour (Maida), Sugar, Butter, Egg"
123,Bakery,Cakes & Pastries,Corn Cake,,"corn cake, bhutta, corn cakes, corn-cake, makka",100,g,100,35,0.7,7.5,0.2,0.2,2.1,0,10,0,Meals / Prepared Food,curated,"Corn, Refined Flour (Maida), Sugar, Butter, Egg"
124,Bakery,Cakes & Pastries,Crab Cake,,"crab cake, crab cakes, crab-cake",100,g,100,160,11.3,5.1,10.4,0.2,0,2.2,500,82,Meals / Prepared Food,curated,"Crab, Refined Flour (Maida), Sugar, Butter, Egg"
125,Bakery,Cakes & Pastries,Croissant with Egg Cheese,,"croissant with egg cheese, anda, croissant with egg cheeses, croissant-with-egg-cheese",100,g,100,368,12.8,24.3,24.7,0,0,14.1,600,216,Meals / Prepared Food,curated,"Egg, Cheese, Refined Flour (Maida), Sugar, Butter"
126,Bakery,Cakes & Pastries,Danish Pastry with Cheese,,"danish pastry with cheese, danish pastry with cheeses, danish-pastry-with-cheese",100,g,100,353,5.8,28.7,24.6,0,0,5.1,300,20,Meals / Prepared Food,curated,"Cheese, Refined Flour (Maida), Sugar, Butter, Egg"
127,Bakery,Cakes & Pastries,Danish Pastry with Cinnamon,,"danish pastry with cinnamon, dalchini, danish pastry with cinnamons, danish-pastry-with-cinnamon",100,g,100,349,4.8,46.9,16.7,0,0,3.5,300,27,Meals / Prepared Food,curated,"Cinnamon, Refined Flour (Maida), Sugar, Butter, Egg"
128,Bakery,Cakes & Pastries,Danish Pastry with Fruit,,"danish pastry with fruit, danish pastry with fruits, danish-pastry-with-fruit",100,g,100,335,4.8,45.1,15.9,0,0,3.3,300,19,Meals / Prepared Food,curated,"Refined Flour (Maida), Sugar, Butter, Egg"
129,Bakery,Cakes & Pastries,Danish Pastry with Nuts,,"danish pastry with nuts, danish pastry with nut, danish pastry with nutses, danish-pastry-with-nuts",100,g,100,280,4.6,29.7,16.4,1.3,16.8,3.8,200,30,Meals / Prepared Food,curated,"Refined Flour (Maida), Sugar, Butter, Egg"
130,Bakery,Cakes & Pastries,Donut,,"donut, donuts",100,g,100,192,2.3,22.9,10.3,0.7,0,2.7,200,14,Meals / Prepared Food,curated,"Refined Flour (Maida), Sugar, Butter, Egg"
131,Bakery,Cakes & Pastries,Donut with Cream Filling,,"donut with cream filling, donut with cream fillings, donut-with-cream-filling, malai",100,g,100,307,5.4,25.5,20.8,0.7,12.4,4.6,300,20,Meals / Prepared Food,curated,"Cream, Refined Flour (Maida), Sugar, Butter, Egg"
132,Bakery,Cakes & Pastries,Donut with Jelly Filling,,"donut with jelly filling, donut with jelly fillings, donut-with-jelly-filling",100,g,100,289,5,33.2,15.9,0.8,17.9,4.1,400,22,Meals / Prepared Food,curated,"Refined Flour (Maida), Sugar, Butter, Egg"
133,Bakery,Cakes & Pastries,Dutch Apple Pie,,"dutch apple pie, dutch apple pies, dutch-apple-pie, seb",100,g,100,397,3,61,15.8,2.2,30.2,3.2,300,0,Meals / Prepared Food,curated,"Apple, Refined Flour (Maida), Sugar, Butter, Egg"
134,Bakery,Cakes & Pastries,Eclair,,"eclair, eclairs",100,g,100,234,4.4,11.2,19.2,0.4,2,11.5,100,122,Meals / Prepared Food,curated,"Refined Flour (Maida), Sugar, Butter, Egg"
135,Bakery,Cakes & Pastries,Focaccia,,"focaccia, focaccias",100,g,100,142,5,20.4,4.5,1,1,0.5,300,0,Meals / Prepared Food,curated,"Refined Flour (Maida), Sugar, Butter, Egg"
136,Bakery,Cakes & Pastries,French Cruller Donut,,"french cruller donut, french cruller donuts, french-cruller-donut",100,g,100,169,1.3,24.4,7.5,0.5,14.4,1.9,100,4,Meals / Prepared Food,curated,"Refined Flour (Maida), Sugar, Butter, Egg"
137,Bakery,Cakes & Pastries,Fruit Fried Pie,,"fruit fried pie, fruit fried pies, fruit-fried-pie",100,g,100,404,3.8,54.5,20.6,3.3,27.4,3.1,400,0,Meals / Prepared Food,curated,"Refined Flour (Maida), Sugar, Butter, Egg"
138,Bakery,Cakes & Pastries,Fruit Toaster Pastry,,"fruit toaster pastry, fruit toaster pastries, fruit-toaster-pastry",100,g,100,209,2.4,37.1,5.6,0.5,14.8,1.3,200,0,Meals / Prepared Food,curated,"Refined Flour (Maida), Sugar, Butter, Egg"
139,Bakery,Cakes & Pastries,Fruitcake,,"fruitcake, fruitcakes",100,g,100,139,1.2,26.5,3.9,1.6,11.8,0.5,13,2,Meals / Prepared Food,curated,"Refined Flour (Maida), Sugar, Butter, Egg"
140,Bakery,Cakes & Pastries,Gingerbread,,"gingerbread, adrak, gingerbreads",100,g,100,263,2.9,36.4,12.1,0,0,3.1,200,24,Meals / Prepared Food,curated,"Refined Flour (Maida), Sugar, Butter, Egg"
141,Bakery,Cakes & Pastries,Glazed Donut,,"glazed donut, glazed donuts, glazed-donut",100,g,100,55,0.8,6.2,3,0.3,3,1.2,82,4,Meals / Prepared Food,curated,"Refined Flour (Maida), Sugar, Butter, Egg"
142,Bakery,Cakes & Pastries,Ladyfingers,,"ladyfingers, ladyfinger, ladyfingerses",100,g,100,103,3,16.9,2.6,0.3,7.2,0.9,16,62,Meals / Prepared Food,curated,"Okra (Bhindi), Refined Flour (Maida), Sugar, Butter, Egg"
143,Bakery,Cakes & Pastries,Lemon Meringue Pie,,"lemon meringue pie, lemon meringue pies, lemon-meringue-pie, nimbu",100,g,128.4,293.2,4.3,42.4,12.3,0.2,10.6,4.3,193,71,Meals / Prepared Food,curated,"Lemons, Refined Flour (Maida), Sugar, Butter, Egg"
144,Bakery,Cakes & Pastries,Mince Pie,,"mince pie, mince pies, mince-pie",100,g,100,477,4.3,79.2,17.8,4.3,46.7,4.4,400,0,Meals / Prepared Food,curated,"Refined Flour (Maida), Sugar, Butter, Egg"
145,Bakery,Cakes & Pastries,Peach Pie,,"peach pie, peach pies, peach-pie",100,g,100,262,2.2,38.5,11.7,0.9,19,1.8,300,0,Meals / Prepared Food,curated,"Peach, Refined Flour (Maida), Sugar, Butter, Egg"
146,Bakery,Cakes & Pastries,Pecan Pie,,"pecan pie, pecan pies, pecan-pie",100,g,100,503,6,63.7,27.1,0,0,4.9,300,106,Meals / Prepared Food,curated,"Pecans, Refined Flour (Maida), Sugar, Butter, Egg"
147,Bakery,Cakes & Pastries,Pie Crust,,"pie crust, pie crusts, pie-crust",100,g,100,121,1.5,10.9,8,0.4,0,2,100,0,Meals / Prepared Food,curated,"Refined Flour (Maida), Sugar, Butter, Egg"
148,Bakery,Cakes & Pastries,Pineapple Cake,,"pineapple cake, ananas, pineapple cakes, pineapple-cake",100,g,306.5,281.3,4.5,40.8,11.6,0.8,8.1,4.4,219,59,Meals / Prepared Food,curated,"Pineapple, Refined Flour (Maida), Sugar, Butter, Egg"
149,Bakery,Cakes & Pastries,Popcorn Cake,,"popcorn cake, popcorn cakes, popcorn-cake",100,g,100,38,1,8,0.3,0.3,0,0.1,50,0,Meals / Prepared Food,curated,"Refined Flour (Maida), Sugar, Butter, Egg"
150,Bakery,Cakes & Pastries,Pound Cake,,"pound cake, pound cakes, pound-cake",100,g,100,116,1.7,14.6,6,0.2,0,3.5,100,66,Meals / Prepared Food,curated,"Refined Flour (Maida), Sugar, Butter, Egg"
151,Bakery,Cakes & Pastries,Pound Cake Bread,,"pound cake bread, pound cake breads, pound-cake-bread",100,g,100,215,3.9,28.2,9.6,0.9,10,1.7,200,0,Meals / Prepared Food,curated,"Bread, Refined Flour (Maida), Sugar, Butter, Egg"
152,Bakery,Cakes & Pastries,Pumpkin Pie,,"pumpkin pie, kaddu, kohla, pumpkin pies, pumpkin-pie",100,g,100,316,7,40.9,14.4,0,0,4.9,300,65,Meals / Prepared Food,curated,"Pumpkin, Refined Flour (Maida), Sugar, Butter, Egg"
153,Bakery,Cakes & Pastries,Rice Cracker Cake,,"rice cracker cake, chawal, rice cracker cakes, rice-cracker-cake",100,g,100,111,2,23,1.2,1.2,0.2,0.2,97,0,Meals / Prepared Food,curated,"Rice, Refined Flour (Maida), Sugar, Butter, Egg"
154,Bakery,Cakes & Pastries,Shortcake,,"shortcake, shortcakes",100,g,100,98,1.7,13.7,4,0,0,1.1,100,1,Meals / Prepared Food,curated,"Refined Flour (Maida), Sugar, Butter, Egg"
155,Bakery,Cakes & Pastries,Sponge Cake,,"sponge cake, sponge cakes, sponge-cake",100,g,100,220.4,6.9,40.5,3.7,0.3,13.2,1.1,82,145,Meals / Prepared Food,curated,"Refined Flour (Maida), Sugar, Butter, Egg"
156,Bakery,Cakes & Pastries,Sponge Snack Cake,,"sponge snack cake, sponge snack cakes, sponge-snack-cake",100,g,100,157,1.5,26.9,4.8,0.4,15.7,1.7,200,17,Meals / Prepared Food,curated,"Refined Flour (Maida), Sugar, Butter, Egg"
157,Bakery,Cakes & Pastries,Turkey Pot Pie,,"turkey pot pie, turkey pot pies, turkey-pot-pie",100,g,100,699,25.8,70.3,34.9,4.4,0,11.4,1400,64,Meals / Prepared Food,curated,"Turkey, Refined Flour (Maida), Sugar, Butter, Egg"
158,Bakery,Cakes & Pastries,Vanilla Cream Pie,,"vanilla cream pie, malai, vanilla cream pies, vanilla-cream-pie",100,g,100,350,6,41.1,18.1,0.8,16,5.1,300,78,Meals / Prepared Food,curated,"Cream, Refined Flour (Maida), Sugar, Butter, Egg"
159,Bakery,Cakes & Pastries,Vanilla Wafer Pie Crust,,"vanilla wafer pie crust, vanilla wafer pie crusts, vanilla-wafer-pie-crust",100,g,100,935,6.5,88.4,63.7,0.2,12.9,13.1,900,69,Meals / Prepared Food,curated,"Refined Flour (Maida), Sugar, Butter, Egg"
160,Bakery,Cakes & Pastries,White Cake,,"white cake, white cakes, white-cake",100,g,100,264,4,42.3,9.2,0.6,26.3,2.4,200,2,Meals / Prepared Food,curated,"Refined Flour (Maida), Sugar, Butter, Egg"
161,Bakery,Cakes & Pastries,White Cake with Coconut Frosting,,"white cake with coconut frosting, nariyal, white cake with coconut frostings, white-cake-with-coconut-frosting",100,g,100,399,4.9,70.8,11.5,1.1,64.3,4.4,300,1,Meals / Prepared Food,curated,"Coconut, Refined Flour (Maida), Sugar, Butter, Egg"
162,Bakery,Cakes & Pastries,Yellow Cake,,"yellow cake, yellow cakes, yellow-cake",100,g,100,245,3.6,36,9.9,0.5,0,2.7,200,37,Meals / Prepared Food,curated,"Refined Flour (Maida), Sugar, Butter, Egg"
163,Bakery,Cakes & Pastries,Yellow Cake with Vanilla Frosting,,"yellow cake with vanilla frosting, yellow cake with vanilla frostings, yellow-cake-with-vanilla-frosting",100,g,100,239,2.2,37.6,9.3,0.2,0,1.5,200,35,Meals / Prepared Food,curated,"Refined Flour (Maida), Sugar, Butter, Egg"
164,Bakery,Cakes & Pastries,Zwieback,,"zwieback, zwiebacks",100,g,100,30,0.7,5.2,0.7,0.2,0.9,0.2,50,1,Meals / Prepared Food,curated,"Refined Flour (Maida), Sugar, Butter, Egg"
165,Bakery,Cookies & Biscuits,Biscotti Abbracci Mulino Bianco,,"biscotti abbracci mulino bianco, biscotti abbracci mulino biancos, biscotti-abbracci-mulino-bianco",100,g,100,54,0.4,0.8,2.6,0,0.1,1.6,0,0,Meals / Prepared Food,curated,"Refined Flour (Maida), Sugar, Butter, Egg"
166,Bakery,Cookies & Biscuits,Biscuit,,"biscuit, biscuits",100,g,100,357,7.1,45,16.5,1.5,2.2,4.4,600,3,Meals / Prepared Food,curated,"Refined Flour (Maida), Sugar, Butter, Egg"
167,Bakery,Cookies & Biscuits,Biscuit Kentucky Fried Chicken,,"biscuit kentucky fried chicken, biscuit kentucky fried chickens, biscuit-kentucky-fried-chicken, murgi",100,g,100,185,3.8,22.1,9.1,0.8,1.7,2.2,500,0,Meals / Prepared Food,curated,"Chicken, Refined Flour (Maida), Sugar, Butter, Egg"
168,Bakery,Cookies & Biscuits,Biscuit Large Mcdonalds,,"biscuit large mcdonalds, biscuit large mcdonald, biscuit large mcdonaldses, biscuit-large-mcdonalds",100,g,100,310,5.5,39.4,14.4,1.8,2.7,8.3,900,0,Meals / Prepared Food,curated,"Refined Flour (Maida), Sugar, Butter, Egg"
169,Bakery,Cookies & Biscuits,Biscuit Mcdonalds,,"biscuit mcdonalds, biscuit mcdonald, biscuit mcdonaldses, biscuit-mcdonalds",100,g,100,261,4.7,33.3,12.2,1.5,2.2,7,700,0,Meals / Prepared Food,curated,"Refined Flour (Maida), Sugar, Butter, Egg"
170,Bakery,Cookies & Biscuits,Biscuit with Egg,,"biscuit with egg, anda, biscuit with eggs, biscuit-with-egg",100,g,100,436,17.4,35.4,25.3,0.3,2.5,8.5,1200,241,Meals / Prepared Food,curated,"Egg, Refined Flour (Maida), Sugar, Butter"
171,Bakery,Cookies & Biscuits,Biscuit with Egg Bacon,,"biscuit with egg bacon, anda, biscuit with egg bacons, biscuit-with-egg-bacon",100,g,100,458,17,28.6,31.1,0.8,3.3,8,1300,352,Meals / Prepared Food,curated,"Pork, Egg, Bacon, Refined Flour (Maida), Sugar, Butter"
172,Bakery,Cookies & Biscuits,Biscuit with Egg Cheese Bacon,,"biscuit with egg cheese bacon, anda, biscuit with egg cheese bacons, biscuit-with-egg-cheese-bacon",100,g,100,436,17.4,35.4,25.3,0.3,2.5,8.5,1200,241,Meals / Prepared Food,curated,"Pork, Egg, Cheese, Bacon, Refined Flour (Maida), Sugar, Butter"
173,Bakery,Cookies & Biscuits,Biscuit with Egg Ham,,"biscuit with egg ham, anda, biscuit with egg hams, biscuit-with-egg-ham",100,g,100,442,20.4,31.4,27,0.8,4.2,5.9,1400,300,Meals / Prepared Food,curated,"Pork, Egg, Ham, Refined Flour (Maida), Sugar, Butter"
174,Bakery,Cookies & Biscuits,Biscuit with Egg Sausage,,"biscuit with egg sausage, anda, biscuit with egg sausages, biscuit-with-egg-sausage",100,g,100,505,18,34.1,33.6,0.3,1.5,10.4,1100,261,Meals / Prepared Food,curated,"Pork, Egg, Refined Flour (Maida), Sugar, Butter"
175,Bakery,Cookies & Biscuits,Biscuit with Egg Steak,,"biscuit with egg steak, anda, biscuit with egg steaks, biscuit-with-egg-steak",100,g,100,410,17.9,21.3,28.4,0,0,8.6,900,272,Meals / Prepared Food,curated,"Egg, Refined Flour (Maida), Sugar, Butter"
176,Bakery,Cookies & Biscuits,Biscuit with Ham,,"biscuit with ham, biscuit with hams, biscuit-with-ham",100,g,100,386,13.4,43.8,18.4,0.8,2.2,11.4,1100,25,Meals / Prepared Food,curated,"Pork, Ham, Refined Flour (Maida), Sugar, Butter, Egg"
177,Bakery,Cookies & Biscuits,Biscuit with Sausage,,"biscuit with sausage, biscuit with sausages, biscuit-with-sausage",100,g,100,412,10.7,33.3,27.1,0.4,1.8,8.2,900,31,Meals / Prepared Food,curated,"Pork, Refined Flour (Maida), Sugar, Butter, Egg"
178,Bakery,Cookies & Biscuits,Dar Vida Swiss Original,,"dar vida swiss original, dar vida swiss originals, dar-vida-swiss-original",100,g,100,116,0,0.5,3.1,0,0,0.3,0,0,Meals / Prepared Food,curated,"Refined Flour (Maida), Sugar, Butter, Egg"
179,Bakery,Cookies & Biscuits,Gingersnap Cookies,,"gingersnap cookies, adrak, gingersnap cookieses, gingersnap cooky, gingersnap-cookies",100,g,100,29,0.4,5.4,0.7,0.2,1.4,0.2,12,0,Meals / Prepared Food,curated,"Refined Flour (Maida), Sugar, Butter, Egg"
180,Bakery,Cookies & Biscuits,Keikitos,,"keikitos, keikito, keikitoses",100,g,100,196,2.9,22.3,10.6,0.5,10.8,0,200,0,Meals / Prepared Food,curated,"Refined Flour (Maida), Sugar, Butter, Egg"
181,Bakery,Cookies & Biscuits,Oatmeal Cookies,,"oatmeal cookies, jai, oatmeal cookieses, oatmeal cooky, oatmeal-cookies",100,g,100,113,1.6,17.2,4.5,0.7,6.2,1.1,100,0,Meals / Prepared Food,curated,"Refined Flour (Maida), Sugar, Butter, Egg"
182,Bakery,Cookies & Biscuits,Oatmeal Cookies with Raisins,,"oatmeal cookies with raisins, jai, kishmish, oatmeal cookies with raisin, oatmeal cookies with raisinses, oatmeal-cookies-with-raisins",100,g,100,65,1,10.3,2.4,0,0,0.5,22,5,Meals / Prepared Food,curated,"Raisins, Refined Flour (Maida), Sugar, Butter, Egg"
183,Bakery,Cookies & Biscuits,Peanut Butter Cookie Protein Syntha 6,,"peanut butter cookie protein syntha 6, moongphali, mungfali, peanut butter cookie protein syntha 6s, peanut-butter-cookie-protein-syntha-6",100,g,100,200,0,5,6,0,0,15,0,0,Meals / Prepared Food,curated,"Butter, Peanut Butter, Peanuts, Refined Flour (Maida), Sugar, Egg"
184,Bakery,Cookies & Biscuits,Peanut Butter Cookies,,"peanut butter cookies, moongphali, mungfali, peanut butter cookieses, peanut butter cooky, peanut-butter-cookies",100,g,100,95,1.8,11.8,4.8,0,0,0.9,100,6,Meals / Prepared Food,curated,"Butter, Peanut Butter, Peanuts, Refined Flour (Maida), Sugar, Egg"
185,Bakery,Cookies & Biscuits,Peanut Butter Sandwich Cookies,,"peanut butter sandwich cookies, makhan, moongphali, mungfali, peanut butter sandwich cookieses, peanut butter sandwich cooky, peanut-butter-sandwich-cookies",100,g,100,67,1.2,9.2,3,0.3,5,0.7,98,0,Meals / Prepared Food,curated,"Butter, Peanut Butter, Peanuts, Refined Flour (Maida), Sugar, Egg"
186,Bakery,Cookies & Biscuits,Pecan Shortbread Cookies,,"pecan shortbread cookies, pecan shortbread cookieses, pecan shortbread cooky, pecan-shortbread-cookies",100,g,100,76,0.7,8.2,4.6,0.3,0,1.1,2,5,Meals / Prepared Food,curated,"Pecans, Refined Flour (Maida), Sugar, Butter, Egg"
187,Bakery,Cookies & Biscuits,Raisin Cookies,,"raisin cookies, kishmish, raisin cookieses, raisin cooky, raisin-cookies",100,g,100,60,0.6,10.2,2,0.2,7.1,0.5,77,0,Meals / Prepared Food,curated,"Raisins, Refined Flour (Maida), Sugar, Butter, Egg"
188,Bakery,Cookies & Biscuits,Sausage Biscuit Mcdonalds,,"sausage biscuit mcdonalds, sausage biscuit mcdonald, sausage biscuit mcdonaldses, sausage-biscuit-mcdonalds",100,g,100,440,11.3,31.8,29.7,1.4,2.3,12.5,1000,34,Meals / Prepared Food,curated,"Pork, Refined Flour (Maida), Sugar, Butter, Egg"
189,Bakery,Cookies & Biscuits,Shortbread Cookies,,"shortbread cookies, shortbread cookieses, shortbread cooky, shortbread-cookies",100,g,100,40,0.5,5.2,1.9,0.1,1.2,0.5,97,2,Meals / Prepared Food,curated,"Refined Flour (Maida), Sugar, Butter, Egg"
190,Bakery,Cookies & Biscuits,Vanilla Sandwich Cookie,,"vanilla sandwich cookie, vanilla sandwich cookies, vanilla-sandwich-cookie",100,g,100,72,0.7,10.8,3,0.2,5.9,0.4,44,0,Meals / Prepared Food,curated,"Refined Flour (Maida), Sugar, Butter, Egg"
191,Bakery,Cookies & Biscuits,Vanilla Wafers,,"vanilla wafers, vanilla wafer, vanilla waferses, vanilla-wafers",100,g,100,28,0.3,4.3,1.2,0.1,0,0.3,45,0,Meals / Prepared Food,curated,"Refined Flour (Maida), Sugar, Butter, Egg"
192,Bakery,Cookies & Biscuits,Vanilla Wafers Low Fat,,"vanilla wafers low fat, vanilla wafers low fats, vanilla-wafers-low-fat",100,g,100,353,4,58.9,12.2,1.5,30,3.1,300,41,Meals / Prepared Food,curated,"Refined Flour (Maida), Sugar, Butter, Egg"
193,Condiments & Sauces,Dressings,Bacon Tomato Dressing,,"bacon tomato dressing, bacon tomato dressings, bacon-tomato-dressing, tamatar",100,g,100,49,0.3,0.3,5.3,0,0.3,0.8,100,1,Meals / Prepared Food,curated,"Pork, Tomato, Bacon, Vinegar/Lemon Juice, Salt, Spices"
194,Condiments & Sauces,Dressings,Blue Cheese Dressing,,"blue cheese dressing, blue cheese dressings, blue-cheese-dressing",100,g,100,71,0.2,0.7,7.7,0,0.5,1.2,200,5,Meals / Prepared Food,curated,"Cheese, Blue Cheese, Vinegar/Lemon Juice, Salt, Spices"
195,Condiments & Sauces,Dressings,Blue Cheese Dressing Light,,"blue cheese dressing light, blue cheese dressing lights, blue-cheese-dressing-light",100,g,100,14,0.3,2.1,0.4,0,0.6,0.1,200,2,Meals / Prepared Food,curated,"Cheese, Blue Cheese, Vinegar/Lemon Juice, Salt, Spices"
196,Condiments & Sauces,Dressings,Buttermilk Dressing Light,,"buttermilk dressing light, buttermilk dressing lights, buttermilk-dressing-light, chaas, lassi",100,g,100,30,0.2,3.2,1.9,0.2,0.6,0.2,200,2,Meals / Prepared Food,curated,"Vinegar/Lemon Juice, Salt, Spices"
197,Condiments & Sauces,Dressings,Caesar Dressing,,"caesar dressing, caesar dressings, caesar-dressing",100,g,100,80,0.3,0.5,8.5,0,0.4,1.3,200,6,Meals / Prepared Food,curated,"Vinegar/Lemon Juice, Salt, Spices"
198,Condiments & Sauces,Dressings,Caesar Dressing Low Calorie,,"caesar dressing low calorie, caesar dressing low calories, caesar-dressing-low-calorie",100,g,100,17,0,2.8,0.7,0.1,2.4,0.1,200,0,Meals / Prepared Food,curated,"Vinegar/Lemon Juice, Salt, Spices"
199,Condiments & Sauces,Dressings,French Dressing,,"french dressing, french dressings, french-dressing",100,g,150.6,403.4,0.2,3.1,43.4,0.1,2.8,6.1,181,0,Meals / Prepared Food,curated,"Vinegar/Lemon Juice, Salt, Spices"
200,Condiments & Sauces,Dressings,French Dressing Fat Free,,"french dressing fat free, french dressing fat frees, french-dressing-fat-free",100,g,100,21,0,5.1,0,0.4,2.6,0.1,100,0,Meals / Prepared Food,curated,"Vinegar/Lemon Juice, Salt, Spices"
201,Condiments & Sauces,Dressings,French Dressing Reduced Fat,,"french dressing reduced fat, french dressing reduced fats, french-dressing-reduced-fat",100,g,100,37,0.1,4.7,2.2,0.2,4.6,0.2,72,0,Meals / Prepared Food,curated,"Vinegar/Lemon Juice, Salt, Spices"
202,Condiments & Sauces,Dressings,Green Goddess Dressing,,"green goddess dressing, green goddess dressings, green-goddess-dressing",100,g,100,64,0.3,1.1,6.5,0.1,1,0.9,100,6,Meals / Prepared Food,curated,"Vinegar/Lemon Juice, Salt, Spices"
203,Condiments & Sauces,Dressings,Italian Dressing,,"italian dressing, italian dressings, italian-dressing",100,g,100,35,0,1.8,3.1,0,1.6,0.4,100,0,Meals / Prepared Food,curated,"Vinegar/Lemon Juice, Salt, Spices"
204,Condiments & Sauces,Dressings,Italian Dressing Fat Free,,"italian dressing fat free, italian dressing fat frees, italian-dressing-fat-free",100,g,100,7,0.1,1.2,0.1,0.1,1.2,0.1,200,0,Meals / Prepared Food,curated,"Vinegar/Lemon Juice, Salt, Spices"
205,Condiments & Sauces,Dressings,Mayonnaise Dressing,,"mayonnaise dressing, mayonnaise dressings, mayonnaise-dressing",100,g,100,103,0,0.1,11.7,0,0.1,1.6,81,0,Meals / Prepared Food,curated,"Vinegar/Lemon Juice, Salt, Spices"
206,Condiments & Sauces,Dressings,Mayonnaise Hellmanns,,"mayonnaise hellmanns, mayonnaise hellmann, mayonnaise hellmannses, mayonnaise-hellmanns",100,g,100,15,0,0.1,1.7,0,0.2,0.9,0,0,Meals / Prepared Food,curated,"Vinegar/Lemon Juice, Salt, Spices"
207,Condiments & Sauces,Dressings,Mayonnaise Imitation Fat Free,,"mayonnaise imitation fat free, mayonnaise imitation fat frees, mayonnaise-imitation-fat-free",100,g,100,13,0,2.5,0.4,0.3,1.6,0,100,1,Meals / Prepared Food,curated,"Vinegar/Lemon Juice, Salt, Spices"
208,Condiments & Sauces,Dressings,Mayonnaise Light,,"mayonnaise light, mayonnaise lights, mayonnaise-light",100,g,100,36,0,1.4,3.3,0,0.5,0.5,100,2,Meals / Prepared Food,curated,"Vinegar/Lemon Juice, Salt, Spices"
209,Condiments & Sauces,Dressings,Peppercorn Dressing,,"peppercorn dressing, peppercorn dressings, peppercorn-dressing",100,g,100,76,0.2,0.5,8.2,0,0.3,1.4,100,7,Meals / Prepared Food,curated,"Vinegar/Lemon Juice, Salt, Spices"
210,Condiments & Sauces,Dressings,Poppyseed Dressing,,"poppyseed dressing, poppyseed dressings, poppyseed-dressing",100,g,100,66,0.2,4,5.5,0,3.9,1,100,2,Meals / Prepared Food,curated,"Vinegar/Lemon Juice, Salt, Spices"
211,Condiments & Sauces,Dressings,Ranch Dressing,,"ranch dressing, ranch dressings, ranch-dressing",100,g,100,65,0.2,0.9,6.7,0,0.7,1,100,4,Meals / Prepared Food,curated,"Vinegar/Lemon Juice, Salt, Spices"
212,Condiments & Sauces,Dressings,Ranch Dressing Fat Free,,"ranch dressing fat free, ranch dressing fat frees, ranch-dressing-fat-free",100,g,100,17,0,3.7,0.3,0.1,0.7,0,100,1,Meals / Prepared Food,curated,"Vinegar/Lemon Juice, Salt, Spices"
213,Condiments & Sauces,Dressings,Ranch Dressing Reduced Fat,,"ranch dressing reduced fat, ranch dressing reduced fats, ranch-dressing-reduced-fat",100,g,100,29,0.2,3.2,1.9,0.2,0.6,0.2,200,2,Meals / Prepared Food,curated,"Vinegar/Lemon Juice, Salt, Spices"
214,Condiments & Sauces,Dressings,Roquefort Cheese Dressing,,"roquefort cheese dressing, roquefort cheese dressings, roquefort-cheese-dressing",100,g,100,15,0.8,0.4,1.1,0,0.4,0.4,100,0,Meals / Prepared Food,curated,"Cheese, Roquefort Cheese, Vinegar/Lemon Juice, Salt, Spices"
215,Condiments & Sauces,Dressings,Sour Dressing,,"sour dressing, sour dressings, sour-dressing",100,g,100,21,0.4,0.6,2,0,0.6,1.6,94,1,Meals / Prepared Food,curated,"Vinegar/Lemon Juice, Salt, Spices"
216,Condiments & Sauces,Dressings,Spray Dressing,,"spray dressing, spray dressings, spray-dressing",100,g,100,13,0.1,1.3,0.9,0.1,1.1,0.1,12,0,Meals / Prepared Food,curated,"Vinegar/Lemon Juice, Salt, Spices"
217,Condiments & Sauces,Dressings,Sweet Sour Dressing,,"sweet sour dressing, sweet sour dressings, sweet-sour-dressing",100,g,100,2,0.1,0.6,0,0,0.6,0,65,0,Meals / Prepared Food,curated,"Vinegar/Lemon Juice, Salt, Spices"
218,Condiments & Sauces,Dressings,Vinegar Oil Dressing,,"vinegar oil dressing, vinegar oil dressings, vinegar-oil-dressing",100,g,100,72,0,0.4,8,0,0.4,1.5,76,0,Meals / Prepared Food,curated,"Vinegar/Lemon Juice, Salt, Spices"
219,Condiments & Sauces,"Pickles, Chutneys & Preserves",Apricot Jam,,"apricot jam, apricot jams, apricot-jam, khubani",100,g,100,48,0.1,12.9,0,0,8.7,0,4,0,Meals / Prepared Food,curated,"Apricot, Vinegar/Lemon Juice, Salt, Spices"
220,Condiments & Sauces,"Pickles, Chutneys & Preserves",Capers Canned,,"capers canned, capers-canned",100,g,100,2,0.2,0.4,0.1,0.3,0,0,200,0,Meals / Prepared Food,curated,"Vinegar/Lemon Juice, Salt, Spices"
221,Condiments & Sauces,"Pickles, Chutneys & Preserves",Chowchow Pickles,,"chowchow pickles, chowchow pickl, chowchow pickleses, chowchow-pickles",100,g,100,296,3.7,65.3,2.2,3.7,58.5,0.4,1300,0,Meals / Prepared Food,curated,"Vinegar/Lemon Juice, Salt, Spices"
222,Condiments & Sauces,"Pickles, Chutneys & Preserves",Dill Pickled Cucumber,,"dill pickled cucumber, dill pickled cucumbers, dill-pickled-cucumber, kheera",100,g,100,17,0.9,3.7,0.2,1.6,1.9,0.1,1300,0,Meals / Prepared Food,curated,"Cucumber, Vinegar/Lemon Juice, Salt, Spices"
223,Condiments & Sauces,"Pickles, Chutneys & Preserves",Fruit Jam,,"fruit jam, fruit jams, fruit-jam",100,g,100,56,0,13.8,0.1,0.2,9.7,0,52,0,Meals / Prepared Food,curated,"Vinegar/Lemon Juice, Salt, Spices"
224,Condiments & Sauces,"Pickles, Chutneys & Preserves",Green Olives Pickled,,"green olives pickled, green olives pickleds, green-olives-pickled",100,g,100,4,0.1,0.1,0.4,0.1,0.1,0.1,100,0,Meals / Prepared Food,curated,"Vinegar/Lemon Juice, Salt, Spices"
225,Condiments & Sauces,"Pickles, Chutneys & Preserves",Jellies,,"jellies, jellieses, jelly",100,g,100,56,0,14.7,0.1,0.2,10.8,0,16,0,Meals / Prepared Food,curated,"Vinegar/Lemon Juice, Salt, Spices"
226,Condiments & Sauces,"Pickles, Chutneys & Preserves",Olives,,"olives, oliv, oliveses",100,g,100,10,0.1,0.5,0.9,0.1,0,0.2,1,0,Meals / Prepared Food,curated,"Vinegar/Lemon Juice, Salt, Spices"
227,Condiments & Sauces,"Pickles, Chutneys & Preserves",Pickle Pimiento Loaf,,"pickle pimiento loaf, pickle pimiento loafs, pickle-pimiento-loaf",100,g,100,86,4.3,3.2,6.1,0.6,3.2,2,400,22,Meals / Prepared Food,curated,"Vinegar/Lemon Juice, Salt, Spices"
228,Condiments & Sauces,"Pickles, Chutneys & Preserves",Pickle Relish,,"pickle relish, pickle relishes, pickle-relish",100,g,100,20,0.1,5.3,0.1,0.2,4.4,0.1,100,0,Meals / Prepared Food,curated,"Vinegar/Lemon Juice, Salt, Spices"
229,Condiments & Sauces,"Pickles, Chutneys & Preserves",Pickled Pork Hocks,,"pickled pork hocks, pickled pork hock, pickled pork hockses, pickled-pork-hocks",100,g,100,48,5.4,0,3,0,0,0.9,300,25,Meals / Prepared Food,curated,"Pork, Vinegar/Lemon Juice, Salt, Spices"
230,Condiments & Sauces,"Pickles, Chutneys & Preserves",Pork Feet Pickled,,"pork feet pickled, pork feet pickleds, pork-feet-pickled",100,g,100,635,52.8,0,45.5,0,0,13.4,4300,376,Meals / Prepared Food,curated,"Pork, Pork Feet, Vinegar/Lemon Juice, Salt, Spices"
231,Condiments & Sauces,"Pickles, Chutneys & Preserves",Radish Pickled,,"radish pickled, mooli, radish pickleds, radish-pickled",100,g,100,42,1.7,7.8,0.5,3.3,3,0.1,1200,0,Meals / Prepared Food,curated,"Radish, Vinegar/Lemon Juice, Salt, Spices"
232,Condiments & Sauces,"Pickles, Chutneys & Preserves",Sauerkraut Canned,,"sauerkraut canned, sauerkraut-canned",100,g,100,27,1.3,6.1,0.2,4.1,2.5,0,900,0,Meals / Prepared Food,curated,"Vinegar/Lemon Juice, Salt, Spices"
233,Condiments & Sauces,"Pickles, Chutneys & Preserves",Sour Pickles,,"sour pickles, sour pickl, sour pickleses, sour-pickles",100,g,100,17,0.5,3.5,0.3,1.9,1.6,0.1,1900,0,Meals / Prepared Food,curated,"Vinegar/Lemon Juice, Salt, Spices"
234,Condiments & Sauces,"Pickles, Chutneys & Preserves",Sweet Pickles,,"sweet pickles, sweet pickl, sweet pickleses, sweet-pickles",100,g,100,146,0.9,33.8,0.7,1.6,29.2,0.1,700,0,Meals / Prepared Food,curated,"Vinegar/Lemon Juice, Salt, Spices"
235,Condiments & Sauces,Sauces & Gravies,Adobo Fresco,,"adobo fresco, adobo frescos, adobo-fresco",100,g,100,780,5.8,53.6,60.2,3.7,5.8,8.4,20000,0,Meals / Prepared Food,curated,"Vinegar/Lemon Juice, Salt, Spices"
236,Condiments & Sauces,Sauces & Gravies,Au Jus,,"au jus, au ju, au juses, au-jus",100,g,100,38,2.8,5.9,0.5,0,0,0.2,1100,0,Meals / Prepared Food,curated,"Vinegar/Lemon Juice, Salt, Spices"
237,Condiments & Sauces,Sauces & Gravies,Baked Potato with Cheese Sauce,,"baked potato with cheese sauce, aloo, baked potato with cheese sauces, baked-potato-with-cheese-sauce",100,g,100,474,14.6,46.5,28.7,0,0,10.6,400,18,Meals / Prepared Food,curated,"Potato, Cheese, Vinegar/Lemon Juice, Salt, Spices"
238,Condiments & Sauces,Sauces & Gravies,Baked Potato with Cheese Sauce Bacon,,"baked potato with cheese sauce bacon, aloo, baked potato with cheese sauce bacons, baked-potato-with-cheese-sauce-bacon",100,g,100,451,18.4,44.4,25.9,0,0,10.1,1000,30,Meals / Prepared Food,curated,"Pork, Potato, Cheese, Bacon, Vinegar/Lemon Juice, Salt, Spices"
239,Condiments & Sauces,Sauces & Gravies,Barbecue Sauce,,"barbecue sauce, barbecue sauces, barbecue-sauce",100,g,100,29,0.1,6.9,0.1,0.2,5.7,0,200,0,Meals / Prepared Food,curated,"Vinegar/Lemon Juice, Salt, Spices"
240,Condiments & Sauces,Sauces & Gravies,Barbecue Sauce Bulls Eye,,"barbecue sauce bulls eye, barbecue sauce bulls eyes, barbecue-sauce-bulls-eye",100,g,100,27,0.1,6.4,0.1,0.2,5.6,0,200,0,Meals / Prepared Food,curated,"Vinegar/Lemon Juice, Salt, Spices"
241,Condiments & Sauces,Sauces & Gravies,Barbecue Sauce Kraft,,"barbecue sauce kraft, barbecue sauce krafts, barbecue-sauce-kraft",100,g,100,28,0.1,6.5,0.1,0,5.2,0,200,0,Meals / Prepared Food,curated,"Vinegar/Lemon Juice, Salt, Spices"
242,Condiments & Sauces,Sauces & Gravies,Barbecue Sauce Mcdonalds,,"barbecue sauce mcdonalds, barbecue sauce mcdonald, barbecue sauce mcdonaldses, barbecue-sauce-mcdonalds",100,g,100,46,0.4,10.3,0.3,0.4,9.6,0.1,300,0,Meals / Prepared Food,curated,"Vinegar/Lemon Juice, Salt, Spices"
243,Condiments & Sauces,Sauces & Gravies,Beef Gravy,,"beef gravy, beef gravies, beef-gravy",100,g,100,123,8.7,11.2,5.5,0.9,0.5,2.7,1500,7,Meals / Prepared Food,curated,"Beef, Vinegar/Lemon Juice, Salt, Spices"
244,Condiments & Sauces,Sauces & Gravies,Beef Gravy Instant,,"beef gravy instant, beef gravy instants, beef-gravy-instant",100,g,100,25,0.7,4.1,0.6,0.3,1.6,0.3,300,1,Meals / Prepared Food,curated,"Beef, Vinegar/Lemon Juice, Salt, Spices"
245,Condiments & Sauces,Sauces & Gravies,Brown Gravy Dry,,"brown gravy dry, brown gravy dries, brown-gravy-dry",100,g,100,22,0.6,3.6,0.6,0.1,0,0.2,300,0,Meals / Prepared Food,curated,"Vinegar/Lemon Juice, Salt, Spices"
246,Condiments & Sauces,Sauces & Gravies,Brown Gravy Instant,,"brown gravy instant, brown gravy instants, brown-gravy-instant",100,g,100,25,0.6,4,0.8,0.2,0.6,0.4,300,1,Meals / Prepared Food,curated,"Vinegar/Lemon Juice, Salt, Spices"
247,Condiments & Sauces,Sauces & Gravies,Catsup,,"catsup, catsups",100,g,100,19,0.2,4.5,0.1,0.1,3.7,0,200,0,Meals / Prepared Food,curated,"Vinegar/Lemon Juice, Salt, Spices"
248,Condiments & Sauces,Sauces & Gravies,Cheese Sauce,,"cheese sauce, cheese sauces, cheese-sauce",100,g,100,112.4,4.6,3.9,8.7,0.1,2.3,5.3,160,23,Meals / Prepared Food,curated,"Cheese, Vinegar/Lemon Juice, Salt, Spices"
249,Condiments & Sauces,Sauces & Gravies,Chicken Gravy,,"chicken gravy, chicken gravies, chicken-gravy, murgi",100,g,100,188,4.6,12.9,13.6,1,1.9,3.4,1000,5,Meals / Prepared Food,curated,"Chicken, Vinegar/Lemon Juice, Salt, Spices"
250,Condiments & Sauces,Sauces & Gravies,Chili Pepper Sauce Green,,"chili pepper sauce green, chili pepper sauce greens, chili-pepper-sauce-green, hari mirch, mirch",100,g,100,3,0.1,0.8,0,0.3,0.4,0,30,0,Meals / Prepared Food,curated,"Chili Peppers, Vinegar/Lemon Juice, Salt, Spices"
251,Condiments & Sauces,Sauces & Gravies,Chili Pepper Sauce Red,,"chili pepper sauce red, chili pepper sauce reds, chili-pepper-sauce-red, hari mirch, mirch",100,g,100,3,0.1,0.6,0.1,0.1,0.4,0.1,3,0,Meals / Prepared Food,curated,"Chili Peppers, Vinegar/Lemon Juice, Salt, Spices"
252,Condiments & Sauces,Sauces & Gravies,Cocktail Sauce,,"cocktail sauce, cocktail sauces, cocktail-sauce",100,g,100,19,0.2,4.2,0.2,0.3,1.8,0,200,0,Meals / Prepared Food,curated,"Vinegar/Lemon Juice, Salt, Spices"
253,Condiments & Sauces,Sauces & Gravies,Creamy Ranch Sauce Mcdonalds,,"creamy ranch sauce mcdonalds, creamy ranch sauce mcdonald, creamy ranch sauce mcdonaldses, creamy-ranch-sauce-mcdonalds",100,g,100,132,0.3,1,14.7,0,1,2.2,200,6,Meals / Prepared Food,curated,"Vinegar/Lemon Juice, Salt, Spices"
254,Condiments & Sauces,Sauces & Gravies,Duck Sauce,,"duck sauce, duck sauces, duck-sauce",100,g,100,80,0.1,19.7,0.1,0.2,9.9,0,100,0,Meals / Prepared Food,curated,"Vinegar/Lemon Juice, Salt, Spices"
255,Condiments & Sauces,Sauces & Gravies,Fish Sauce,,"fish sauce, fish sauces, fish-sauce, machli",100,g,100,6,0.9,0.7,0,0,0.7,0.1,1400,0,Meals / Prepared Food,curated,"Fish, Vinegar/Lemon Juice, Salt, Spices"
256,Condiments & Sauces,Sauces & Gravies,Gravy Dry,,"gravy dry, gravy dries, gravy-dry",100,g,100,86,3.3,14.5,2,0,0,0.7,1400,1,Meals / Prepared Food,curated,"Vinegar/Lemon Juice, Salt, Spices"
257,Condiments & Sauces,Sauces & Gravies,Guava Sauce Cooked,,"guava sauce cooked, amrud, guava-sauce-cooked",100,g,100,86,0.8,22.6,0.3,8.6,14,0,17,0,Meals / Prepared Food,curated,"Guava, Vinegar/Lemon Juice, Salt, Spices"
258,Condiments & Sauces,Sauces & Gravies,Hoisin Sauce,,"hoisin sauce, hoisin sauces, hoisin-sauce",100,g,100,35,0.5,7.1,0.5,0.4,4.4,0,300,0,Meals / Prepared Food,curated,"Vinegar/Lemon Juice, Salt, Spices"
259,Condiments & Sauces,Sauces & Gravies,Marinara Pasta Sauce,,"marinara pasta sauce, marinara pasta sauces, marinara-pasta-sauce",100,g,100,129,3.7,19.9,3.9,4.8,14.5,0.4,1100,5,Meals / Prepared Food,curated,"Pasta, Vinegar/Lemon Juice, Salt, Spices"
260,Condiments & Sauces,Sauces & Gravies,Mushroom Gravy,,"mushroom gravy, khumb, mushroom gravies, mushroom-gravy",100,g,100,119,3,13,6.4,1,0,1,1400,0,Meals / Prepared Food,curated,"Mushroom, Mushrooms, Vinegar/Lemon Juice, Salt, Spices"
261,Condiments & Sauces,Sauces & Gravies,Mustard,,"mustard, mustards",100,g,100,3,0.2,0.3,0.2,0.2,0,0,15,0,Meals / Prepared Food,curated,"Vinegar/Lemon Juice, Salt, Spices"
262,Condiments & Sauces,Sauces & Gravies,Mustard Cabbage,,"mustard cabbage, band gobi, mustard cabbages, mustard-cabbage, patta gobi",100,g,100,36,1.4,7.2,0.1,4,1.8,0,900,0,Meals / Prepared Food,curated,"Cauliflower, Cabbage, Vinegar/Lemon Juice, Salt, Spices"
263,Condiments & Sauces,Sauces & Gravies,Mustard Greens Cooked,,"mustard greens cooked, mustard-greens-cooked",100,g,100,36,3.6,6.3,0.7,2.8,2,0.1,400,0,Meals / Prepared Food,curated,"Vinegar/Lemon Juice, Salt, Spices"
264,Condiments & Sauces,Sauces & Gravies,Mustard Greens Raw,,"mustard greens raw, mustard-greens-raw",100,g,100,15,1.6,2.6,0.2,1.8,0.7,0.1,4,0,Meals / Prepared Food,curated,"Vinegar/Lemon Juice, Salt, Spices"
265,Condiments & Sauces,Sauces & Gravies,Mustard Oil,,"mustard oil, mustard oils, mustard-oil, sarson ka tel",100,g,100,124,0,0,14,0,0,1.6,0,0,Meals / Prepared Food,curated,"Vinegar/Lemon Juice, Salt, Spices"
266,Condiments & Sauces,Sauces & Gravies,Mustard Seeds Ground,,"mustard seeds ground, mustard seeds grounds, mustard-seeds-ground, rai, sarson",100,g,100,10,0.5,0.6,0.7,0.2,0.1,0,17,0,Meals / Prepared Food,curated,"Vinegar/Lemon Juice, Salt, Spices"
267,Condiments & Sauces,Sauces & Gravies,Mustard Spinach Cooked,,"mustard spinach cooked, mustard-spinach-cooked, palak",100,g,100,29,3.1,5,0.4,3.6,0,0,500,0,Meals / Prepared Food,curated,"Spinach, Vinegar/Lemon Juice, Salt, Spices"
268,Condiments & Sauces,Sauces & Gravies,Mustard Spinach Raw,,"mustard spinach raw, mustard-spinach-raw, palak",100,g,100,33,3.3,5.9,0.5,4.2,0,0.1,25,0,Meals / Prepared Food,curated,"Spinach, Vinegar/Lemon Juice, Salt, Spices"
269,Condiments & Sauces,Sauces & Gravies,Onion Gravy Dry,,"onion gravy dry, onion gravy dries, onion-gravy-dry, pyaaz, pyaz",100,g,100,77,2.2,16.2,0.7,1.4,0,0.4,1000,0,Meals / Prepared Food,curated,"Onion, Vinegar/Lemon Juice, Salt, Spices"
270,Condiments & Sauces,Sauces & Gravies,Oyster Sauce,,"oyster sauce, oyster sauces, oyster-sauce",100,g,100,9,0.2,2,0.1,0,0,0,500,0,Meals / Prepared Food,curated,"Oyster, Vinegar/Lemon Juice, Salt, Spices"
271,Condiments & Sauces,Sauces & Gravies,Pasta Marinara and Ground Beef Sauce,,"pasta marinara and ground beef sauce, pasta marinara and ground beef sauces, pasta-marinara-and-ground-beef-sauce",100,g,100,41,2.5,4.1,1.6,0.5,1,0.5,0,0,Meals / Prepared Food,curated,"Beef, Pasta, Vinegar/Lemon Juice, Salt, Spices"
272,Condiments & Sauces,Sauces & Gravies,Pasta with Meatballs in Tomato Sauce,,"pasta with meatballs in tomato sauce, pasta with meatballs in tomato sauces, pasta-with-meatballs-in-tomato-sauce, tamatar",100,g,100,273,10.6,28.3,13,6.9,7.2,5,700,23,Meals / Prepared Food,curated,"Tomato, Pasta, Vinegar/Lemon Juice, Salt, Spices"
273,Condiments & Sauces,Sauces & Gravies,Pasta with Sliced Franks in Tomato Sauce,,"pasta with sliced franks in tomato sauce, pasta with sliced franks in tomato sauces, pasta-with-sliced-franks-in-tomato-sauce, tamatar",100,g,100,227,11,32,6,4,8,2.5,700,23,Meals / Prepared Food,curated,"Tomato, Pasta, Vinegar/Lemon Juice, Salt, Spices"
274,Condiments & Sauces,Sauces & Gravies,Pasta with Tomato Sauce,,"pasta with tomato sauce, pasta with tomato sauces, pasta-with-tomato-sauce, tamatar",100,g,100,176,5.6,35.1,1.8,2.3,10.1,0.4,1000,15,Meals / Prepared Food,curated,"Tomato, Pasta, Vinegar/Lemon Juice, Salt, Spices"
275,Condiments & Sauces,Sauces & Gravies,Pepper Hot Sauce,,"pepper hot sauce, pepper hot sauces, pepper-hot-sauce",100,g,100,1,0,0,0,0.1,0.1,0.1,100,0,Meals / Prepared Food,curated,"Vinegar/Lemon Juice, Salt, Spices"
276,Condiments & Sauces,Sauces & Gravies,Plum Sauce,,"plum sauce, aloo bukhara, plum sauces, plum-sauce",100,g,100,35,0.2,8.1,0.2,0.1,0,0.1,100,0,Meals / Prepared Food,curated,"Potato, Plum, Vinegar/Lemon Juice, Salt, Spices"
277,Condiments & Sauces,Sauces & Gravies,Pork Gravy Powder,,"pork gravy powder, pork gravy powders, pork-gravy-powder",100,g,100,25,0.6,4.3,0.6,0.2,1.7,0.3,400,1,Meals / Prepared Food,curated,"Pork, Vinegar/Lemon Juice, Salt, Spices"
278,Condiments & Sauces,Sauces & Gravies,Pulled Pork in Barbecue Sauce,,"pulled pork in barbecue sauce, pulled pork in barbecue sauces, pulled-pork-in-barbecue-sauce",100,g,100,418,32.8,46.7,11,3,37.8,3.5,1700,87,Meals / Prepared Food,curated,"Pork, Vinegar/Lemon Juice, Salt, Spices"
279,Condiments & Sauces,Sauces & Gravies,Salsa Con Queso,,"salsa con queso, salsa con quesos, salsa-con-queso",100,g,100,358,7.9,27.9,23.8,1.8,4.9,6.2,2000,22,Meals / Prepared Food,curated,"Vinegar/Lemon Juice, Salt, Spices"
280,Condiments & Sauces,Sauces & Gravies,Salsa Sauce,,"salsa sauce, salsa sauces, salsa-sauce",100,g,100,5,0.3,1.2,0,0.3,0.7,0.1,100,0,Meals / Prepared Food,curated,"Vinegar/Lemon Juice, Salt, Spices"
281,Condiments & Sauces,Sauces & Gravies,Salsa Verde,,"salsa verde, salsa verdes, salsa-verde",100,g,100,6,0.2,1,0.1,0.3,0.5,0,34,0,Meals / Prepared Food,curated,"Vinegar/Lemon Juice, Salt, Spices"
282,Condiments & Sauces,Sauces & Gravies,Sardines in Tomato Sauce Canned,,"sardines in tomato sauce canned, sardines-in-tomato-sauce-canned, tamatar",100,g,100,165,18.6,0.5,9.3,0,0.4,2.4,400,54,Meals / Prepared Food,curated,"Tomato, Vinegar/Lemon Juice, Salt, Spices"
283,Condiments & Sauces,Sauces & Gravies,Sofrito,,"sofrito, sofritos",100,g,100,488,26.4,11.2,37.5,3.5,0,0,2400,0,Meals / Prepared Food,curated,"Vinegar/Lemon Juice, Salt, Spices"
284,Condiments & Sauces,Sauces & Gravies,Soy Sauce,,"soy sauce, soy sauces, soy-sauce",100,g,100,8,1.3,0.8,0.1,0.1,0.1,0,900,0,Meals / Prepared Food,curated,"Soya/Tofu, Vinegar/Lemon Juice, Salt, Spices"
285,Condiments & Sauces,Sauces & Gravies,Spaghetti with Meat Sauce,,"spaghetti with meat sauce, spaghetti with meat sauces, spaghetti-with-meat-sauce",100,g,100,255,14.3,43.1,2.9,5.1,7.4,1,700,17,Meals / Prepared Food,curated,"Pasta, Vinegar/Lemon Juice, Salt, Spices"
286,Condiments & Sauces,Sauces & Gravies,Spanish Tomato Sauce,,"spanish tomato sauce, spanish tomato sauces, spanish-tomato-sauce, tamatar",100,g,100,81,3.5,17.7,0.7,3.4,0,0,1200,0,Meals / Prepared Food,curated,"Tomato, Vinegar/Lemon Juice, Salt, Spices"
287,Condiments & Sauces,Sauces & Gravies,Steak Sauce,,"steak sauce, steak sauces, steak-sauce",100,g,100,16,0.2,3.7,0,0.3,1.7,0,300,0,Meals / Prepared Food,curated,"Vinegar/Lemon Juice, Salt, Spices"
288,Condiments & Sauces,Sauces & Gravies,Sweet Sour Sauce,,"sweet sour sauce, sweet sour sauces, sweet-sour-sauce",100,g,100,26,0,6.7,0.1,0.1,3.3,0,24,0,Meals / Prepared Food,curated,"Vinegar/Lemon Juice, Salt, Spices"
289,Condiments & Sauces,Sauces & Gravies,Sweetn Sour Sauce Mcdonalds,,"sweetn sour sauce mcdonalds, sweetn sour sauce mcdonald, sweetn sour sauce mcdonaldses, sweetn-sour-sauce-mcdonalds",100,g,100,48,0.2,11,0.3,0,10,0.1,200,0,Meals / Prepared Food,curated,"Vinegar/Lemon Juice, Salt, Spices"
290,Condiments & Sauces,Sauces & Gravies,Tabasco Sauce,,"tabasco sauce, tabasco sauces, tabasco-sauce",100,g,100,1,0,0,0,0,0.1,0.1,75,0,Meals / Prepared Food,curated,"Vinegar/Lemon Juice, Salt, Spices"
291,Condiments & Sauces,Sauces & Gravies,Tartar Sauce,,"tartar sauce, tartar sauces, tartar-sauce",100,g,100,32,0.2,2,2.5,0.1,0.6,0.5,100,1,Meals / Prepared Food,curated,"Vinegar/Lemon Juice, Salt, Spices"
292,Condiments & Sauces,Sauces & Gravies,Teriyaki Sauce,,"teriyaki sauce, teriyaki sauces, teriyaki-sauce",100,g,100,16,1.1,2.8,0,0,2.5,0,700,0,Meals / Prepared Food,curated,"Vinegar/Lemon Juice, Salt, Spices"
293,Condiments & Sauces,Sauces & Gravies,Tomato Chili Sauce,,"tomato chili sauce, tamatar, tomato chili sauces, tomato-chili-sauce",100,g,100,6,0.2,1.2,0.1,0.4,0.6,0.1,83,0,Meals / Prepared Food,curated,"Tomato, Vinegar/Lemon Juice, Salt, Spices"
294,Condiments & Sauces,Sauces & Gravies,Tomato Ketchup Mp,,"tomato ketchup mp, tamatar, tomato ketchup mps, tomato-ketchup-mp",100,g,100,15,0,0.2,0,0,0,4,0,0,Meals / Prepared Food,curated,"Tomato, Vinegar/Lemon Juice, Salt, Spices"
295,Condiments & Sauces,Sauces & Gravies,Tomato Sauce,,"tomato sauce, tamatar, tomato sauces, tomato-sauce",100,g,100,46.7,1.9,10.1,0.5,2.7,7.2,0.1,129,0,Meals / Prepared Food,curated,"Tomato, Vinegar/Lemon Juice, Salt, Spices"
296,Condiments & Sauces,Sauces & Gravies,Tomato Sauce with Herbs Cheese,,"tomato sauce with herbs cheese, tamatar, tomato sauce with herbs cheeses, tomato-sauce-with-herbs-cheese",100,g,100,144,5.2,25,4.7,5.4,0,1.5,1300,7,Meals / Prepared Food,curated,"Tomato, Cheese, Vinegar/Lemon Juice, Salt, Spices"
297,Condiments & Sauces,Sauces & Gravies,Tomato Sauce with Mushrooms,,"tomato sauce with mushrooms, khumb, tamatar, tomato sauce with mushroom, tomato sauce with mushroomses, tomato-sauce-with-mushrooms",100,g,100,86,3.6,20.7,0.3,3.7,14.1,0,1100,0,Meals / Prepared Food,curated,"Mushroom, Tomato, Mushrooms, Vinegar/Lemon Juice, Salt, Spices"
298,Condiments & Sauces,Sauces & Gravies,Tomato Sauce with Onions,,"tomato sauce with onions, pyaaz, pyaz, tamatar, tomato sauce with onion, tomato sauce with onionses, tomato-sauce-with-onions",100,g,100,103,3.8,24.4,0.5,4.4,0,0,1300,0,Meals / Prepared Food,curated,"Onion, Tomato, Onions, Vinegar/Lemon Juice, Salt, Spices"
299,Condiments & Sauces,Sauces & Gravies,Turkey Gravy Dry,,"turkey gravy dry, turkey gravy dries, turkey-gravy-dry",100,g,100,26,0.7,4.6,0.5,0,0,0.1,300,1,Meals / Prepared Food,curated,"Turkey, Vinegar/Lemon Juice, Salt, Spices"
300,Condiments & Sauces,Sauces & Gravies,Turkey Gravy Instant,,"turkey gravy instant, turkey gravy instants, turkey-gravy-instant",100,g,100,27,0.8,3.9,1,0.3,0.5,0.3,300,2,Meals / Prepared Food,curated,"Turkey, Vinegar/Lemon Juice, Salt, Spices"
301,Condiments & Sauces,Sauces & Gravies,Turkey and Gravy,,"turkey and gravy, turkey and gravies, turkey-and-gravy",100,g,100,161,14.1,11.1,6.3,0,0,2,1300,43,Meals / Prepared Food,curated,"Turkey, Vinegar/Lemon Juice, Salt, Spices"
302,Condiments & Sauces,Sauces & Gravies,White Sauce,,"white sauce, medium, thick, thin, white sauces, white-sauce",100,g,100,211,4.9,11.9,16,0.2,6,7.6,242,21,Meals / Prepared Food,curated,"Vinegar/Lemon Juice, Salt, Spices"
303,Condiments & Sauces,Sauces & Gravies,Worcestershire Sauce,,"worcestershire sauce, worcestershire sauces, worcestershire-sauce",100,g,100,13,0,3.3,0,0,1.7,0,200,0,Meals / Prepared Food,curated,"Vinegar/Lemon Juice, Salt, Spices"
304,Condiments & Sauces,Sauces & Gravies,Zaziki Milfina,,"zaziki milfina, zaziki milfinas, zaziki-milfina",100,g,100,51,0,0,4.4,0,0,1.6,0,0,Meals / Prepared Food,curated,"Vinegar/Lemon Juice, Salt, Spices"
305,Condiments & Sauces,Vinegar & Misc Condiments,Agar,,"agar, agars",100,g,100,1,0.1,0.3,0.1,0,0,0.1,49,0,Meals / Prepared Food,curated,"Vinegar/Lemon Juice, Salt, Spices"
306,Condiments & Sauces,Vinegar & Misc Condiments,Baking Powder,,"baking powder, baking powders, baking-powder",100,g,100,2,0,1.3,0,0,0,0,500,0,Meals / Prepared Food,curated,"Vinegar/Lemon Juice, Salt, Spices"
307,Condiments & Sauces,Vinegar & Misc Condiments,Balsamic Vinegar,,"balsamic vinegar, balsamic vinegars, balsamic-vinegar",100,g,100,14,0,2.7,0,0,2.4,0,71,0,Meals / Prepared Food,curated,"Vinegar/Lemon Juice, Salt, Spices"
308,Condiments & Sauces,Vinegar & Misc Condiments,Horseradish,,"horseradish, horseradishes",100,g,100,2,0,0.6,0.1,0.2,0.4,0,39,0,Meals / Prepared Food,curated,"Vinegar/Lemon Juice, Salt, Spices"
309,Condiments & Sauces,Vinegar & Misc Condiments,Hummus,,"hummus, hummu, hummuses",100,g,100,435,12,49.5,21.1,9.8,0.7,2.8,600,0,Meals / Prepared Food,curated,"Vinegar/Lemon Juice, Salt, Spices"
310,Condiments & Sauces,Vinegar & Misc Condiments,Miso,,"miso, misos",100,g,100,40,2.6,5.1,1.2,1.1,1.2,0.2,700,0,Meals / Prepared Food,curated,"Vinegar/Lemon Juice, Salt, Spices"
311,Condiments & Sauces,Vinegar & Misc Condiments,Tahini,,"tahini, tahinis",100,g,100,86,2.7,3.9,7.2,1.4,0,1,98,0,Meals / Prepared Food,curated,"Vinegar/Lemon Juice, Salt, Spices"
312,Condiments & Sauces,Vinegar & Misc Condiments,Vinegar,,"vinegar, vinegars",100,g,100,3,0,0.1,0,0,0.1,0,24,0,Meals / Prepared Food,curated,"Vinegar/Lemon Juice, Salt, Spices"
313,Condiments & Sauces,Vinegar & Misc Condiments,Wasabi Root,,"wasabi root, wasabi roots, wasabi-root",100,g,100,142,6.2,30.6,0.8,10.1,0,0,20,0,Meals / Prepared Food,curated,"Vinegar/Lemon Juice, Salt, Spices"
314,Dairy,Cheese,American Cheese,,"american cheese, american cheeses, american-cheese",100,g,100,93,4.5,0.9,7.9,0,0.6,4.5,400,25,Raw,curated,American Cheese
315,Dairy,Cheese,American Cheese Spread,,"american cheese spread, american cheese spreads, american-cheese-spread",100,g,100,46,2.6,1.4,3.4,0,1.2,2.1,300,9,Meals / Prepared Food,curated,Cheese
316,Dairy,Cheese,Anejo Cheese,,"anejo cheese, anejo cheeses, anejo-cheese",100,g,100,492,28.3,6.1,39.6,0,6.1,25.1,1500,139,Raw,curated,Anejo Cheese
317,Dairy,Cheese,Asadero Cheese,,"asadero cheese, asadero cheeses, asadero-cheese",100,g,100,402,25.5,3.2,31.9,0,3.2,20.3,700,119,Raw,curated,Asadero Cheese
318,Dairy,Cheese,Blue Cheese,,"blue cheese, blue cheeses, blue-cheese",100,g,100,106,6.4,0.7,8.6,0,0.2,5.6,300,22,Raw,curated,Blue Cheese
319,Dairy,Cheese,Brick Cheese,,"brick cheese, brick cheeses, brick-cheese",100,g,100,111,7,0.8,8.9,0,0.2,5.6,200,28,Raw,curated,Brick Cheese
320,Dairy,Cheese,Brie Cheese,,"brie cheese, brie cheeses, brie-cheese",100,g,100,100,6.2,0.1,8.3,0,0.1,5.2,200,30,Raw,curated,Brie Cheese
321,Dairy,Cheese,Camembert Cheese,,"camembert cheese, camembert cheeses, camembert-cheese",100,g,100,90,5.9,0.1,7.3,0,0.1,4.6,300,22,Raw,curated,Camembert Cheese
322,Dairy,Cheese,Caraway Cheese,,"caraway cheese, caraway cheeses, caraway-cheese",100,g,100,106,7.1,0.9,8.3,0,0,5.3,200,26,Raw,curated,Caraway Cheese
323,Dairy,Cheese,Cheddar Cheese,,"cheddar cheese, cheddar cheeses, cheddar-cheese",100,g,100,113,6.4,0.9,9.3,0,0.1,5.3,200,28,Raw,curated,Cheddar Cheese
324,Dairy,Cheese,Cheese Imitation,,"cheese imitation, cheese imitations, cheese-imitation",100,g,100,441,28.3,1.1,36.2,0,1.1,6.6,800,17,Raw,curated,Cheese Imitation
325,Dairy,Cheese,Cheese Lasagna,,"cheese lasagna, cheese lasagnas, cheese-lasagna",100,g,100,316,15.9,33.6,13,4.1,10.3,5.1,700,32,Meals / Prepared Food,curated,Cheese
326,Dairy,Cheese,Cheese Puffs,,"cheese puffs, cheese puff, cheese puffses, cheese-puffs",100,g,100,197,2.1,18.6,12.8,0.6,1.1,1.9,300,2,Meals / Prepared Food,curated,Cheese
327,Dairy,Cheese,Cheese Ravioli Canned,,"cheese ravioli canned, cheese-ravioli-canned",100,g,100,186,6,33,3.5,3.1,9,1.7,700,7,Meals / Prepared Food,curated,Cheese
328,Dairy,Cheese,Cheese Spread,,"cheese spread, cheese spreads, cheese-spread",100,g,100,708,17,8.4,68.6,0,8.4,43.2,1200,216,Meals / Prepared Food,curated,Cheese
329,Dairy,Cheese,Cheese Tortellini,,"cheese tortellini, cheese tortellinis, cheese-tortellini",100,g,100,332,14.6,50.8,7.8,2.1,1,3.9,400,45,Raw,curated,Cheese Tortellini
330,Dairy,Cheese,Cheshire Cheese,,"cheshire cheese, cheshire cheeses, cheshire-cheese",100,g,100,110,6.6,1.4,8.7,0,0,5.5,200,29,Raw,curated,Cheshire Cheese
331,Dairy,Cheese,Chihuahua Cheese,,"chihuahua cheese, chihuahua cheeses, chihuahua-cheese",100,g,100,494,28.5,7.3,39.2,0,7.3,24.9,800,139,Raw,curated,Chihuahua Cheese
332,Dairy,Cheese,Chimichanga with Beef Cheese,,"chimichanga with beef cheese, chimichanga with beef cheeses, chimichanga-with-beef-cheese",100,g,100,443,20.1,39.3,23.4,0,0,11.2,1000,51,Meals / Prepared Food,curated,"Beef, Cheese"
333,Dairy,Cheese,Colby Cheese,,"colby cheese, colby cheeses, colby-cheese",100,g,100,445,26.8,2.9,36.3,0,0.6,22.8,700,107,Raw,curated,Colby Cheese
334,Dairy,Cheese,Cottage Cheese Creamed,,"cottage cheese creamed, cottage cheese creameds, cottage-cheese-creamed, paneer",100,g,100,20,2.2,0.7,0.9,0,0.5,0.3,95,3,Raw,curated,Cottage Cheese Creamed
335,Dairy,Cheese,Cottage Cheese Low Fat,,"cottage cheese low fat, cottage cheese low fats, cottage-cheese-low-fat, paneer",100,g,100,163,28,6.1,2.3,0,6.1,1.5,900,9,Raw,curated,Cottage Cheese Low Fat
336,Dairy,Cheese,Cottage Cheese Nonfat,,"cottage cheese nonfat, cottage cheese nonfats, cottage-cheese-nonfat, paneer",100,g,100,104,15,9.7,0.4,0,2.7,0.2,500,10,Raw,curated,Cottage Cheese Nonfat
337,Dairy,Cheese,Cream Cheese,,"cream cheese, cream cheeses, cream-cheese, malai",100,g,100,51,0.9,0.8,5,0,0.5,2.9,16,15,Raw,curated,Cream Cheese
338,Dairy,Cheese,Cream Cheese Fat Free,,"cream cheese fat free, cream cheese fat frees, cream-cheese-fat-free, malai",100,g,100,19,2.8,1.4,0.2,0,1,0.1,100,2,Raw,curated,Cream Cheese Fat Free
339,Dairy,Cheese,Cream Cheese Low Fat,,"cream cheese low fat, cream cheese low fats, cream-cheese-low-fat, malai",100,g,100,30,1.2,1.2,2.3,0,0.9,1.4,46,8,Raw,curated,Cream Cheese Low Fat
340,Dairy,Cheese,Edam Cheese,,"edam cheese, edam cheeses, edam-cheese",100,g,100,107,7.5,0.4,8.3,0,0,5.6,300,27,Raw,curated,Edam Cheese
341,Dairy,Cheese,Enchirito with Cheese Beef Beans,,"enchirito with cheese beef beans, enchirito with cheese beef bean, enchirito with cheese beef beanses, enchirito-with-cheese-beef-beans",100,g,100,344,17.9,33.8,16.1,0,0,7.9,1300,50,Meals / Prepared Food,curated,"Beef, Green Beans, Cheese"
342,Dairy,Cheese,Feta Cheese,,"feta cheese, feta cheeses, feta-cheese",100,g,100,80,4.3,1.2,6.4,0,0,4,300,27,Raw,curated,Feta Cheese
343,Dairy,Cheese,Fontina Cheese,,"fontina cheese, fontina cheeses, fontina-cheese",100,g,100,420,27.6,1.7,33.6,0,1.7,20.7,900,125,Raw,curated,Fontina Cheese
344,Dairy,Cheese,Frijoles with Cheese,,"frijoles with cheese, frijoles with cheeses, frijoles-with-cheese",100,g,100,225,11.4,28.7,7.8,0,0,4.1,900,37,Meals / Prepared Food,curated,Cheese
345,Dairy,Cheese,Goat Cheese,,"goat cheese, goat cheeses, goat-cheese",100,g,100,103,6.1,0,8.4,0,0,5.8,100,22,Raw,curated,Goat Cheese
346,Dairy,Cheese,Goat Cheese Hard,,"goat cheese hard, goat cheese hards, goat-cheese-hard",100,g,100,128,8.6,0.6,10.1,0,0.6,7,76,30,Raw,curated,Goat Cheese Hard
347,Dairy,Cheese,Goat Cheese Soft,,"goat cheese soft, goat cheese softs, goat-cheese-soft",100,g,100,75,5.2,0,6,0,0.3,4.1,100,13,Raw,curated,Goat Cheese Soft
348,Dairy,Cheese,Gouda Cheese,,"gouda cheese, gouda cheeses, gouda-cheese",100,g,100,100,7,0.6,7.7,0,0.6,4.9,200,32,Raw,curated,Gouda Cheese
349,Dairy,Cheese,Gruyere Cheese,,"gruyere cheese, gruyere cheeses, gruyere-cheese",100,g,100,116,8.3,0.1,9.1,0,0.1,5.3,200,31,Raw,curated,Gruyere Cheese
350,Dairy,Cheese,Ham and Cheese Spread,,"ham and cheese spread, ham and cheese spreads, ham-and-cheese-spread",100,g,100,37,2.4,0.3,2.8,0,0,1.3,200,9,Meals / Prepared Food,curated,"Pork, Cheese"
351,Dairy,Cheese,Macaroni Cheese,,"macaroni cheese, macaroni cheeses, macaroni-cheese",100,g,100,310,12.6,43.7,9.4,2.3,3,3.1,900,15,Raw,curated,Macaroni Cheese
352,Dairy,Cheese,Mexican Cheese,,"mexican cheese, mexican cheeses, mexican-cheese",100,g,100,316,27.7,3.8,21.7,0,0.6,13,900,69,Raw,curated,Mexican Cheese
353,Dairy,Cheese,Monterey Cheese,,"monterey cheese, monterey cheeses, monterey-cheese",100,g,100,421,27.7,0.8,34.2,0,0.6,21.5,700,101,Raw,curated,Monterey Cheese
354,Dairy,Cheese,Monterey Cheese Low Fat,,"monterey cheese low fat, monterey cheese low fats, monterey-cheese-low-fat",100,g,100,350,31.9,0.8,24.4,0,0.6,15.9,600,74,Raw,curated,Monterey Cheese Low Fat
355,Dairy,Cheese,Mozzarella Cheese,,"mozzarella cheese, mozzarella cheeses, mozzarella-cheese",100,g,100,90,6.7,0.7,6.6,0,0,4.2,100,24,Raw,curated,Mozzarella Cheese
356,Dairy,Cheese,Mozzarella Cheese Fat Free,,"mozzarella cheese fat free, mozzarella cheese fat frees, mozzarella-cheese-fat-free",100,g,100,159,35.8,4,0,2,1.7,0,800,20,Raw,curated,Mozzarella Cheese Fat Free
357,Dairy,Cheese,Muenster Cheese,,"muenster cheese, muenster cheeses, muenster-cheese",100,g,100,486,30.9,1.5,39.7,0,1.5,25.2,800,127,Raw,curated,Muenster Cheese
358,Dairy,Cheese,Neufchatel Cheese,,"neufchatel cheese, neufchatel cheeses, neufchatel-cheese",100,g,100,215,7.8,3.1,19.4,0,2.7,10.9,300,63,Raw,curated,Neufchatel Cheese
359,Dairy,Cheese,Parmesan Cheese,,"parmesan cheese, parmesan cheeses, parmesan-cheese",100,g,100,71,6.4,0.6,4.5,0,0,2.7,200,12,Raw,curated,Parmesan Cheese
360,Dairy,Cheese,Parmesan Cheese Grated,,"parmesan cheese grated, parmesan cheese grateds, parmesan-cheese-grated",100,g,100,21,1.4,0.7,1.4,0,0.1,0.8,43,4,Raw,curated,Parmesan Cheese Grated
361,Dairy,Cheese,Pepper Jack Cheese Lucerne,,"pepper jack cheese lucerne, pepper jack cheese lucernes, pepper-jack-cheese-lucerne",100,g,100,75,5,0,6,2.5,0,4,0,0,Raw,curated,Pepper Jack Cheese Lucerne
362,Dairy,Cheese,Pimento Cheese,,"pimento cheese, pimento cheeses, pimento-cheese",100,g,100,525,31,2.4,43.7,0.1,0.9,27.5,2000,132,Raw,curated,Pimento Cheese
363,Dairy,Cheese,Port Salut Cheese,,"port salut cheese, port salut cheeses, port-salut-cheese",100,g,100,465,31.4,0.8,37.2,0,0.8,22,700,162,Raw,curated,Port Salut Cheese
364,Dairy,Cheese,Provolone Cheese,,"provolone cheese, provolone cheeses, provolone-cheese",100,g,100,463,33.8,2.8,35.1,0,0.7,22.5,1200,91,Raw,curated,Provolone Cheese
365,Dairy,Cheese,Provolone Cheese Reduced Fat,,"provolone cheese reduced fat, provolone cheese reduced fats, provolone-cheese-reduced-fat",100,g,100,310,27.9,4,19.9,0,0.6,12.8,1000,62,Raw,curated,Provolone Cheese Reduced Fat
366,Dairy,Cheese,Queso Blanco Cheese,,"queso blanco cheese, queso blanco cheeses, queso-blanco-cheese",100,g,100,366,24,3,28.7,0,2.1,16.1,800,83,Raw,curated,Queso Blanco Cheese
367,Dairy,Cheese,Queso Fresco Cheese,,"queso fresco cheese, queso fresco cheeses, queso-fresco-cheese",100,g,100,365,22.1,3.6,29.1,0,2.8,15.8,900,84,Raw,curated,Queso Fresco Cheese
368,Dairy,Cheese,Queso Seco Cheese,,"queso seco cheese, queso seco cheeses, queso-seco-cheese",100,g,100,315,23.8,2,23.6,0,0.5,13.3,1800,76,Raw,curated,Queso Seco Cheese
369,Dairy,Cheese,Requeijao Cremoso Light Catupiry,,"requeijao cremoso light catupiry, requeijao cremoso light catupiries, requeijao-cremoso-light-catupiry",100,g,100,49,0.8,0.9,3.6,0.1,3.4,2.3,0,0,Raw,curated,Requeijao Cremoso Light Catupiry
370,Dairy,Cheese,Ricotta Cheese,,"ricotta cheese, ricotta cheeses, ricotta-cheese",100,g,100,30,1.5,1.5,2,0,0.1,1.3,17,10,Raw,curated,Ricotta Cheese
371,Dairy,Cheese,Romano Cheese,,"romano cheese, romano cheeses, romano-cheese",100,g,100,19,1.6,0.2,1.3,0,0.1,0.9,8,5,Raw,curated,Romano Cheese
372,Dairy,Cheese,Roquefort Cheese,,"roquefort cheese, roquefort cheeses, roquefort-cheese",100,g,100,314,18.3,1.7,26,0,0,16.4,1500,76,Raw,curated,Roquefort Cheese
373,Dairy,Cheese,Soybean Curd Cheese,,"soybean curd cheese, dahi, soybean curd cheeses, soybean-curd-cheese",100,g,100,340,28.1,15.5,18.2,0,3.6,2.6,94,0,Raw,curated,Soybean Curd Cheese
374,Dairy,Cheese,Sweet Cheese Rolls,,"sweet cheese rolls, sweet cheese roll, sweet cheese rollses, sweet-cheese-rolls",100,g,100,238,4.7,28.8,12.1,0.8,0,4,200,50,Raw,curated,Sweet Cheese Rolls
375,Dairy,Cheese,Swiss Cheese,,"swiss cheese, swiss cheeses, swiss-cheese",100,g,100,98,6.7,0.4,7.7,0,0,4.6,57,23,Raw,curated,Swiss Cheese
376,Dairy,Cheese,Tilsit Cheese,,"tilsit cheese, tilsit cheeses, tilsit-cheese",100,g,100,136,9.8,0.8,10.4,0,0,6.7,300,41,Raw,curated,Tilsit Cheese
377,Dairy,Cheese,Vegetable Salad with Cheese Egg,,"vegetable salad with cheese egg, anda, vegetable salad with cheese eggs, vegetable-salad-with-cheese-egg",100,g,100,68,5.8,3.2,3.9,0,0,2,44,65,Meals / Prepared Food,curated,"Egg, Cheese"
378,Dairy,Eggs,Congee with Pork Shrimp and Squid Plus Egg,,"congee with pork shrimp and squid plus egg, anda, congee with pork shrimp and squid plus eggs, congee-with-pork-shrimp-and-squid-plus-egg, jhinga",100,g,100,178,0,0,0.3,0,0,39.3,0,0,Meals / Prepared Food,curated,"Pork, Prawns/Shrimp, Squid, Egg"
379,Dairy,Eggs,Duck Egg,,"duck egg, anda, duck eggs, duck-egg",100,g,100,130,9,1,9.6,0,0.7,2.6,100,619,Raw,curated,Duck Egg
380,Dairy,Eggs,Egg Boiled,,"egg boiled, anda, egg-boiled",100,g,100,93,7.5,0.7,6.4,0,0.7,2,42,224,Meals / Prepared Food,curated,Egg
381,Dairy,Eggs,Egg Dried,,"egg dried, anda, egg-dried",100,g,100,30,2.4,0,2.2,0,0,0.7,60,82,Raw,curated,Egg
382,Dairy,Eggs,Egg Fried,,"egg fried, anda, egg-fried",100,g,100,90,6.3,0.4,6.8,0,0.2,2,43,184,Meals / Prepared Food,curated,Egg
383,Dairy,Eggs,Egg Large,,"egg large, anda, egg larges, egg-large",100,g,100,138,0,0,9.3,0,0,0.5,0,0,Raw,curated,Egg Large
384,Dairy,Eggs,Egg Mcmuffin Mcdonalds,,"egg mcmuffin mcdonalds, anda, egg mcmuffin mcdonald, egg mcmuffin mcdonaldses, egg-mcmuffin-mcdonalds",100,g,100,287,17.2,27.3,12.2,1.4,2.7,4.5,800,208,Meals / Prepared Food,curated,Egg
385,Dairy,Eggs,Egg Mix,,"egg mix, anda, egg mixes, egg-mix",100,g,100,30,2.4,0.1,2.2,0,0.1,0.8,12,82,Raw,curated,Egg Mix
386,Dairy,Eggs,Egg Noodles Cooked,,"egg noodles cooked, anda, egg-noodles-cooked",100,g,100,110,3.6,20.1,1.7,1,0.3,0.3,27,23,Meals / Prepared Food,curated,Egg
387,Dairy,Eggs,Egg Noodles Dry,,"egg noodles dry, anda, egg noodles dries, egg-noodles-dry",100,g,100,146,5.4,27.1,1.7,1.3,0.7,0.4,95,32,Raw,curated,Egg Noodles Dry
388,Dairy,Eggs,Egg Raw,,"egg raw, anda, egg-raw",100,g,100,80,7,0.4,5.3,0,0.2,1.8,80,208,Raw,curated,Egg
389,Dairy,Eggs,Egg Substitute,,"egg substitute, anda, egg substitutes, egg-substitute",100,g,100,115,24,4.8,0,0,4.8,0,500,0,Raw,curated,Egg Substitute
390,Dairy,Eggs,Egg White Delight Mcdonalds,,"egg white delight mcdonalds, anda, egg white delight mcdonald, egg white delight mcdonaldses, egg-white-delight-mcdonalds",100,g,100,250,0,0,16,0,0,4,0,0,Meals / Prepared Food,curated,Egg
391,Dairy,Eggs,Egg White Dried,,"egg white dried, anda, egg-white-dried",100,g,100,26,5.8,0.3,0.1,0,0,0,52,0,Raw,curated,Egg White
392,Dairy,Eggs,Egg White Raw,,"egg white raw, anda, egg-white-raw",100,g,100,17,3.6,0.2,0.1,0,0.2,0,38,0,Raw,curated,Egg White
393,Dairy,Eggs,Egg Yolk Dried,,"egg yolk dried, anda, egg-yolk-dried",100,g,100,27,1.3,0.1,2.3,0,0,0.7,71,92,Raw,curated,Egg Yolk
394,Dairy,Eggs,Egg Yolk Raw,,"egg yolk raw, anda, egg-yolk-raw",100,g,100,55,2.7,0.6,4.5,0,0.1,1.6,6,184,Raw,curated,Egg Yolk
395,Dairy,Eggs,Omelet,,"omelet, omelets",100,g,100,94,6.4,0.4,7.1,0,0.2,2,13,191,Meals / Prepared Food,curated,Omelet
396,Dairy,Eggs,Poached Egg,,"poached egg, anda, poached eggs, poached-egg",100,g,78,97.9,9.1,0.4,6.4,0.1,0.1,2.1,632,256,Meals / Prepared Food,curated,Egg
397,Dairy,Eggs,Potato Salad with Egg,,"potato salad with egg, aloo, anda, potato salad with eggs, potato-salad-with-egg",100,g,100,393,4.9,40.5,23.5,3.3,12.4,3.6,800,42,Meals / Prepared Food,curated,"Egg, Potato"
398,Dairy,Eggs,Quail Egg,,"quail egg, anda, quail eggs, quail-egg",100,g,100,14,1.2,0.1,1,0,0,0.3,42,76,Raw,curated,Quail Egg
399,Dairy,Eggs,Scrambled Eggs,,"scrambled eggs, anda, ande ki bhurji, scrambled egg, scrambled eggses, scrambled-eggs",100,g,85,128,8.4,1.2,9.9,0.1,0.9,4.3,237,237,Meals / Prepared Food,curated,Egg
400,Dairy,Eggs,Scrambled Eggs Mcdonalds,,"scrambled eggs mcdonalds, anda, scrambled eggs mcdonald, scrambled eggs mcdonaldses, scrambled-eggs-mcdonalds",100,g,100,98,7.7,0.9,7.5,0,0.1,2.1,40,218,Meals / Prepared Food,curated,Egg
401,Dairy,Eggs,Spinach Egg Noodles Cooked,,"spinach egg noodles cooked, anda, palak, spinach-egg-noodles-cooked",100,g,100,211,8.1,38.8,2.5,3.7,1.1,0.6,68,53,Meals / Prepared Food,curated,"Egg, Spinach"
402,Dairy,Eggs,Spinach Egg Noodles Dry,,"spinach egg noodles dry, anda, palak, spinach egg noodles dries, spinach-egg-noodles-dry",100,g,100,145,5.6,26.7,1.7,2.6,0,0.4,96,36,Raw,curated,Spinach Egg Noodles Dry
403,Dairy,Milk & Cream,Baked Potato with Sour Cream,,"baked potato with sour cream, aloo, baked potato with sour creams, baked-potato-with-sour-cream, malai",100,g,100,393,6.7,50,22.3,0,0,10,200,24,Meals / Prepared Food,curated,"Potato, Cream"
404,Dairy,Milk & Cream,Chocolate Milk Dessert,,"chocolate milk dessert, chocolate milk desserts, chocolate-milk-dessert, doodh",100,g,100,229,5.9,51.6,1.4,0,51.6,0.8,100,0,Raw,curated,Chocolate Milk Dessert
405,Dairy,Milk & Cream,Coconut Milk,,"coconut milk, coconut milks, coconut-milk, doodh, nariyal",100,g,100,35,0.3,0.8,3.6,0.3,0.5,3.2,1,0,Raw,curated,Coconut Milk
406,Dairy,Milk & Cream,Cream of Rice Coup,,"cream of rice coup, chawal, cream of rice coups, cream-of-rice-coup",100,g,100,127,2.2,28.1,0.2,0.2,0,0.1,400,0,Raw,curated,Cream of Rice Coup
407,Dairy,Milk & Cream,Cream of Tartar,,"cream of tartar, cream of tartars, cream-of-tartar",100,g,100,8,0,1.8,0,0,0,0,9,0,Raw,curated,Cream of Tartar
408,Dairy,Milk & Cream,Sour Cream Shoprite,,"sour cream shoprite, malai, sour cream shoprites, sour-cream-shoprite",100,g,100,60,0,1,5,0,0,3.5,0,0,Raw,curated,Sour Cream Shoprite
409,Dairy,Yogurt & Cultured,Classique Yogurt Plain 2 Liberte,,"classique yogurt plain 2 liberte, classique yogurt plain 2 libertes, classique-yogurt-plain-2-liberte, dahi",100,g,100,30,3.3,1.7,1.2,0,1.7,0.7,0,0,Raw,curated,Classique Yogurt Plain 2 Liberte
410,Dairy,Yogurt & Cultured,Danone Low Fat Alsafi,,"danone low fat alsafi, danone low fat alsafis, danone-low-fat-alsafi",100,g,100,88,0,0.1,1.7,0,100,1,0,0,Raw,curated,Danone Low Fat Alsafi
411,Dairy,Yogurt & Cultured,Fruit N Yogurt Parfait Mcdonalds,,"fruit n yogurt parfait mcdonalds, dahi, fruit n yogurt parfait mcdonald, fruit n yogurt parfait mcdonaldses, fruit-n-yogurt-parfait-mcdonalds",100,g,100,156,4.1,30.9,1.9,1.5,19.1,0,65,8,Meals / Prepared Food,curated,Yogurt (Curd)
412,Dairy,Yogurt & Cultured,Fruit Yogurt,,"fruit yogurt, dahi, fruit yogurts, fruit-yogurt",100,g,100,149,6,28,1.7,0,28,1.1,13,8,Raw,curated,Fruit Yogurt
413,Dairy,Yogurt & Cultured,Greek Yogurt,,"greek yogurt, dahi, greek yogurts, greek-yogurt",100,g,100,100,17.3,6.1,0.7,0,5.5,0.2,81,8,Raw,curated,Greek Yogurt
414,Dairy,Yogurt & Cultured,Soya Vanille Joghurt Alpro,,"soya vanille joghurt alpro, soya vanille joghurt alpros, soya-vanille-joghurt-alpro",100,g,100,21,0.3,1,0.6,0,0.1,0.1,0,0,Raw,curated,Soya Vanille Joghurt Alpro
415,Dairy,Yogurt & Cultured,Tofu Yogurt,,"tofu yogurt, dahi, tofu yogurts, tofu-yogurt",100,g,100,246,9.2,41.8,4.7,0.5,3.2,0.7,30,0,Raw,curated,Tofu Yogurt
416,Dairy,Yogurt & Cultured,Triple Zero Greek Yogurt Dannon Oikos,,"triple zero greek yogurt dannon oikos, dahi, triple zero greek yogurt dannon oiko, triple zero greek yogurt dannon oikoses, triple-zero-greek-yogurt-dannon-oikos",100,g,100,120,0,22.5,0,0,6,0,0,0,Raw,curated,Triple Zero Greek Yogurt Dannon Oikos
417,Dairy,Yogurt & Cultured,Vanilla Yoghurt Oikos,,"vanilla yoghurt oikos, dahi, vanilla yoghurt oiko, vanilla yoghurt oikoses, vanilla-yoghurt-oikos",100,g,100,120,0,0,1.8,0,0,24,0,0,Raw,curated,Vanilla Yoghurt Oikos
418,Dairy,Yogurt & Cultured,Vanilla Yogurt,,"vanilla yogurt, dahi, vanilla yogurts, vanilla-yogurt",100,g,100,145,8.4,23.5,2.1,0,23.5,1.3,100,8,Raw,curated,Vanilla Yogurt
419,Dairy,Yogurt & Cultured,Vanilla Yogurt Low Fat,,"vanilla yogurt low fat, dahi, vanilla yogurt low fats, vanilla-yogurt-low-fat",100,g,100,208,12.1,33.8,3.1,0,33.8,2,200,12,Raw,curated,Vanilla Yogurt Low Fat
420,Dairy,Yogurt & Cultured,Yogurt,,"yogurt, dahi, yogurts",100,g,100,92,5.2,7,4.9,0,7,3.1,5,20,Raw,curated,Yogurt
421,Dairy,Yogurt & Cultured,Yogurt Low Fat,,"yogurt low fat, dahi, yogurt low fats, yogurt-low-fat",100,g,100,154,12.9,17.2,3.8,0,17.2,2.5,200,15,Raw,curated,Yogurt Low Fat
422,Dairy,Yogurt & Cultured,Yogurt Parfait,,"yogurt parfait, dahi, yogurt parfaits, yogurt-parfait",100,g,100,125,5,23.6,1.5,1.6,17.4,0.8,48,4,Raw,curated,Yogurt Parfait
423,Dairy,Yogurt & Cultured,Yoplait Light Strawberry Yogurt Yoplait,,"yoplait light strawberry yogurt yoplait, dahi, yoplait light strawberry yogurt yoplaits, yoplait-light-strawberry-yogurt-yoplait",100,g,100,79,0,0.1,0,0,0,14.1,0,0,Raw,curated,Yoplait Light Strawberry Yogurt Yoplait
424,Desserts,Frozen Desserts,Frozen Yogurt,,"frozen yogurt, dahi, frozen yogurts, frozen-yogurt",100,g,100,221,5.2,37.6,6.3,0,34.7,4,100,23,Meals / Prepared Food,curated,"Yogurt (Curd), Yogurt, Sugar, Ghee (Clarified Butter)"
425,Desserts,Puddings & Custards,Corn Pudding,,"corn pudding, bhutta, corn puddings, corn-pudding, makka",100,g,100,328,11.1,42.4,12.6,3,16.5,6.3,700,180,Meals / Prepared Food,curated,"Corn, Sugar, Ghee (Clarified Butter)"
426,Desserts,Puddings & Custards,Egg Custard,,"egg custard, anda, egg custards, egg-custard",100,g,100,293,14.2,31,12.9,0,31,6.1,200,237,Meals / Prepared Food,curated,"Egg, Sugar, Ghee (Clarified Butter)"
427,Desserts,Puddings & Custards,Gelatin Dessert,,"gelatin dessert, gelatin desserts, gelatin-dessert",100,g,100,167,3.3,38.3,0,0,36.4,0,200,0,Meals / Prepared Food,curated,"Sugar, Ghee (Clarified Butter)"
428,Desserts,Puddings & Custards,Lemon Pudding,,"lemon pudding, lemon puddings, lemon-pudding, nimbu",100,g,100,173,4.1,30.2,4.4,0,0,2.6,400,16,Meals / Prepared Food,curated,"Lemons, Sugar, Ghee (Clarified Butter)"
429,Desserts,Puddings & Custards,Rice Pudding,,"rice pudding, chawal, rice puddings, rice-pudding",100,g,100,122,3.6,20.8,2.4,0.3,13.1,1.4,100,14,Meals / Prepared Food,curated,"Rice, Sugar, Ghee (Clarified Butter)"
430,Desserts,Puddings & Custards,Tapioca Pudding,,"tapioca pudding, tapioca puddings, tapioca-pudding",100,g,100,143,2.1,23.9,4.3,0,16.4,1.1,200,1,Meals / Prepared Food,curated,"Sabudana (Sago), Sugar, Ghee (Clarified Butter)"
431,Desserts,Puddings & Custards,Tapioca Pudding Fat Free,,"tapioca pudding fat free, tapioca pudding fat frees, tapioca-pudding-fat-free",100,g,100,105,1.6,23.9,0.4,0,15.9,0.1,200,1,Meals / Prepared Food,curated,"Sabudana (Sago), Sugar, Ghee (Clarified Butter)"
432,Desserts,Puddings & Custards,Vanilla Pudding,,"vanilla pudding, vanilla puddings, vanilla-pudding",100,g,100,195,2.2,33.9,5.7,0,25.5,1.5,300,2,Meals / Prepared Food,curated,"Sugar, Ghee (Clarified Butter)"
433,Drinks,Alcoholic Beverages,Barbera Red Wine,,"barbera red wine, barbera red wines, barbera-red-wine",100,g,100,170,0.1,5.6,0,0,0,0,0,0,Meals / Prepared Food,curated,"Water, Sugar"
434,Drinks,Alcoholic Beverages,Beer,,"beer, beers",100,g,100,142,1.5,11.7,0,0,0,0,67,0,Meals / Prepared Food,curated,"Water, Sugar"
435,Drinks,Alcoholic Beverages,Beer Budweiser,,"beer budweiser, beer budweisers, beer-budweiser",100,g,100,12,0.1,0.9,0,0,0,0,95,0,Meals / Prepared Food,curated,"Water, Sugar"
436,Drinks,Alcoholic Beverages,Beer Light,,"beer light, beer lights, beer-light",100,g,100,96,0.8,5.4,0,0,0.3,0,95,0,Meals / Prepared Food,curated,"Water, Sugar"
437,Drinks,Alcoholic Beverages,Beer Light Budweiser,,"beer light budweiser, beer light budweisers, beer-light-budweiser",100,g,100,9,0.1,0.4,0,0,0,0,16,0,Meals / Prepared Food,curated,"Water, Sugar"
438,Drinks,Alcoholic Beverages,Burgundy Red Wine,,"burgundy red wine, burgundy red wines, burgundy-red-wine",100,g,100,172,0.1,7.4,0,0,0,0,0,0,Meals / Prepared Food,curated,"Water, Sugar"
439,Drinks,Alcoholic Beverages,Cabarnet Franc Red Wine,,"cabarnet franc red wine, cabarnet franc red wines, cabarnet-franc-red-wine",100,g,100,122,0.1,3.6,0,0,0,0,0,0,Meals / Prepared Food,curated,"Water, Sugar"
440,Drinks,Alcoholic Beverages,Cabernet Sauvignon Red Wine,,"cabernet sauvignon red wine, cabernet sauvignon red wines, cabernet-sauvignon-red-wine",100,g,100,166,0.1,5.2,0,0,0,0,0,0,Meals / Prepared Food,curated,"Water, Sugar"
441,Drinks,Alcoholic Beverages,Carignane Red Wine,,"carignane red wine, carignane red wines, carignane-red-wine",100,g,100,370,0.4,12,0,0,0,0,0,0,Meals / Prepared Food,curated,"Water, Sugar"
442,Drinks,Alcoholic Beverages,Chardonnay White Wine,,"chardonnay white wine, chardonnay white wines, chardonnay-white-wine",100,g,100,168,0.1,4.3,0,0,1.9,0,27,0,Meals / Prepared Food,curated,"Water, Sugar"
443,Drinks,Alcoholic Beverages,Chenin Blanc White Wine,,"chenin blanc white wine, chenin blanc white wines, chenin-blanc-white-wine",100,g,100,118,0.1,4.9,0,0,0,0,0,0,Meals / Prepared Food,curated,"Water, Sugar"
444,Drinks,Alcoholic Beverages,Cider Vinegar,,"cider vinegar, cider vinegars, cider-vinegar",100,g,100,3,0,0.1,0,0,0,0,11,0,Meals / Prepared Food,curated,"Water, Sugar"
445,Drinks,Alcoholic Beverages,Claret Red Wine,,"claret red wine, claret red wines, claret-red-wine",100,g,100,122,0.1,4.4,0,15,0,0,0,0,Meals / Prepared Food,curated,"Water, Sugar"
446,Drinks,Alcoholic Beverages,Cooking Wine,,"cooking wine, cooking wines, cooking-wine",100,g,100,2,0,0.3,0,0,0.1,0,2,0,Meals / Prepared Food,curated,"Water, Sugar"
447,Drinks,Alcoholic Beverages,Daiquiri,,"daiquiri, daiquiris",100,g,100,112,0,4.2,0,0,3.3,0.1,8,0,Meals / Prepared Food,curated,"Water, Sugar"
448,Drinks,Alcoholic Beverages,Dessert Wine Dry,,"dessert wine dry, dessert wine dries, dessert-wine-dry",100,g,100,760,1,58.4,0,76.5,5.5,0,0,0,Meals / Prepared Food,curated,"Water, Sugar"
449,Drinks,Alcoholic Beverages,Dessert Wine Sweet,,"dessert wine sweet, dessert wine sweets, dessert-wine-sweet",100,g,100,165,0.2,14.1,0,0,8,0,47,0,Meals / Prepared Food,curated,"Water, Sugar"
450,Drinks,Alcoholic Beverages,Fume Blanc White Wine,,"fume blanc white wine, fume blanc white wines, fume-blanc-white-wine",100,g,100,121,0.1,3.3,0,15.4,0,0,0,0,Meals / Prepared Food,curated,"Water, Sugar"
451,Drinks,Alcoholic Beverages,Gamay Red Wine,,"gamay red wine, gamay red wines, gamay-red-wine",100,g,100,115,0.1,3.5,0,14.4,0,0,0,0,Meals / Prepared Food,curated,"Water, Sugar"
452,Drinks,Alcoholic Beverages,Gewurztraminer White Wine,,"gewurztraminer white wine, gewurztraminer white wines, gewurztraminer-white-wine",100,g,100,119,0.1,3.8,0,0,0,0,0,0,Meals / Prepared Food,curated,"Water, Sugar"
453,Drinks,Alcoholic Beverages,Gin,,"gin, gins",100,g,100,53,0,0,0,0,0,0,29,0,Meals / Prepared Food,curated,"Water, Sugar"
454,Drinks,Alcoholic Beverages,Late Harvest White Wine,,"late harvest white wine, late harvest white wines, late-harvest-white-wine",100,g,100,172,0.1,20.6,0,13.1,0,0,0,0,Meals / Prepared Food,curated,"Water, Sugar"
455,Drinks,Alcoholic Beverages,Lemberger Red Wine,,"lemberger red wine, lemberger red wines, lemberger-red-wine",100,g,100,118,0.1,3.6,0,15,0,0,0,0,Meals / Prepared Food,curated,"Water, Sugar"
456,Drinks,Alcoholic Beverages,Malt Beverage,,"malt beverage, malt beverages, malt-beverage",100,g,100,88,0.5,19.1,0.3,0,19.1,0,20,0,Meals / Prepared Food,curated,"Water, Sugar"
457,Drinks,Alcoholic Beverages,Merlot Red Wine,,"merlot red wine, merlot red wines, merlot-red-wine",100,g,100,122,0.1,3.7,0,0,0.9,0,11,0,Meals / Prepared Food,curated,"Water, Sugar"
458,Drinks,Alcoholic Beverages,Mouvedre Red Wine,,"mouvedre red wine, mouvedre red wines, mouvedre-red-wine",100,g,100,129,0.1,3.9,0,16.5,0,0,0,0,Meals / Prepared Food,curated,"Water, Sugar"
459,Drinks,Alcoholic Beverages,Muller Thurgau White Wine,,"muller thurgau white wine, muller thurgau white wines, muller-thurgau-white-wine",100,g,100,112,0.1,5.2,0,13.3,0,0,0,0,Meals / Prepared Food,curated,"Water, Sugar"
460,Drinks,Alcoholic Beverages,Muscat White Wine,,"muscat white wine, muscat white wines, muscat-white-wine",100,g,100,123,0.1,7.8,0,0,0,0,0,0,Meals / Prepared Food,curated,"Water, Sugar"
461,Drinks,Alcoholic Beverages,Non Alcoholic Wine,,"non alcoholic wine, non alcoholic wines, non-alcoholic-wine",100,g,100,2,0.1,0.3,0,0,0.3,0,95,0,Meals / Prepared Food,curated,"Water, Sugar"
462,Drinks,Alcoholic Beverages,Petite Sirah Red Wine,,"petite sirah red wine, petite sirah red wines, petite-sirah-red-wine",100,g,100,125,0.1,3.9,0,15.7,0,0,0,0,Meals / Prepared Food,curated,"Water, Sugar"
463,Drinks,Alcoholic Beverages,Pina Colada,,"pina colada, pina coladas, pina-colada",100,g,100,245,0.6,32,2.7,0.4,31.5,2.3,89,0,Meals / Prepared Food,curated,"Water, Sugar"
464,Drinks,Alcoholic Beverages,Pinot Blanc White Wine,,"pinot blanc white wine, pinot blanc white wines, pinot-blanc-white-wine",100,g,100,119,0.1,2.9,0,0,0,0,0,0,Meals / Prepared Food,curated,"Water, Sugar"
465,Drinks,Alcoholic Beverages,Pinot Gris Grigio White Wine,,"pinot gris grigio white wine, pinot gris grigio white wines, pinot-gris-grigio-white-wine",100,g,100,122,0.1,3,0,0,0,0,0,0,Meals / Prepared Food,curated,"Water, Sugar"
466,Drinks,Alcoholic Beverages,Pinot Noir Red Wine,,"pinot noir red wine, pinot noir red wines, pinot-noir-red-wine",100,g,100,121,0.1,3.4,0,0,0,0,0,0,Meals / Prepared Food,curated,"Water, Sugar"
467,Drinks,Alcoholic Beverages,Red Wine,,"red wine, red wines, red-wine",100,g,100,125,0.1,3.8,0,0,0.9,0,27,0,Meals / Prepared Food,curated,"Water, Sugar"
468,Drinks,Alcoholic Beverages,Red Wine Vinegar,,"red wine vinegar, red wine vinegars, red-wine-vinegar",100,g,100,3,0.1,0,0,0,0,0,92,0,Meals / Prepared Food,curated,"Water, Sugar"
469,Drinks,Alcoholic Beverages,Riesling White Wine,,"riesling white wine, riesling white wines, riesling-white-wine",100,g,100,118,0.1,5.5,0,0,0,0,0,0,Meals / Prepared Food,curated,"Water, Sugar"
470,Drinks,Alcoholic Beverages,Root Beer,,"root beer, root beers, root-beer",100,g,100,202,0,52.3,0,0,52.3,0,68,0,Meals / Prepared Food,curated,"Water, Sugar"
471,Drinks,Alcoholic Beverages,Rum,,"rum, rums",100,g,100,49,0,0,0,0,0,0,53,0,Meals / Prepared Food,curated,"Water, Sugar"
472,Drinks,Alcoholic Beverages,Sangiovese Red Wine,,"sangiovese red wine, sangiovese red wines, sangiovese-red-wine",100,g,100,126,0.1,3.9,0,0,0,0,0,0,Meals / Prepared Food,curated,"Water, Sugar"
473,Drinks,Alcoholic Beverages,Sauvignon Blanc White Wine,,"sauvignon blanc white wine, sauvignon blanc white wines, sauvignon-blanc-white-wine",100,g,100,119,0.1,3,0,0,0,0,0,0,Meals / Prepared Food,curated,"Water, Sugar"
474,Drinks,Alcoholic Beverages,Semillon White Wine,,"semillon white wine, semillon white wines, semillon-white-wine",100,g,100,121,0.1,4.6,0,14.9,0,0,0,0,Meals / Prepared Food,curated,"Water, Sugar"
475,Drinks,Alcoholic Beverages,Syrah Red Wine,,"syrah red wine, syrah red wines, syrah-red-wine",100,g,100,122,0.1,3.8,0,0,0,0,0,0,Meals / Prepared Food,curated,"Water, Sugar"
476,Drinks,Alcoholic Beverages,Table Wine,,"table wine, table wines, table-wine",100,g,100,123,0.1,4,0,0,1.2,0,87,0,Meals / Prepared Food,curated,"Water, Sugar"
477,Drinks,Alcoholic Beverages,Tequila Sunrise,,"tequila sunrise, tequila sunrises, tequila-sunrise",100,g,100,232,0.6,23.8,0.2,0,0,0,100,0,Meals / Prepared Food,curated,"Water, Sugar"
478,Drinks,Alcoholic Beverages,Vodka Smirnoff,,"vodka smirnoff, vodka smirnoffs, vodka-smirnoff",100,g,100,13,0,2,0.4,0,0.1,0,0,0,Meals / Prepared Food,curated,"Water, Sugar"
479,Drinks,Alcoholic Beverages,Weizenbier Erdinger,,"weizenbier erdinger, weizenbier erdingers, weizenbier-erdinger",100,g,100,220,0,0,18,0,0,13,0,0,Meals / Prepared Food,curated,"Water, Sugar"
480,Drinks,Alcoholic Beverages,Whiskey,,"whiskey, whiskeys",100,g,100,58,0,0.1,0,0,0.1,0,0,0,Meals / Prepared Food,curated,"Water, Sugar"
481,Drinks,Alcoholic Beverages,Whiskey Sour,,"whiskey sour, whiskey sours, whiskey-sour",100,g,100,158,0,13.9,0,0,0,0,67,0,Meals / Prepared Food,curated,"Water, Sugar"
482,Drinks,Alcoholic Beverages,Whiskey Sour Mix,,"whiskey sour mix, whiskey sour mixes, whiskey-sour-mix",100,g,100,26,0.1,6.3,0.1,0,6.3,0.1,73,0,Meals / Prepared Food,curated,"Water, Sugar"
483,Drinks,Alcoholic Beverages,White Wine,,"white wine, white wines, white-wine",100,g,100,121,0.1,3.8,0,0,1.4,0,98,0,Meals / Prepared Food,curated,"Water, Sugar"
484,Drinks,Alcoholic Beverages,Wine Light,,"wine light, wine lights, wine-light",100,g,100,73,0.1,1.7,0,0,1.7,0,46,0,Meals / Prepared Food,curated,"Water, Sugar"
485,Drinks,Alcoholic Beverages,Zinfandel Red Wine,,"zinfandel red wine, zinfandel red wines, zinfandel-red-wine",100,g,100,129,0.1,4.2,0,0,0,0,0,0,Meals / Prepared Food,curated,"Water, Sugar"
486,Drinks,Coffee & Tea,Black Tea,,"black tea, black teas, black-tea",100,g,100,2,0,0.7,0,0,0,0.1,91,0,Meals / Prepared Food,curated,"Water, Sugar"
487,Drinks,Coffee & Tea,Caramel Med Iced Coffee Dunkin Donuts,,"caramel med iced coffee dunkin donuts, caramel med iced coffee dunkin donut, caramel med iced coffee dunkin donutses, caramel-med-iced-coffee-dunkin-donuts",100,g,100,268,0,0,9,0,0,41,0,0,Meals / Prepared Food,curated,"Water, Sugar"
488,Drinks,Coffee & Tea,Chamomile Tea,,"chamomile tea, chamomile teas, chamomile-tea",100,g,100,2,0,0.4,0,0,0,0,3,0,Meals / Prepared Food,curated,"Water, Sugar"
489,Drinks,Coffee & Tea,Cheese Coffeecake,,"cheese coffeecake, cheese coffeecakes, cheese-coffeecake",100,g,100,258,5.3,33.7,11.6,0.8,0,4.1,300,65,Meals / Prepared Food,curated,"Cheese, Water"
490,Drinks,Coffee & Tea,Chocolate Coffee Beans,,"chocolate coffee beans, chocolate coffee bean, chocolate coffee beanses, chocolate-coffee-beans",100,g,100,155,2.1,15.6,9.4,1.6,14.4,5.1,6,6,Meals / Prepared Food,curated,"Green Beans, Beans, Water"
491,Drinks,Coffee & Tea,Cinnamon Coffeecake,,"cinnamon coffeecake, cinnamon coffeecakes, cinnamon-coffeecake, dalchini",100,g,100,238,3.9,26.6,13.3,1.1,0,3.3,200,18,Meals / Prepared Food,curated,"Cinnamon, Water"
492,Drinks,Coffee & Tea,Coffee,,"coffee, coffees",100,g,100,2,0.3,0,0.1,0,0,0,75,0,Meals / Prepared Food,curated,"Water, Sugar"
493,Drinks,Coffee & Tea,Coffee Decaffeinated,,"coffee decaffeinated, coffee decaffeinateds, coffee-decaffeinated",100,g,100,0,0.2,0,0,0,0,0.1,58,0,Meals / Prepared Food,curated,"Water, Sugar"
494,Drinks,Coffee & Tea,Coffee Liqueur,,"coffee liqueur, coffee liqueurs, coffee-liqueur",100,g,100,96,0,13.8,0,0,13.7,0.1,93,0,Meals / Prepared Food,curated,"Water, Sugar"
495,Drinks,Coffee & Tea,Coffeecake with Chocolate Frosting,,"coffeecake with chocolate frosting, coffeecake with chocolate frostings, coffeecake-with-chocolate-frosting",100,g,100,298,4.5,48.4,9.7,1.8,0,2.5,300,62,Meals / Prepared Food,curated,"Water, Sugar"
496,Drinks,Coffee & Tea,Espresso,,"espresso, espressos",100,g,100,3,0,0.5,0.1,0,0,0.1,83,0,Meals / Prepared Food,curated,"Water, Sugar"
497,Drinks,Coffee & Tea,Espresso Decaffeinated,,"espresso decaffeinated, espresso decaffeinateds, espresso-decaffeinated",100,g,100,3,0.1,0.5,0,0,0,0,11,0,Meals / Prepared Food,curated,"Water, Sugar"
498,Drinks,Coffee & Tea,Fruit Coffeecake,,"fruit coffeecake, fruit coffeecakes, fruit-coffeecake",100,g,100,156,2.6,25.8,5.1,1.3,0,1.2,200,4,Meals / Prepared Food,curated,"Water, Sugar"
499,Drinks,Coffee & Tea,Herb Tea,,"herb tea, herb teas, herb-tea",100,g,100,2,0,0.4,0,0,0,0,64,0,Meals / Prepared Food,curated,"Water, Sugar"
500,Drinks,Coffee & Tea,Hibiscus Tea,,"hibiscus tea, hibiscus teas, hibiscus-tea",100,g,100,74,0.9,14.8,1.3,0.6,12,0.5,91,0,Meals / Prepared Food,curated,"Water, Sugar"
501,Drinks,Coffee & Tea,Ice Tea Lemon Flavor Nestle,,"ice tea lemon flavor nestle, ice tea lemon flavor nestles, ice-tea-lemon-flavor-nestle, nimbu",100,g,100,88,0,22.3,0,0,22.3,0,63,0,Meals / Prepared Food,curated,"Lemons, Water"
502,Drinks,Coffee & Tea,Instant Cappuccino Powder,,"instant cappuccino powder, instant cappuccino powders, instant-cappuccino-powder",100,g,100,53,0.4,11.2,0.7,0.2,9,0.4,74,0,Meals / Prepared Food,curated,"Water, Sugar"
503,Drinks,Coffee & Tea,Instant Coffee Powder,,"instant coffee powder, instant coffee powders, instant-coffee-powder",100,g,100,353,12.2,75.4,0.5,0,0,0.2,51,0,Meals / Prepared Food,curated,"Water, Sugar"
504,Drinks,Coffee & Tea,Instant Coffee Powder Decaffeinated,,"instant coffee powder decaffeinated, instant coffee powder decaffeinateds, instant-coffee-powder-decaffeinated",100,g,100,6,0.2,1.4,0.1,0,0,0,90,0,Meals / Prepared Food,curated,"Water, Sugar"
505,Drinks,Coffee & Tea,Instant Coffee with Water,,"instant coffee with water, instant coffee with waters, instant-coffee-with-water",100,g,100,4,0.2,0.6,0,0,0,0.1,15,0,Meals / Prepared Food,curated,"Water, Sugar"
506,Drinks,Coffee & Tea,Instant Coffee with Water Decaffeinated,,"instant coffee with water decaffeinated, instant coffee with water decaffeinateds, instant-coffee-with-water-decaffeinated",100,g,100,4,0.2,0.8,0,0,0,0,93,0,Meals / Prepared Food,curated,"Water, Sugar"
507,Drinks,Coffee & Tea,Instant Lemon Tea,,"instant lemon tea, instant lemon teas, instant-lemon-tea, nimbu",100,g,100,2,0.1,0.3,0,0,0,0,46,0,Meals / Prepared Food,curated,"Lemons, Water"
508,Drinks,Coffee & Tea,Instant Lemon Tea Sweetened,,"instant lemon tea sweetened, instant lemon tea sweeteneds, instant-lemon-tea-sweetened, nimbu",100,g,100,91,0.1,22.3,0.2,0.3,21.6,0,89,0,Meals / Prepared Food,curated,"Lemons, Water"
509,Drinks,Coffee & Tea,Pesca Tea Santal,,"pesca tea santal, pesca tea santals, pesca-tea-santal",100,g,100,116,0,0,0,0,0,28.1,0,0,Meals / Prepared Food,curated,"Pesca, Water"
510,Drinks,Coffee & Tea,Sweet Tea Lipton,,"sweet tea lipton, sweet tea liptons, sweet-tea-lipton",100,g,100,130,0,35,0,0,35,0,0,0,Meals / Prepared Food,curated,"Water, Sugar"
511,Drinks,Coffee & Tea,Tea Blueberry Muffin Tekanne,,"tea blueberry muffin tekanne, tea blueberry muffin tekannes, tea-blueberry-muffin-tekanne",100,g,100,4,0,0.4,0.2,0,0,0.2,0,0,Meals / Prepared Food,curated,"Blueberries, Water"
512,Drinks,Coffee & Tea,Tea with Milk and Sugar Yorkshire,,"tea with milk and sugar yorkshire, cheeni, doodh, shakkar, tea with milk and sugar yorkshires, tea-with-milk-and-sugar-yorkshire",100,g,100,15,0,0.4,0.5,0,0,0.3,0,0,Meals / Prepared Food,curated,"Milk, Sugar/Jaggery, Water"
513,Drinks,Energy & Sports Drinks,Amp Energy Pepsi,,"amp energy pepsi, amp energy pepsis, amp-energy-pepsi",100,g,100,110,0.6,29,0.2,0,29,0,93,0,Meals / Prepared Food,curated,"Water, Sugar"
514,Drinks,Energy & Sports Drinks,Amp Energy Sugar Free Pepsi,,"amp energy sugar free pepsi, amp energy sugar free pepsis, amp-energy-sugar-free-pepsi, cheeni, shakkar",100,g,100,5,0,2.5,0,0,0,0,93,0,Meals / Prepared Food,curated,"Sugar/Jaggery, Water"
515,Drinks,Energy & Sports Drinks,Energy Drink Red Bull,,"energy drink red bull, energy drink red bulls, energy-drink-red-bull",100,g,100,111,1.2,26.4,0,0,26.4,0,100,0,Meals / Prepared Food,curated,"Water, Sugar"
516,Drinks,Energy & Sports Drinks,Energy Drink Sugar Free Red Bull,,"energy drink sugar free red bull, cheeni, energy drink sugar free red bulls, energy-drink-sugar-free-red-bull, shakkar",100,g,100,13,0.6,1.8,0.2,0,0,0,8,0,Meals / Prepared Food,curated,"Sugar/Jaggery, Water"
517,Drinks,Energy & Sports Drinks,Gatorade G2 Pepsi,,"gatorade g2 pepsi, gatorade g2 pepsis, gatorade-g2-pepsi",100,g,100,2,0.1,0.6,0.1,0,0.4,0,11,0,Meals / Prepared Food,curated,"Water, Sugar"
518,Drinks,Energy & Sports Drinks,Sports Drink,,"sports drink, sports drinks, sports-drink",100,g,100,26,0,7.2,0,0,0,0,73,0,Meals / Prepared Food,curated,"Water, Sugar"
519,Drinks,Juices & Milkshakes,Acerola Cherry Juice,,"acerola cherry juice, acerola cherry juices, acerola-cherry-juice",100,g,100,56,1,11.6,0.7,0.7,10.9,0.2,82,0,Meals / Prepared Food,curated,"Acerola Cherry, Cherries, Water"
520,Drinks,Juices & Milkshakes,Apple Juice,,"apple juice, apple juices, apple-juice, seb",100,g,100,114,0.2,28,0.3,0.5,23.9,0.1,38,0,Meals / Prepared Food,curated,"Apple, Water"
521,Drinks,Juices & Milkshakes,Apple Juice Concentrate,,"apple juice concentrate, apple juice concentrates, apple-juice-concentrate, seb",100,g,100,350,1.1,86.5,0.8,0.8,81.9,0.1,49,0,Meals / Prepared Food,curated,"Apple, Water"
522,Drinks,Juices & Milkshakes,Apple Juice Martinellis,,"apple juice martinellis, apple juice martinelli, apple juice martinellises, apple-juice-martinellis, seb",100,g,100,122,0,0,0,0,0,0,0,0,Meals / Prepared Food,curated,"Apple, Water"
523,Drinks,Juices & Milkshakes,Apricot Juice,,"apricot juice, apricot juices, apricot-juice, khubani",100,g,100,117,1.5,30.1,0.1,3.9,26.2,0,24,0,Meals / Prepared Food,curated,"Apricot, Water"
524,Drinks,Juices & Milkshakes,Apricot Nectar,,"apricot nectar, apricot nectars, apricot-nectar, khubani",100,g,100,139,0.9,35.7,0.2,1.5,34.2,0.1,25,0,Meals / Prepared Food,curated,"Apricot, Water"
525,Drinks,Juices & Milkshakes,Blackberry Juice,,"blackberry juice, blackberry juices, blackberry-juice",100,g,100,95,0.8,19.5,1.5,0.3,19.3,0.1,72,0,Meals / Prepared Food,curated,"Blackberries, Water"
526,Drinks,Juices & Milkshakes,Carrot Juice,,"carrot juice, carrot juices, carrot-juice, gajar",100,g,100,80,1.9,18.6,0.3,1.6,7.8,0.1,100,0,Meals / Prepared Food,curated,"Carrot, Carrots, Water"
527,Drinks,Juices & Milkshakes,Citrus Fruit Juice,,"citrus fruit juice, citrus fruit juices, citrus-fruit-juice",100,g,100,114,0.8,28.3,0.1,0.2,20.2,0.1,51,0,Meals / Prepared Food,curated,"Water, Sugar"
528,Drinks,Juices & Milkshakes,Clam Tomato Juice,,"clam tomato juice, clam tomato juices, clam-tomato-juice, tamatar",100,g,100,80,1,18.2,0.3,0.7,5.5,0,600,0,Meals / Prepared Food,curated,"Tomato, Clams, Water"
529,Drinks,Juices & Milkshakes,Cranberry Apple Juice,,"cranberry apple juice, cranberry apple juices, cranberry-apple-juice, seb",100,g,100,154,0,38.8,0.3,0,35.5,0.1,61,0,Meals / Prepared Food,curated,"Cranberries, Apple, Water"
530,Drinks,Juices & Milkshakes,Cranberry Apricot Juice,,"cranberry apricot juice, cranberry apricot juices, cranberry-apricot-juice, khubani",100,g,100,157,0.5,39.7,0,0.2,0,0,7,0,Meals / Prepared Food,curated,"Cranberries, Apricot, Water"
531,Drinks,Juices & Milkshakes,Cranberry Grape Juice,,"cranberry grape juice, angoor, cranberry grape juices, cranberry-grape-juice",100,g,100,137,0.5,34.3,0.2,0.2,0,0.1,79,0,Meals / Prepared Food,curated,"Cranberries, Water"
532,Drinks,Juices & Milkshakes,Cranberry Juice,,"cranberry juice, cranberry juices, cranberry-juice",100,g,100,92,0.8,24.4,0.3,0.2,24.2,0.1,93,0,Meals / Prepared Food,curated,"Cranberries, Water"
533,Drinks,Juices & Milkshakes,Fruit Juice,,"fruit juice, fruit juices, fruit-juice",100,g,100,108,0.3,26.3,0.1,0.2,24.2,0.1,100,0,Meals / Prepared Food,curated,"Water, Sugar"
534,Drinks,Juices & Milkshakes,Fruit Juice Bar,,"fruit juice bar, fruit juice bars, fruit-juice-bar",100,g,100,67,0.9,15.6,0.1,0.8,13.5,0,11,0,Meals / Prepared Food,curated,"Water, Sugar"
535,Drinks,Juices & Milkshakes,Grape Juice,,"grape juice, angoor, grape juices, grape-juice",100,g,100,152,0.9,37.4,0.3,0.5,35.9,0.1,3,0,Meals / Prepared Food,curated,"Water, Sugar"
536,Drinks,Juices & Milkshakes,Grapefruit Juice,,"grapefruit juice, angoor, grapefruit juices, grapefruit-juice",100,g,100,96,1.2,22.7,0.2,0,0,0,61,0,Meals / Prepared Food,curated,"Grapefruit, Water"
537,Drinks,Juices & Milkshakes,Guanabana Nectar,,"guanabana nectar, guanabana nectars, guanabana-nectar",100,g,100,148,0.3,37.5,0.4,0.3,32.8,0.1,61,0,Meals / Prepared Food,curated,"Water, Sugar"
538,Drinks,Juices & Milkshakes,Guava Nectar,,"guava nectar, amrud, guava nectars, guava-nectar",100,g,100,158,0.2,40.8,0.2,2.5,32.5,0,63,0,Meals / Prepared Food,curated,"Guava, Water"
539,Drinks,Juices & Milkshakes,Horchata,,"horchata, horchatas",100,g,100,15,0.1,3.3,0.2,0,2.6,0,13,0,Meals / Prepared Food,curated,"Water, Sugar"
540,Drinks,Juices & Milkshakes,Lemon Juice,,"lemon juice, lemon juices, lemon-juice, nimbu",100,g,100,54,0.9,16.6,0.6,0.7,6.1,0.1,46,0,Meals / Prepared Food,curated,"Lemons, Water"
541,Drinks,Juices & Milkshakes,Lime Juice,,"lime juice, lime juices, lime-juice, nimbu",100,g,100,61,1,20.4,0.2,1,4.1,0.1,14,0,Meals / Prepared Food,curated,"Lime, Water"
542,Drinks,Juices & Milkshakes,Limeade,,"limeade, limeades",100,g,100,128,0,34.1,0,0,32.8,0,71,0,Meals / Prepared Food,curated,"Water, Sugar"
543,Drinks,Juices & Milkshakes,Mango Nectar,,"mango nectar, aam, mango nectars, mango-nectar",100,g,100,128,0.3,32.9,0.2,0.8,31.2,0,61,0,Meals / Prepared Food,curated,"Mango, Water"
544,Drinks,Juices & Milkshakes,Orange Apricot Juice,,"orange apricot juice, khubani, orange apricot juices, orange-apricot-juice, santra",100,g,100,128,0.8,31.8,0.3,0.3,30.2,0,96,0,Meals / Prepared Food,curated,"Apricot, Orange, Water"
545,Drinks,Juices & Milkshakes,Orange Grapefruit Juice,,"orange grapefruit juice, angoor, orange grapefruit juices, orange-grapefruit-juice, santra",100,g,100,106,1.5,25.4,0.2,0.2,25.1,0,82,0,Meals / Prepared Food,curated,"Grapefruit, Orange, Water"
546,Drinks,Juices & Milkshakes,Orange Juice,,"orange juice, orange juices, orange-juice, santra",100,g,100,90,1.4,20.8,0.4,0.4,16.8,0.1,67,0,Meals / Prepared Food,curated,"Orange, Water"
547,Drinks,Juices & Milkshakes,Orange Juice Sainsburys,,"orange juice sainsburys, orange juice sainsbury, orange juice sainsburyses, orange-juice-sainsburys, santra",100,g,100,14,0,0,0.1,0,0,2.5,0,0,Meals / Prepared Food,curated,"Orange, Water"
548,Drinks,Juices & Milkshakes,Orange Pineapple Juice,,"orange pineapple juice, ananas, orange pineapple juices, orange-pineapple-juice, santra",100,g,100,15,0.1,3.6,0.1,0,3.1,0.1,44,0,Meals / Prepared Food,curated,"Pineapple, Orange, Water"
549,Drinks,Juices & Milkshakes,Orangensaft Ja,,"orangensaft ja, orangensaft jas, orangensaft-ja",100,g,100,86,0,1.4,0,0,0,0,0,0,Meals / Prepared Food,curated,"Water, Sugar"
550,Drinks,Juices & Milkshakes,Papaya Nectar,,"papaya nectar, papaya nectars, papaya-nectar, papita",100,g,100,143,0.4,36.3,0.4,1.5,34.8,0.1,82,0,Meals / Prepared Food,curated,"Papaya, Water"
551,Drinks,Juices & Milkshakes,Passion Fruit Juice Purple,,"passion fruit juice purple, passion fruit juice purples, passion-fruit-juice-purple",100,g,100,148,1.7,35.7,0.4,0.5,35.2,0.1,84,0,Meals / Prepared Food,curated,"Passion Fruit, Water"
552,Drinks,Juices & Milkshakes,Passion Fruit Juice Yellow,,"passion fruit juice yellow, passion fruit juice yellows, passion-fruit-juice-yellow",100,g,100,126,1,33.6,0.1,0.5,33.1,0,3,0,Meals / Prepared Food,curated,"Passion Fruit, Water"
553,Drinks,Juices & Milkshakes,Peach Nectar,,"peach nectar, peach nectars, peach-nectar",100,g,100,125,0.5,29.7,1.3,0.2,27.8,0.6,77,0,Meals / Prepared Food,curated,"Peach, Water"
554,Drinks,Juices & Milkshakes,Pear Nectar,,"pear nectar, nashpati, pear nectars, pear-nectar",100,g,100,150,0.3,39.4,0.1,1.5,0,0,56,0,Meals / Prepared Food,curated,"Pear, Water"
555,Drinks,Juices & Milkshakes,Pineapple Grapefruit Juice,,"pineapple grapefruit juice, ananas, angoor, pineapple grapefruit juices, pineapple-grapefruit-juice",100,g,100,118,0.5,29,0.3,0.3,28.8,0.1,54,0,Meals / Prepared Food,curated,"Grapefruit, Pineapple, Water"
556,Drinks,Juices & Milkshakes,Pineapple Juice,,"pineapple juice, ananas, pineapple juices, pineapple-juice",100,g,100,133,0.9,32.2,0.3,0.5,25,0.1,75,0,Meals / Prepared Food,curated,"Pineapple, Water"
557,Drinks,Juices & Milkshakes,Pineapple Orange Juice,,"pineapple orange juice, ananas, pineapple orange juices, pineapple-orange-juice, santra",100,g,100,125,3.3,29.5,0,0.3,29,0,69,0,Meals / Prepared Food,curated,"Pineapple, Orange, Water"
558,Drinks,Juices & Milkshakes,Pomegranate Juice,,"pomegranate juice, anar, pomegranate juices, pomegranate-juice",100,g,100,134,0.4,32.7,0.7,0.2,31.5,0.2,89,0,Meals / Prepared Food,curated,"Pomegranate, Water"
559,Drinks,Juices & Milkshakes,Prune Juice,,"prune juice, prune juices, prune-juice",100,g,100,182,1.6,44.7,0,2.6,42.1,0,100,0,Meals / Prepared Food,curated,"Water, Sugar"
560,Drinks,Juices & Milkshakes,Smoothie High Protein Creamy Chocolate Slimfast,,"smoothie high protein creamy chocolate slimfast, smoothie high protein creamy chocolate slimfasts, smoothie-high-protein-creamy-chocolate-slimfast",100,g,100,110,12,2.1,3.5,0,1,0.5,200,5,Meals / Prepared Food,curated,"Water, Sugar"
561,Drinks,Juices & Milkshakes,Tamarind Nectar,,"tamarind nectar, imli, tamarind nectars, tamarind-nectar",100,g,100,143,0.2,37,0.3,1.3,31.9,0,46,0,Meals / Prepared Food,curated,"Tamarind, Tamarinds, Water"
562,Drinks,Juices & Milkshakes,Tangerine Juice,,"tangerine juice, tangerine juices, tangerine-juice",100,g,100,106,1.2,24.9,0.5,0.5,24.5,0.1,22,0,Meals / Prepared Food,curated,"Tangerine, Water"
563,Drinks,Juices & Milkshakes,Tomato Juice,,"tomato juice, tamatar, tomato juices, tomato-juice",100,g,100,41,2.1,8.6,0.7,1,6.3,0,63,0,Meals / Prepared Food,curated,"Tomato, Water"
564,Drinks,Juices & Milkshakes,Tomato Vegetable Juice,,"tomato vegetable juice, tamatar, tomato vegetable juices, tomato-vegetable-juice",100,g,100,53,1.5,11.1,0.2,1.9,9.2,0,200,0,Meals / Prepared Food,curated,"Tomato, Water"
565,Drinks,Juices & Milkshakes,Tomatoes in Tomato Juice Canned,,"tomatoes in tomato juice canned, tamatar, tomatoes-in-tomato-juice-canned",100,g,100,41,1.9,9.6,0.3,2.4,5.7,0.1,300,0,Meals / Prepared Food,curated,"Tomato, Tomatoes, Water"
566,Drinks,Juices & Milkshakes,Vegetable Fruit Juice,,"vegetable fruit juice, vegetable fruit juices, vegetable-fruit-juice",100,g,100,9,0.1,2.2,0,0,0.6,0,43,0,Meals / Prepared Food,curated,"Water, Sugar"
567,Drinks,Juices & Milkshakes,Vegetable Juice,,"vegetable juice, vegetable juices, vegetable-juice",100,g,100,53,1.5,11.1,0.2,1.9,7.9,0.1,100,0,Meals / Prepared Food,curated,"Water, Sugar"
568,Drinks,Juices & Milkshakes,White Grapefruit Juice,,"white grapefruit juice, angoor, white grapefruit juices, white-grapefruit-juice",100,g,100,96,1.2,22.7,0.2,0.2,22.5,0.1,18,0,Meals / Prepared Food,curated,"White Grapefruit, Grapefruit, Water"
569,Drinks,Other Beverages,Cocoa Butter Oil,,"cocoa butter oil, cocoa butter oils, cocoa-butter-oil, makhan",100,g,100,120,0,0,13.6,0,0,8.1,0,0,Meals / Prepared Food,curated,"Butter, Water"
570,Drinks,Other Beverages,Cocoa Powder,,"cocoa powder, cocoa powders, cocoa-powder",100,g,100,28,0.5,5.9,0.3,0.3,4.6,0.2,34,0,Meals / Prepared Food,curated,"Water, Sugar"
571,Drinks,Other Beverages,Cocoa Powder Unsweetened,,"cocoa powder unsweetened, cocoa powder unsweeteneds, cocoa-powder-unsweetened",100,g,100,12,1.1,3.1,0.7,1.8,0.1,0.4,62,0,Meals / Prepared Food,curated,"Water, Sugar"
572,Drinks,Other Beverages,Eggnog,,"eggnog, eggnogs",100,g,100,224,11.6,20.4,10.6,0,20.4,6.6,100,150,Meals / Prepared Food,curated,"Water, Sugar"
573,Drinks,Other Beverages,Fruchtcocktail Granini,,"fruchtcocktail granini, fruchtcocktail graninis, fruchtcocktail-granini",100,g,100,102,0,1,0.4,0,0,0.2,0,0,Meals / Prepared Food,curated,"Water, Sugar"
574,Drinks,Other Beverages,Fruit Flavored Water,,"fruit flavored water, fruit flavored waters, fruit-flavored-water",100,g,100,52,0,13,0,0,13,0,0,0,Meals / Prepared Food,curated,"Water, Sugar"
575,Drinks,Other Beverages,Fruit Punch,,"fruit punch, fruit punches, fruit-punch, with fresh juices, with squashes",100,g,382.4,52.4,0.1,13.3,0.1,0.1,5,0,28,0,Meals / Prepared Food,curated,"Water, Sugar"
576,Drinks,Other Beverages,Grenadine,,"grenadine, grenadines",100,g,100,54,0,13.4,0,0,9.3,0,38,0,Meals / Prepared Food,curated,"Water, Sugar"
577,Drinks,Other Beverages,Lemonade Low Calorie,,"lemonade low calorie, lemonade low calories, lemonade-low-calorie",100,g,100,7,0.1,1.6,0,0,0,0,13,0,Meals / Prepared Food,curated,"Water, Sugar"
578,Drinks,Other Beverages,Pink Lemonade,,"pink lemonade, pink lemonades, pink-lemonade",100,g,100,86,0.1,21.6,0.3,0.2,20.6,0.1,10,0,Meals / Prepared Food,curated,"Water, Sugar"
579,Drinks,Other Beverages,Table Water,,"table water, table waters, table-water",100,g,100,0,0,0,0,0,0,0,44,0,Meals / Prepared Food,curated,"Water, Sugar"
580,Drinks,Other Beverages,Tap Water,,"tap water, tap waters, tap-water",100,g,100,0,0,0,0,0,0,0,18,0,Meals / Prepared Food,curated,"Water, Sugar"
581,Drinks,Other Beverages,Water,,"water, waters",100,g,100,0,0,0,0,0,0,0,24,0,Meals / Prepared Food,curated,"Water, Sugar"
582,Drinks,Other Beverages,Water Dannon,,"water dannon, water dannons, water-dannon",100,g,100,0,0,0,0,0,0,0,0,0,Meals / Prepared Food,curated,"Water, Sugar"
583,Drinks,Other Beverages,Watercress,,"watercress, watercresses",100,g,100,4,0.8,0.4,0,0.2,0.1,0.1,38,0,Meals / Prepared Food,curated,"Water, Sugar"
584,Drinks,Other Beverages,Watermelon,,"watermelon, tarbooj, watermelons",100,g,100,86,1.7,21.6,0.4,1.1,17.7,0,43,0,Meals / Prepared Food,curated,"Water, Sugar"
585,Drinks,Other Beverages,Watermelon Seed Kernels Dried,,"watermelon seed kernels dried, tarbooj, watermelon-seed-kernels-dried",100,g,100,602,30.6,16.5,51.2,0,0,10.6,100,0,Meals / Prepared Food,curated,"Water, Sugar"
586,Drinks,Other Beverages,White Lemonade,,"white lemonade, white lemonades, white-lemonade",100,g,100,80,0.1,20.8,0,0,20,0.1,20,0,Meals / Prepared Food,curated,"Water, Sugar"
587,Drinks,Soft Drinks & Soda,Baking Soda,,"baking soda, baking sodas, baking-soda",100,g,100,0,0,0,0,0,0,0,1300,0,Meals / Prepared Food,curated,"Water, Sugar"
588,Drinks,Soft Drinks & Soda,Chocolate Soda,,"chocolate soda, chocolate sodas, chocolate-soda",100,g,100,207,0,52.6,0,0,52.6,0,31,0,Meals / Prepared Food,curated,"Water, Sugar"
589,Drinks,Soft Drinks & Soda,Club Soda,,"club soda, club sodas, club-soda",100,g,100,0,0,0,0,0,0,0,46,0,Meals / Prepared Food,curated,"Water, Sugar"
590,Drinks,Soft Drinks & Soda,Cola,,"cola, colas",100,g,100,74,0.1,19.1,0.1,0,17.9,0,72,0,Meals / Prepared Food,curated,"Water, Sugar"
591,Drinks,Soft Drinks & Soda,Cola Coca Cola,,"cola coca cola, cola coca colas, cola-coca-cola",100,g,100,151,0,38.9,0,0,38.9,0,45,0,Meals / Prepared Food,curated,"Water, Sugar"
592,Drinks,Soft Drinks & Soda,Cola Light Coca Cola,,"cola light coca cola, cola light coca colas, cola-light-coca-cola",100,g,100,0,0,0,0,0,0,0,87,0,Meals / Prepared Food,curated,"Water, Sugar"
593,Drinks,Soft Drinks & Soda,Cola Without Caffeine Coca Cola,,"cola without caffeine coca cola, cola without caffeine coca colas, cola-without-caffeine-coca-cola",100,g,100,151,0,38.9,0,0,38.9,0,40,0,Meals / Prepared Food,curated,"Water, Sugar"
594,Drinks,Soft Drinks & Soda,Cream Soda,,"cream soda, cream sodas, cream-soda, malai",100,g,100,252,0,65.7,0,0,65.7,0,98,0,Meals / Prepared Food,curated,"Cream, Water"
595,Drinks,Soft Drinks & Soda,Full Throttle Coca Cola,,"full throttle coca cola, full throttle coca colas, full-throttle-coca-cola",100,g,100,110,0.6,29,0.2,0,29,0,71,0,Meals / Prepared Food,curated,"Water, Sugar"
596,Drinks,Soft Drinks & Soda,Ginger Ale,,"ginger ale, adrak, ginger ales, ginger-ale",100,g,100,68,0,17.5,0,0,17.4,0,43,0,Meals / Prepared Food,curated,"Ginger, Water"
597,Drinks,Soft Drinks & Soda,Grape Soda,,"grape soda, angoor, grape sodas, grape-soda",100,g,100,160,0,41.7,0,0,0,0,42,0,Meals / Prepared Food,curated,"Water, Sugar"
598,Drinks,Soft Drinks & Soda,Lemon Lime Soda,,"lemon lime soda, lemon lime sodas, lemon-lime-soda, nimbu",100,g,100,151,0.3,38.4,0,0,37.6,0,24,0,Meals / Prepared Food,curated,"Lemons, Lime, Water"
599,Drinks,Soft Drinks & Soda,Powerade Coca Cola,,"powerade coca cola, powerade coca colas, powerade-coca-cola",100,g,100,9,0,2.3,0,0,1.8,0.1,5,0,Meals / Prepared Food,curated,"Water, Sugar"
600,Drinks,Soft Drinks & Soda,Powerade Zero Ion4 Coca Cola,,"powerade zero ion4 coca cola, powerade zero ion4 coca colas, powerade-zero-ion4-coca-cola",100,g,100,0,0,0,0,0,0,0,30,0,Meals / Prepared Food,curated,"Water, Sugar"
601,Drinks,Soft Drinks & Soda,Sprite Coca Cola,,"sprite coca cola, sprite coca colas, sprite-coca-cola",100,g,100,80,0.1,20.3,0.1,0,18,0,21,0,Meals / Prepared Food,curated,"Water, Sugar"
602,Drinks,Soft Drinks & Soda,Tonic Water,,"tonic water, tonic waters, tonic-water",100,g,100,114,0,29.6,0,0,29.6,0,49,0,Meals / Prepared Food,curated,"Water, Sugar"
603,Fast Food,Burgers & Sandwiches,Beef Sandwich Steak Raw,,"beef sandwich steak raw, beef-sandwich-steak-raw",100,g,100,173,9.2,0,15.1,0,0,6.5,43,40,Meals / Prepared Food,curated,"Beef, Refined Flour (Maida), Cheese, Cooking Oil"
604,Fast Food,Burgers & Sandwiches,Big Mac Mcdonalds,,"big mac mcdonalds, big mac mcdonald, big mac mcdonaldses, big-mac-mcdonalds",100,g,100,563,25.9,44,32.8,3.5,8.7,8.3,1000,79,Meals / Prepared Food,curated,"Refined Flour (Maida), Cheese, Cooking Oil"
605,Fast Food,Burgers & Sandwiches,Big N Tasty Mcdonalds,,"big n tasty mcdonalds, big n tasty mcdonald, big n tasty mcdonaldses, big-n-tasty-mcdonalds",100,g,100,524,24.7,38.5,31.7,3.2,8.8,8.6,700,77,Meals / Prepared Food,curated,"Refined Flour (Maida), Cheese, Cooking Oil"
606,Fast Food,Burgers & Sandwiches,Big N Tasty with Cheese Mcdonalds,,"big n tasty with cheese mcdonalds, big n tasty with cheese mcdonald, big n tasty with cheese mcdonaldses, big-n-tasty-with-cheese-mcdonalds",100,g,100,573,27.2,39.7,36,3.2,9.5,10.8,1000,91,Meals / Prepared Food,curated,"Cheese, Refined Flour (Maida), Cooking Oil"
607,Fast Food,Burgers & Sandwiches,Cheeseburger,,"cheeseburger, cheeseburgers",100,g,100,292,15,28.7,13.2,1.6,5.9,6,600,41,Meals / Prepared Food,curated,"Refined Flour (Maida), Cheese, Cooking Oil"
608,Fast Food,Burgers & Sandwiches,Cheeseburger Burger King,,"cheeseburger burger king, cheeseburger burger kings, cheeseburger-burger-king",100,g,100,380,19.4,31.5,19.7,3.7,6,9.1,800,60,Meals / Prepared Food,curated,"Refined Flour (Maida), Cheese, Cooking Oil"
609,Fast Food,Burgers & Sandwiches,Cheeseburger Mcdonalds,,"cheeseburger mcdonalds, cheeseburger mcdonald, cheeseburger mcdonaldses, cheeseburger-mcdonalds",100,g,100,313,15.4,33.1,14,1.3,7.4,5.3,700,42,Meals / Prepared Food,curated,"Refined Flour (Maida), Cheese, Cooking Oil"
610,Fast Food,Burgers & Sandwiches,Chicken Sandwich,,"chicken sandwich, chicken sandwiches, chicken-sandwich, murgi, toasted",100,g,81.2,296.2,18.5,27.8,12.7,2,3.5,3.3,706,45,Meals / Prepared Food,curated,"Chicken, Refined Flour (Maida), Cheese, Cooking Oil"
611,Fast Food,Burgers & Sandwiches,Chicken Sandwich with Cheese,,"chicken sandwich with cheese, chicken sandwich with cheeses, chicken-sandwich-with-cheese, murgi",100,g,100,632,29.4,41.6,38.8,0,0,12.4,1200,78,Meals / Prepared Food,curated,"Chicken, Cheese, Refined Flour (Maida), Cooking Oil"
612,Fast Food,Burgers & Sandwiches,Chicken Strips Burger King,,"chicken strips burger king, chicken strips burger kings, chicken-strips-burger-king, murgi",100,g,100,105,6.6,7.4,5.5,0.5,0,1,300,16,Meals / Prepared Food,curated,"Chicken, Refined Flour (Maida), Cheese, Cooking Oil"
613,Fast Food,Burgers & Sandwiches,Crispy Chicken Sandwich,,"crispy chicken sandwich, crispy chicken sandwiches, crispy-chicken-sandwich, murgi",100,g,100,350,14.8,33.2,17.6,0,3.9,3.3,700,0,Meals / Prepared Food,curated,"Chicken, Refined Flour (Maida), Cheese, Cooking Oil"
614,Fast Food,Burgers & Sandwiches,Double Cheeseburger,,"double cheeseburger, double cheeseburgers, double-cheeseburger",100,g,100,643,37,41,36.9,2.1,9.5,15.9,900,114,Meals / Prepared Food,curated,"Refined Flour (Maida), Cheese, Cooking Oil"
615,Fast Food,Burgers & Sandwiches,Double Hamburger,,"double hamburger, double hamburgers, double-hamburger",100,g,100,942,52.1,51.4,58.6,5.2,13.2,21.6,1100,172,Meals / Prepared Food,curated,"Refined Flour (Maida), Cheese, Cooking Oil"
616,Fast Food,Burgers & Sandwiches,Double Whopper Burger King,,"double whopper burger king, double whopper burger kings, double-whopper-burger-king",100,g,100,942,52.1,51.4,58.6,5.2,13.2,21.6,1100,172,Meals / Prepared Food,curated,"Refined Flour (Maida), Cheese, Cooking Oil"
617,Fast Food,Burgers & Sandwiches,Egg Cheese Sandwich,,"egg cheese sandwich, anda, egg cheese sandwiches, egg-cheese-sandwich",100,g,100,340,15.6,25.9,19.4,0,0,6.6,800,290,Meals / Prepared Food,curated,"Egg, Cheese, Refined Flour (Maida), Cooking Oil"
618,Fast Food,Burgers & Sandwiches,Fish Sandwich,,"fish sandwich, fish sandwiches, fish-sandwich, machli",100,g,180.3,357.6,13.7,34.4,18.9,0.6,4.4,3.1,731,43,Meals / Prepared Food,curated,"Fish, Refined Flour (Maida), Cheese, Cooking Oil"
619,Fast Food,Burgers & Sandwiches,Fish Sandwich with Cheese,,"fish sandwich with cheese, fish sandwich with cheeses, fish-sandwich-with-cheese, machli",100,g,100,374,15.1,35.4,19.6,0,4.9,3.8,600,50,Meals / Prepared Food,curated,"Fish, Cheese, Refined Flour (Maida), Cooking Oil"
620,Fast Food,Burgers & Sandwiches,French Fries Burger King,,"french fries burger king, french fries burger kings, french-fries-burger-king",100,g,100,207,2.4,28.6,9.2,2.1,0.4,1.6,200,0,Meals / Prepared Food,curated,"Refined Flour (Maida), Cheese, Cooking Oil"
621,Fast Food,Burgers & Sandwiches,Grilled Chicken Sandwich Wendys,,"grilled chicken sandwich wendys, grilled chicken sandwich wendy, grilled chicken sandwich wendyses, grilled-chicken-sandwich-wendys, murgi",100,g,100,370,0,0,8,0,0,42,0,0,Meals / Prepared Food,curated,"Chicken, Refined Flour (Maida), Cheese, Cooking Oil"
622,Fast Food,Burgers & Sandwiches,Ham Cheese Sandwich,,"ham cheese sandwich, ham cheese sandwiches, ham-cheese-sandwich",100,g,100,352,20.7,33.3,15.5,0,0,6.4,800,58,Meals / Prepared Food,curated,"Pork, Cheese, Ham, Refined Flour (Maida), Cooking Oil"
623,Fast Food,Burgers & Sandwiches,Ham Egg Cheese Sandwich,,"ham egg cheese sandwich, anda, ham egg cheese sandwiches, ham-egg-cheese-sandwich",100,g,100,347,19.2,30.9,16.3,0,0,7.4,1000,246,Meals / Prepared Food,curated,"Pork, Egg, Cheese, Ham, Refined Flour (Maida), Cooking Oil"
624,Fast Food,Burgers & Sandwiches,Hamburger,,"hamburger, hamburgers",100,g,100,255,12.9,28.7,9.9,1.7,5.8,3.5,500,28,Meals / Prepared Food,curated,"Refined Flour (Maida), Cheese, Cooking Oil"
625,Fast Food,Burgers & Sandwiches,Hamburger Burger King,,"hamburger burger king, hamburger burger kings, hamburger-burger-king",100,g,100,258,14.7,26.5,10.4,2,5.5,3.8,500,35,Meals / Prepared Food,curated,"Refined Flour (Maida), Cheese, Cooking Oil"
626,Fast Food,Burgers & Sandwiches,Hamburger Mcdonalds,,"hamburger mcdonalds, hamburger mcdonald, hamburger mcdonaldses, hamburger-mcdonalds",100,g,100,251,12.3,28.8,9.6,1.2,5.7,3.3,500,26,Meals / Prepared Food,curated,"Refined Flour (Maida), Cheese, Cooking Oil"
627,Fast Food,Burgers & Sandwiches,Hotdog,,"hotdog, hotdogs",100,g,100,383,16.4,28.5,23,0,0,8.1,1100,70,Meals / Prepared Food,curated,"Refined Flour (Maida), Cheese, Cooking Oil"
628,Fast Food,Burgers & Sandwiches,Hotdog with Chili,,"hotdog with chili, hotdog with chilis, hotdog-with-chili",100,g,100,296,13.5,31.3,13.4,0,0,4.9,500,51,Meals / Prepared Food,curated,"Refined Flour (Maida), Cheese, Cooking Oil"
629,Fast Food,Burgers & Sandwiches,Limburger Cheese,,"limburger cheese, limburger cheeses, limburger-cheese",100,g,100,98,6,0.1,8.2,0,0.1,5,200,27,Meals / Prepared Food,curated,"Cheese, Refined Flour (Maida), Cooking Oil"
630,Fast Food,Burgers & Sandwiches,Mcchicken Mcdonalds,,"mcchicken mcdonalds, mcchicken mcdonald, mcchicken mcdonaldses, mcchicken-mcdonalds",100,g,100,358,13.7,36.6,17.3,1.7,4.7,3.1,800,35,Meals / Prepared Food,curated,"Refined Flour (Maida), Cheese, Cooking Oil"
631,Fast Food,Burgers & Sandwiches,Onion Rings Burger King,,"onion rings burger king, onion rings burger kings, onion-rings-burger-king, pyaaz, pyaz",100,g,100,379,3.5,39.7,23,2.5,4.9,3.8,700,0,Meals / Prepared Food,curated,"Onion, Onion Rings, Refined Flour (Maida), Cheese, Cooking Oil"
632,Fast Food,Burgers & Sandwiches,Original Chicken Sandwich Burger King,,"original chicken sandwich burger king, murgi, original chicken sandwich burger kings, original-chicken-sandwich-burger-king",100,g,100,569,24.2,52.2,29.2,4.8,6,5.4,1300,62,Meals / Prepared Food,curated,"Chicken, Refined Flour (Maida), Cheese, Cooking Oil"
633,Fast Food,Burgers & Sandwiches,Original Chicken Sandwich Chick Fil a,,"original chicken sandwich chick fil a, murgi, original chicken sandwich chick fil as, original-chicken-sandwich-chick-fil-a",100,g,100,125,0,0,5.1,0,0,11.6,0,0,Meals / Prepared Food,curated,"Chicken, Refined Flour (Maida), Cheese, Cooking Oil"
634,Fast Food,Burgers & Sandwiches,Premium Crispy Chicken Classic Sandwich Mcdonalds,,"premium crispy chicken classic sandwich mcdonalds, murgi, premium crispy chicken classic sandwich mcdonald, premium crispy chicken classic sandwich mcdonaldses, premium-crispy-chicken-classic-sandwich-mcdonalds",100,g,100,524,27.8,58.6,20,3.2,12.4,3.2,1000,60,Meals / Prepared Food,curated,"Chicken, Refined Flour (Maida), Cheese, Cooking Oil"
635,Fast Food,Burgers & Sandwiches,Premium Crispy Chicken Club Sandwich Mcdonalds,,"premium crispy chicken club sandwich mcdonalds, murgi, premium crispy chicken club sandwich mcdonald, premium crispy chicken club sandwich mcdonaldses, premium-crispy-chicken-club-sandwich-mcdonalds",100,g,100,635,39.1,57.4,29.9,3,12.7,8.5,1200,96,Meals / Prepared Food,curated,"Chicken, Refined Flour (Maida), Cheese, Cooking Oil"
636,Fast Food,Burgers & Sandwiches,Premium Crispy Chicken Ranch Blt Sandwich Mcdonalds,,"premium crispy chicken ranch blt sandwich mcdonalds, murgi, premium crispy chicken ranch blt sandwich mcdonald, premium crispy chicken ranch blt sandwich mcdonaldses, premium-crispy-chicken-ranch-blt-sandwich-mcdonalds",100,g,100,586,35.3,59.8,22.9,3.4,13.3,4.7,1200,72,Meals / Prepared Food,curated,"Chicken, Refined Flour (Maida), Cheese, Cooking Oil"
637,Fast Food,Burgers & Sandwiches,Premium Fish Sandwich Burger King,,"premium fish sandwich burger king, machli, premium fish sandwich burger kings, premium-fish-sandwich-burger-king",100,g,100,572,22.6,58.7,27.4,2,7.8,4.3,1300,68,Meals / Prepared Food,curated,"Fish, Refined Flour (Maida), Cheese, Cooking Oil"
638,Fast Food,Burgers & Sandwiches,Premium Grilled Chicken Classic Sandwich Mcdonalds,,"premium grilled chicken classic sandwich mcdonalds, murgi, premium grilled chicken classic sandwich mcdonald, premium grilled chicken classic sandwich mcdonaldses, premium-grilled-chicken-classic-sandwich-mcdonalds",100,g,100,366,28.3,44.6,8.6,2.8,10,1.7,800,68,Meals / Prepared Food,curated,"Chicken, Refined Flour (Maida), Cheese, Cooking Oil"
639,Fast Food,Burgers & Sandwiches,Premium Grilled Chicken Club Sandwich Mcdonalds,,"premium grilled chicken club sandwich mcdonalds, murgi, premium grilled chicken club sandwich mcdonald, premium grilled chicken club sandwich mcdonaldses, premium-grilled-chicken-club-sandwich-mcdonalds",100,g,100,493,38.3,44.3,18,2.7,6.4,6.4,1000,103,Meals / Prepared Food,curated,"Chicken, Refined Flour (Maida), Cheese, Cooking Oil"
640,Fast Food,Burgers & Sandwiches,Premium Grilled Chicken Ranch Blt Sandwich Mcdonalds,,"premium grilled chicken ranch blt sandwich mcdonalds, murgi, premium grilled chicken ranch blt sandwich mcdonald, premium grilled chicken ranch blt sandwich mcdonaldses, premium-grilled-chicken-ranch-blt-sandwich-mcdonalds",100,g,100,412,33.7,44.3,10.9,2.8,10.5,3,1000,77,Meals / Prepared Food,curated,"Chicken, Refined Flour (Maida), Cheese, Cooking Oil"
641,Fast Food,Burgers & Sandwiches,Quarter Pounder Mcdonalds,,"quarter pounder mcdonalds, quarter pounder mcdonald, quarter pounder mcdonaldses, quarter-pounder-mcdonalds",100,g,100,417,24.1,37.9,19.8,2.7,8.8,6.9,700,67,Meals / Prepared Food,curated,"Refined Flour (Maida), Cheese, Cooking Oil"
642,Fast Food,Burgers & Sandwiches,Quarter Pounder with Cheese Mcdonalds,,"quarter pounder with cheese mcdonalds, quarter pounder with cheese mcdonald, quarter pounder with cheese mcdonaldses, quarter-pounder-with-cheese-mcdonalds",100,g,100,513,29,39.7,28.3,2.8,9.8,11.2,1200,94,Meals / Prepared Food,curated,"Cheese, Refined Flour (Maida), Cooking Oil"
643,Fast Food,Burgers & Sandwiches,Roast Beef Sandwich,,"roast beef sandwich, roast beef sandwiches, roast-beef-sandwich",100,g,100,364,22.6,33.1,15.3,1.9,5.7,5.1,1000,45,Meals / Prepared Food,curated,"Beef, Refined Flour (Maida), Cheese, Cooking Oil"
644,Fast Food,Burgers & Sandwiches,Roast Beef Sandwich with Cheese,,"roast beef sandwich with cheese, roast beef sandwich with cheeses, roast-beef-sandwich-with-cheese",100,g,100,473,32.2,45.4,18,0,0,9,1600,77,Meals / Prepared Food,curated,"Beef, Cheese, Refined Flour (Maida), Cooking Oil"
645,Fast Food,Burgers & Sandwiches,Sandwich with Cold Cuts,,"sandwich with cold cuts, sandwich with cold cut, sandwich with cold cutses, sandwich-with-cold-cuts",100,g,100,833,41.1,79.9,39.3,4.7,12.4,13.9,2200,106,Meals / Prepared Food,curated,"Refined Flour (Maida), Cheese, Cooking Oil"
646,Fast Food,Burgers & Sandwiches,Sandwich with Roast Beef,,"sandwich with roast beef, sandwich with roast beefs, sandwich-with-roast-beef",100,g,100,410,28.6,44.3,13,0,0,7.1,800,73,Meals / Prepared Food,curated,"Beef, Refined Flour (Maida), Cheese, Cooking Oil"
647,Fast Food,Burgers & Sandwiches,Sandwich with Tuna Salad,,"sandwich with tuna salad, sandwich with tuna salads, sandwich-with-tuna-salad",100,g,100,584,29.7,55.4,28,0,0,5.3,1300,49,Meals / Prepared Food,curated,"Fish, Tuna Salad, Tuna, Refined Flour (Maida), Cheese, Cooking Oil"
648,Fast Food,Burgers & Sandwiches,Steak Sandwich,,"steak sandwich, steak sandwiches, steak-sandwich",100,g,100,459,30.3,52,14.1,0,0,3.8,800,73,Meals / Prepared Food,curated,"Refined Flour (Maida), Cheese, Cooking Oil"
649,Fast Food,Burgers & Sandwiches,Veggie Burger,,"veggie burger, veggie burgers, veggie-burger",100,g,100,124,11,10,4.4,3.4,0.7,1,400,4,Meals / Prepared Food,curated,"Refined Flour (Maida), Cheese, Cooking Oil"
650,Fast Food,Burgers & Sandwiches,Whopper Burger King,,"whopper burger king, whopper burger kings, whopper-burger-king",100,g,100,790,35.4,52.8,48.4,3.2,13,18.3,1400,114,Meals / Prepared Food,curated,"Refined Flour (Maida), Cheese, Cooking Oil"
651,Fast Food,Chicken,Chicken Crispy Breast Kentucky Fried Chicken,,"chicken crispy breast kentucky fried chicken, chicken crispy breast kentucky fried chickens, chicken-crispy-breast-kentucky-fried-chicken, murgi",100,g,100,375,29.7,11.9,23.2,0,0,5,800,106,Meals / Prepared Food,curated,"Chicken, Refined Flour (Maida), Cheese, Cooking Oil"
652,Fast Food,Chicken,Chicken Crispy Drumsticks Kentucky Fried Chicken,,"chicken crispy drumsticks kentucky fried chicken, chicken crispy drumsticks kentucky fried chickens, chicken-crispy-drumsticks-kentucky-fried-chicken, murgi, saijan",100,g,100,156,11.8,4.5,10.1,0,0,2.2,400,62,Meals / Prepared Food,curated,"Chicken, Refined Flour (Maida), Cheese, Cooking Oil"
653,Fast Food,Chicken,Chicken Crispy Wings Kentucky Fried Chicken,,"chicken crispy wings kentucky fried chicken, chicken crispy wings kentucky fried chickens, chicken-crispy-wings-kentucky-fried-chicken, murgi",100,g,100,148,9.2,5.1,10.1,0,0,2.1,300,47,Meals / Prepared Food,curated,"Chicken, Refined Flour (Maida), Cheese, Cooking Oil"
654,Fast Food,Chicken,Chicken Nuggets,,"chicken nuggets, chicken nugget, chicken nuggetses, chicken-nuggets, murgi",100,g,100,61,3.2,3,4.1,0.2,0,0.7,100,9,Meals / Prepared Food,curated,"Chicken, Refined Flour (Maida), Cheese, Cooking Oil"
655,Fast Food,Chicken,Crispy Chicken Breast Kentucky Fried Chicken,,"crispy chicken breast kentucky fried chicken, crispy chicken breast kentucky fried chickens, crispy-chicken-breast-kentucky-fried-chicken, murgi",100,g,100,214,38.2,0.4,6.7,0,0,1.7,700,122,Meals / Prepared Food,curated,"Chicken, Chicken Breast, Refined Flour (Maida), Cheese, Cooking Oil"
656,Fast Food,Chicken,Crispy Chicken Drumstick Kentucky Fried Chicken,,"crispy chicken drumstick kentucky fried chicken, crispy chicken drumstick kentucky fried chickens, crispy-chicken-drumstick-kentucky-fried-chicken, murgi, saijan",100,g,100,70,10.6,0,3,0,0,0.8,200,56,Meals / Prepared Food,curated,"Chicken, Drumstick, Chicken Drumstick, Refined Flour (Maida), Cheese, Cooking Oil"
657,Fast Food,Chicken,Crispy Chicken Strips Kentucky Fried Chicken,,"crispy chicken strips kentucky fried chicken, crispy chicken strips kentucky fried chickens, crispy-chicken-strips-kentucky-fried-chicken, murgi",100,g,100,129,9.5,6.4,7.2,0.7,0,1.4,400,24,Meals / Prepared Food,curated,"Chicken, Refined Flour (Maida), Cheese, Cooking Oil"
658,Fast Food,Chicken,Crispy Chicken Strips Tyson,,"crispy chicken strips tyson, crispy chicken strips tysons, crispy-chicken-strips-tyson, murgi",100,g,100,145,0,0,6,0,0,7.7,0,0,Meals / Prepared Food,curated,"Chicken, Refined Flour (Maida), Cheese, Cooking Oil"
659,Fast Food,Chicken,Crispy Chicken Thigh Kentucky Fried Chicken,,"crispy chicken thigh kentucky fried chicken, crispy chicken thigh kentucky fried chickens, crispy-chicken-thigh-kentucky-fried-chicken, murgi",100,g,100,163,20.4,0,9.1,0,0,2.5,500,107,Meals / Prepared Food,curated,"Chicken, Refined Flour (Maida), Cheese, Cooking Oil"
660,Fast Food,Chicken,Crispy Chicken Wing Kentucky Fried Chicken,,"crispy chicken wing kentucky fried chicken, crispy chicken wing kentucky fried chickens, crispy-chicken-wing-kentucky-fried-chicken, murgi",100,g,100,104,12.6,1.3,5.3,0,0,1.1,300,64,Meals / Prepared Food,curated,"Chicken, Chicken Wing, Refined Flour (Maida), Cheese, Cooking Oil"
661,Fast Food,Chicken,Potato Wedges Kentucky Fried Chicken,,"potato wedges kentucky fried chicken, aloo, murgi, potato wedges kentucky fried chickens, potato-wedges-kentucky-fried-chicken",100,g,100,379,5.4,45,19.8,4.2,0,4,1000,0,Meals / Prepared Food,curated,"Chicken, Potato, Refined Flour (Maida), Cheese, Cooking Oil"
662,Fast Food,Mexican-Style Fast Food,Arroz Con Abichuelas,,"arroz con abichuelas, arroz con abichuela, arroz con abichuelases, arroz-con-abichuelas",100,g,100,223,6.2,37.3,5.4,4.1,0.2,0.8,600,0,Meals / Prepared Food,curated,"Refined Flour (Maida), Cheese, Cooking Oil"
663,Fast Food,Mexican-Style Fast Food,Arroz Con Frijoles,,"arroz con frijoles, arroz con frijol, arroz con frijoleses, arroz-con-frijoles",100,g,100,220,6.8,35.6,5.6,5,1.3,1.1,600,0,Meals / Prepared Food,curated,"Refined Flour (Maida), Cheese, Cooking Oil"
664,Fast Food,Mexican-Style Fast Food,Arroz Con Grandules,,"arroz con grandules, arroz con grandul, arroz con granduleses, arroz-con-grandules",100,g,100,209,4,35.4,5.7,1.6,0,0.9,700,0,Meals / Prepared Food,curated,"Refined Flour (Maida), Cheese, Cooking Oil"
665,Fast Food,Mexican-Style Fast Food,Arroz Con Leche,,"arroz con leche, arroz con leches, arroz-con-leche",100,g,100,369,8.1,63,9.3,1.3,38.6,4.8,300,20,Meals / Prepared Food,curated,"Refined Flour (Maida), Cheese, Cooking Oil"
666,Fast Food,Mexican-Style Fast Food,Baked Taco Shell,,"baked taco shell, baked taco shells, baked-taco-shell",100,g,100,61,0.8,8.3,2.7,0.9,0.2,0.8,4,0,Meals / Prepared Food,curated,"Refined Flour (Maida), Cheese, Cooking Oil"
667,Fast Food,Mexican-Style Fast Food,Burrito with Beans,,"burrito with beans, burrito with bean, burrito with beanses, burrito-with-beans",100,g,100,224,7,35.7,6.7,0,0,3.4,500,2,Meals / Prepared Food,curated,"Green Beans, Beans, Refined Flour (Maida), Cheese, Cooking Oil"
668,Fast Food,Mexican-Style Fast Food,Burrito with Beans Beef,,"burrito with beans beef, burrito with beans beefs, burrito-with-beans-beef",100,g,100,460,27.8,47,18,7.2,5.3,7,1400,63,Meals / Prepared Food,curated,"Beef, Green Beans, Beans, Refined Flour (Maida), Cheese, Cooking Oil"
669,Fast Food,Mexican-Style Fast Food,Burrito with Beans Cheese,,"burrito with beans cheese, burrito with beans cheeses, burrito-with-beans-cheese",100,g,100,379,13.6,57.8,11.2,7.8,3.2,4.3,1000,9,Meals / Prepared Food,curated,"Green Beans, Cheese, Beans, Refined Flour (Maida), Cooking Oil"
670,Fast Food,Mexican-Style Fast Food,Burrito with Beans Cheese Beef,,"burrito with beans cheese beef, burrito with beans cheese beefs, burrito-with-beans-cheese-beef",100,g,100,165,7.3,19.8,6.6,0,0,3.6,500,62,Meals / Prepared Food,curated,"Beef, Green Beans, Cheese, Beans, Refined Flour (Maida), Cooking Oil"
671,Fast Food,Mexican-Style Fast Food,Burrito with Beef,,"burrito with beef, burrito with beefs, burrito-with-beef",100,g,100,285,9.1,43.9,8.1,4.4,4.1,1.7,500,3,Meals / Prepared Food,curated,"Beef, Refined Flour (Maida), Cheese, Cooking Oil"
672,Fast Food,Mexican-Style Fast Food,Chili Con Carne,,"chili con carne, chili con carnes, chili-con-carne",100,g,100,271,14.7,33.1,8.8,8.3,4.7,3.2,1100,23,Meals / Prepared Food,curated,"Refined Flour (Maida), Cheese, Cooking Oil"
673,Fast Food,Mexican-Style Fast Food,Corn Tamale,,"corn tamale, bhutta, corn tamales, corn-tamale, makka",100,g,100,309,5.8,44.3,12,5.3,12.3,4.4,500,0,Meals / Prepared Food,curated,"Corn, Refined Flour (Maida), Cheese, Cooking Oil"
674,Fast Food,Mexican-Style Fast Food,Corn Tostada Shell,,"corn tostada shell, bhutta, corn tostada shells, corn-tostada-shell, makka",100,g,100,58,0.8,7.9,2.9,0.7,0,0.9,84,0,Meals / Prepared Food,curated,"Corn, Refined Flour (Maida), Cheese, Cooking Oil"
675,Fast Food,Mexican-Style Fast Food,Enchilada with Cheese,,"enchilada with cheese, enchilada with cheeses, enchilada-with-cheese",100,g,100,374,15.4,21.2,25.3,2.6,3.6,11.5,700,58,Meals / Prepared Food,curated,"Cheese, Refined Flour (Maida), Cooking Oil"
676,Fast Food,Mexican-Style Fast Food,Enchilada with Cheese Beef,,"enchilada with cheese beef, enchilada with cheese beefs, enchilada-with-cheese-beef",100,g,100,323,11.9,30.5,17.6,0,0,9,1300,40,Meals / Prepared Food,curated,"Beef, Cheese, Refined Flour (Maida), Cooking Oil"
677,Fast Food,Mexican-Style Fast Food,Fruit Burrito,,"fruit burrito, fruit burritos, fruit-burrito",100,g,100,231,2.5,35,9.5,0,0,4.6,200,4,Meals / Prepared Food,curated,"Refined Flour (Maida), Cheese, Cooking Oil"
678,Fast Food,Mexican-Style Fast Food,Original Taco with Beef Cheese Lettuce Taco Bell,,"original taco with beef cheese lettuce taco bell, original taco with beef cheese lettuce taco bells, original-taco-with-beef-cheese-lettuce-taco-bell",100,g,100,158,6.1,13.7,8.8,2.7,0.6,3,300,19,Meals / Prepared Food,curated,"Beef, Cheese, Refined Flour (Maida), Cooking Oil"
679,Fast Food,Mexican-Style Fast Food,Pork Tamale,,"pork tamale, pork tamales, pork-tamale",100,g,100,247,10.4,22.4,12.8,3.4,0.7,3.8,700,28,Meals / Prepared Food,curated,"Pork, Refined Flour (Maida), Cheese, Cooking Oil"
680,Fast Food,Mexican-Style Fast Food,Pupusas Con Frijoles,,"pupusas con frijoles, pupusas con frijol, pupusas con frijoleses, pupusas-con-frijoles",100,g,100,289,7,39.7,11.4,7.3,1.6,2.8,400,0,Meals / Prepared Food,curated,"Refined Flour (Maida), Cheese, Cooking Oil"
681,Fast Food,Mexican-Style Fast Food,Pupusas Con Queso,,"pupusas con queso, pupusas con quesos, pupusas-con-queso",100,g,100,300,13.7,26.2,15.5,3.4,1.4,7.6,500,37,Meals / Prepared Food,curated,"Refined Flour (Maida), Cheese, Cooking Oil"
682,Fast Food,Mexican-Style Fast Food,Pupusas Del Cerdo,,"pupusas del cerdo, pupusas del cerdos, pupusas-del-cerdo",100,g,100,283,14,28.1,12.7,3.2,1.8,3.9,500,35,Meals / Prepared Food,curated,"Refined Flour (Maida), Cheese, Cooking Oil"
683,Fast Food,Mexican-Style Fast Food,Quesadilla with Chicken,,"quesadilla with chicken, murgi, quesadilla with chickens, quesadilla-with-chicken",100,g,100,529,27.1,43.3,27.5,3.1,3.4,11.1,1300,67,Meals / Prepared Food,curated,"Chicken, Refined Flour (Maida), Cheese, Cooking Oil"
684,Fast Food,Mexican-Style Fast Food,Sausage Burrito Mcdonalds,,"sausage burrito mcdonalds, sausage burrito mcdonald, sausage burrito mcdonaldses, sausage-burrito-mcdonalds",100,g,100,339,13,24.2,17.1,1.2,1.4,6.1,800,173,Meals / Prepared Food,curated,"Pork, Refined Flour (Maida), Cheese, Cooking Oil"
685,Fast Food,Mexican-Style Fast Food,Taco Salad,,"taco salad, taco salads, taco-salad",100,g,100,212,10,17.9,11.2,0,0,5.2,600,33,Meals / Prepared Food,curated,"Refined Flour (Maida), Cheese, Cooking Oil"
686,Fast Food,Mexican-Style Fast Food,Taco Salad Taco Bell,,"taco salad taco bell, taco salad taco bells, taco-salad-taco-bell",100,g,100,906,35.7,80.5,48.9,16,0,15.9,1900,101,Meals / Prepared Food,curated,"Refined Flour (Maida), Cheese, Cooking Oil"
687,Fast Food,Mexican-Style Fast Food,Taco Salad with Chili Con Carne,,"taco salad with chili con carne, taco salad with chili con carnes, taco-salad-with-chili-con-carne",100,g,100,193,11.6,17.7,8.8,0,0,4,600,4,Meals / Prepared Food,curated,"Refined Flour (Maida), Cheese, Cooking Oil"
688,Fast Food,Mexican-Style Fast Food,Taco with Beef Cheese Lettuce,,"taco with beef cheese lettuce, taco with beef cheese lettuces, taco-with-beef-cheese-lettuce",100,g,100,156,6.1,13.7,8.8,2.7,0.6,3,300,19,Meals / Prepared Food,curated,"Beef, Cheese, Refined Flour (Maida), Cooking Oil"
689,Fast Food,Mexican-Style Fast Food,Taco with Chicken Cheese Lettuce,,"taco with chicken cheese lettuce, murgi, taco with chicken cheese lettuces, taco-with-chicken-cheese-lettuce",100,g,100,185,13,19.3,6.2,1.2,1.3,2.5,600,28,Meals / Prepared Food,curated,"Chicken, Cheese, Refined Flour (Maida), Cooking Oil"
690,Fast Food,Mexican-Style Fast Food,Tamale Navajo,,"tamale navajo, tamale navajos, tamale-navajo",100,g,100,285,11.7,33.7,11.4,5.8,1.8,4.5,800,32,Meals / Prepared Food,curated,"Refined Flour (Maida), Cheese, Cooking Oil"
691,Fast Food,Mexican-Style Fast Food,Tostada with Beans Cheese,,"tostada with beans cheese, tostada with beans cheeses, tostada-with-beans-cheese",100,g,100,223,9.6,26.5,9.9,0,0,5.4,500,30,Meals / Prepared Food,curated,"Green Beans, Cheese, Beans, Refined Flour (Maida), Cooking Oil"
692,Fast Food,Mexican-Style Fast Food,Tostada with Beef Cheese,,"tostada with beef cheese, tostada with beef cheeses, tostada-with-beef-cheese",100,g,100,315,19,22.8,16.3,0,0,10.4,900,41,Meals / Prepared Food,curated,"Beef, Cheese, Refined Flour (Maida), Cooking Oil"
693,Fast Food,Mexican-Style Fast Food,Tostada with Guacamole,,"tostada with guacamole, tostada with guacamoles, tostada-with-guacamole",100,g,100,180,6.2,16,11.6,0,0,4.9,400,20,Meals / Prepared Food,curated,"Refined Flour (Maida), Cheese, Cooking Oil"
694,Fast Food,Mexican-Style Fast Food,Turkey Taco Meat Cooked,,"turkey taco meat cooked, turkey-taco-meat-cooked",100,g,100,271,30.7,5.5,13.9,0,0,3.2,1200,130,Meals / Prepared Food,curated,"Turkey, Refined Flour (Maida), Cheese, Cooking Oil"
695,Fast Food,Pizza,Cheese Pizza,,"cheese pizza, cheese pizzas, cheese-pizza",100,g,115.6,267.2,9,33.2,11.4,2.2,3.6,3.6,499,14,Meals / Prepared Food,curated,"Cheese, Refined Flour (Maida), Cooking Oil"
696,Fast Food,Pizza,Cheese Pizza Dominos,,"cheese pizza dominos, cheese pizza domino, cheese pizza dominoses, cheese-pizza-dominos",100,g,100,278,11.7,35.9,9.7,2.4,4.3,4.4,600,18,Meals / Prepared Food,curated,"Cheese, Refined Flour (Maida), Cooking Oil"
697,Fast Food,Pizza,Cheese Pizza Pizza Hut,,"cheese pizza pizza hut, cheese pizza pizza huts, cheese-pizza-pizza-hut",100,g,100,260,11.5,30,10.5,1.7,3.2,4.8,700,23,Meals / Prepared Food,curated,"Cheese, Refined Flour (Maida), Cooking Oil"
698,Fast Food,Pizza,Meat Vegetable Pizza,,"meat vegetable pizza, meat vegetable pizzas, meat-vegetable-pizza",100,g,100,332,15,34.5,14.8,3,5.1,6,800,37,Meals / Prepared Food,curated,"Refined Flour (Maida), Cheese, Cooking Oil"
699,Fast Food,Pizza,Pepperoni Pizza,,"pepperoni pizza, pepperoni pizzas, pepperoni-pizza",100,g,100,313,13,35.5,13.2,2.6,3.6,5.7,800,28,Meals / Prepared Food,curated,"Refined Flour (Maida), Cheese, Cooking Oil"
700,Fast Food,Pizza,Pepperoni Pizza Dominos,,"pepperoni pizza dominos, pepperoni pizza domino, pepperoni pizza dominoses, pepperoni-pizza-dominos",100,g,100,308,12.7,36,12.6,2.4,4.2,5.4,700,28,Meals / Prepared Food,curated,"Refined Flour (Maida), Cheese, Cooking Oil"
701,Fast Food,Pizza,Pepperoni Pizza Pizza Hut,,"pepperoni pizza pizza hut, pepperoni pizza pizza huts, pepperoni-pizza-pizza-hut",100,g,100,269,12.3,30.3,10.9,1.6,3.5,5,800,25,Meals / Prepared Food,curated,"Refined Flour (Maida), Cheese, Cooking Oil"
702,Fast Food,Pizza,Pizza Sauce,,"pizza sauce, pizza sauces, pizza-sauce",100,g,100,136,5.5,21.8,2.9,5,9.5,1.2,900,0,Meals / Prepared Food,curated,"Refined Flour (Maida), Cheese, Cooking Oil"
703,Fast Food,Pizza,Sausage Pizza,,"sausage pizza, sausage pizzas, sausage-pizza",100,g,100,325,13.3,35.5,14.3,2.7,3.9,5.8,700,27,Meals / Prepared Food,curated,"Pork, Refined Flour (Maida), Cheese, Cooking Oil"
704,Fast Food,Sides & Salads (Fast Food),Apple Dippers Mcdonalds,,"apple dippers mcdonalds, apple dippers mcdonald, apple dippers mcdonaldses, apple-dippers-mcdonalds, seb",100,g,100,33,0,8.2,0,0,6.3,0,0,0,Meals / Prepared Food,curated,"Apple, Refined Flour (Maida), Cheese, Cooking Oil"
705,Fast Food,Sides & Salads (Fast Food),Caesar Salad Mcdonalds,,"caesar salad mcdonalds, caesar salad mcdonald, caesar salad mcdonaldses, caesar-salad-mcdonalds",100,g,100,94,6.8,9.1,4.4,3.4,4.4,2.5,200,11,Meals / Prepared Food,curated,"Refined Flour (Maida), Cheese, Cooking Oil"
706,Fast Food,Sides & Salads (Fast Food),Caesar Salad with Crispy Chicken Mcdonalds,,"caesar salad with crispy chicken mcdonalds, caesar salad with crispy chicken mcdonald, caesar salad with crispy chicken mcdonaldses, caesar-salad-with-crispy-chicken-mcdonalds, murgi",100,g,100,349,25.7,19.2,16.4,3.4,4.5,4.3,700,56,Meals / Prepared Food,curated,"Chicken, Refined Flour (Maida), Cheese, Cooking Oil"
707,Fast Food,Sides & Salads (Fast Food),Caesar Salad with Grilled Chicken Mcdonalds,,"caesar salad with grilled chicken mcdonalds, caesar salad with grilled chicken mcdonald, caesar salad with grilled chicken mcdonaldses, caesar-salad-with-grilled-chicken-mcdonalds, murgi",100,g,100,201,29.1,11.3,5.6,3.3,4.8,3,600,71,Meals / Prepared Food,curated,"Chicken, Refined Flour (Maida), Cheese, Cooking Oil"
708,Fast Food,Sides & Salads (Fast Food),Coleslaw,,"coleslaw, coleslaws",100,g,126.2,184.4,1.5,17,12.1,3,13.5,2.1,215,7,Meals / Prepared Food,curated,"Refined Flour (Maida), Cheese, Cooking Oil"
709,Fast Food,Sides & Salads (Fast Food),Coleslaw Dressing,,"coleslaw dressing, coleslaw dressings, coleslaw-dressing",100,g,100,62,0.1,3.8,5.3,0,3.2,0.8,100,4,Meals / Prepared Food,curated,"Refined Flour (Maida), Cheese, Cooking Oil"
710,Fast Food,Sides & Salads (Fast Food),Coleslaw Dressing Reduced Fat,,"coleslaw dressing reduced fat, coleslaw dressing reduced fats, coleslaw-dressing-reduced-fat",100,g,100,56,0,6.8,3.4,0,6.6,0.5,300,4,Meals / Prepared Food,curated,"Refined Flour (Maida), Cheese, Cooking Oil"
711,Fast Food,Sides & Salads (Fast Food),Cottage Fries,,"cottage fries, cottage frieses, cottage fry, cottage-fries",100,g,100,11,0.2,1.9,0.4,0.2,0,0.1,58,0,Meals / Prepared Food,curated,"Refined Flour (Maida), Cheese, Cooking Oil"
712,Fast Food,Sides & Salads (Fast Food),French Fries,,"french fries, french frieses, french fry, french-fries",100,g,100,13,0.2,2.2,0.4,0.2,0.1,0,56,0,Meals / Prepared Food,curated,"Refined Flour (Maida), Cheese, Cooking Oil"
713,Fast Food,Sides & Salads (Fast Food),French Fries Deep Fried,,"french fries deep fried, french-fries-deep-fried",100,g,100,222,2.4,29.4,10.5,2.7,0.2,1.7,100,0,Meals / Prepared Food,curated,"Refined Flour (Maida), Cheese, Cooking Oil"
714,Fast Food,Sides & Salads (Fast Food),French Fries Mcdonalds,,"french fries mcdonalds, french fries mcdonald, french fries mcdonaldses, french-fries-mcdonalds",100,g,100,378,4,49.8,18.1,4.6,0.2,2.7,200,0,Meals / Prepared Food,curated,"Refined Flour (Maida), Cheese, Cooking Oil"
715,Fast Food,Sides & Salads (Fast Food),Hash Brown Potato,,"hash brown potato, aloo, hash brown potatos, hash-brown-potato",100,g,100,144,1.4,15.3,9,1.4,0.3,1.3,300,0,Meals / Prepared Food,curated,"Potato, Refined Flour (Maida), Cheese, Cooking Oil"
716,Fast Food,Sides & Salads (Fast Food),Shoestring French Fries,,"shoestring french fries, shoestring french frieses, shoestring french fry, shoestring-french-fries",100,g,100,4,0.1,0.7,0.1,0.1,0.1,0.1,55,0,Meals / Prepared Food,curated,"Refined Flour (Maida), Cheese, Cooking Oil"
717,Fast Food,Sides & Salads (Fast Food),Side Salad Mcdonalds,,"side salad mcdonalds, side salad mcdonald, side salad mcdonaldses, side-salad-mcdonalds",100,g,100,17,0.9,3.7,0.2,1.4,1.9,0,37,0,Meals / Prepared Food,curated,"Refined Flour (Maida), Cheese, Cooking Oil"
718,Fruits,Fruits,Abiyuch,,"abiyuch, abiyuches",100,g,100,157,3.4,40.1,0.2,12.1,19.5,0.1,93,0,Raw,curated,Abiyuch
719,Fruits,Fruits,Acerola Cherry,,"acerola cherry, acerola cherries, acerola-cherry",100,g,100,2,0.1,0.4,0.1,0.1,0,0.1,88,0,Raw,curated,Acerola Cherry
720,Fruits,Fruits,American Grapes,,"american grapes, american grap, american grapeses, american-grapes, angoor",100,g,100,2,0,0.4,0.1,0.1,0.4,0,56,0,Raw,curated,American Grapes
721,Fruits,Fruits,Apple,,"apple, apples, seb",100,g,100,95,0.5,25.1,0.3,4.4,18.9,0,62,0,Raw,curated,Apple
722,Fruits,Fruits,Apple Crisp,,"apple crisp, apple crisps, apple-crisp, seb",100,g,100,454,4.9,87,9.7,3.9,55.5,1.9,1000,0,Meals / Prepared Food,curated,Apple Crisp
723,Fruits,Fruits,Apple Dried,,"apple dried, apple-dried, seb",100,g,100,145,0.6,39.1,0.2,5.1,34,0.1,24,0,Raw,curated,Apple
724,Fruits,Fruits,Apple Strudel,,"apple strudel, apple strudels, apple-strudel, seb",100,g,100,195,2.3,29.2,8,1.6,18.3,1.5,20,4,Meals / Prepared Food,curated,Apple Strudel
725,Fruits,Fruits,Applesauce,,"applesauce, applesauces",100,g,100,102,0.4,27.5,0.2,2.7,22.9,0,31,0,Meals / Prepared Food,curated,Applesauce
726,Fruits,Fruits,Apricot,,"apricot, apricots, khubani",100,g,100,17,0.5,3.9,0.1,0.7,3.2,0,20,0,Raw,curated,Apricot
727,Fruits,Fruits,Apricot Dried,,"apricot dried, apricot-dried, khubani",100,g,100,17,0.2,4.4,0,0.5,3.7,0,66,0,Raw,curated,Apricot
728,Fruits,Fruits,Asian Pear,,"asian pear, asian pears, asian-pear, nashpati",100,g,100,51,0.6,13,0.3,4.4,8.6,0,0,0,Raw,curated,Asian Pear
729,Fruits,Fruits,Avocado,,"avocado, avocados",100,g,100,432,5.4,23,39.6,18.1,1.8,5.7,45,0,Raw,curated,Avocado
730,Fruits,Fruits,Banana,,"banana, bananas, kela",100,g,100,134,1.6,34.3,0.5,3.9,18.3,0.2,55,0,Raw,curated,Banana
731,Fruits,Fruits,Bartlett Pear,,"bartlett pear, bartlett pears, bartlett-pear, nashpati",100,g,100,112,0.7,26.6,0.3,5.5,17.2,0,47,0,Raw,curated,Bartlett Pear
732,Fruits,Fruits,Black Currants,,"black currants, black currant, black currantses, black-currants",100,g,100,71,1.6,17.2,0.5,0,0,0,75,0,Raw,curated,Black Currants
733,Fruits,Fruits,Blackberries Frozen,,"blackberries frozen, blackberries-frozen",100,g,100,97,1.8,23.7,0.6,7.6,16.1,0,7,0,Raw,curated,Blackberries
734,Fruits,Fruits,Blackberries Raw,,"blackberries raw, blackberries-raw",100,g,100,62,2,13.8,0.7,7.6,7,0.1,50,0,Raw,curated,Blackberries
735,Fruits,Fruits,Blueberries,,"blueberries, blueberrieses, blueberry",100,g,100,84,1.1,21.4,0.5,3.6,14.7,0,15,0,Raw,curated,Blueberries
736,Fruits,Fruits,Boysenberries Frozen,,"boysenberries frozen, boysenberries-frozen",100,g,100,66,1.5,16.1,0.3,7,9.1,0,64,0,Raw,curated,Boysenberries
737,Fruits,Fruits,Cantaloupe Melon,,"cantaloupe melon, cantaloupe melons, cantaloupe-melon, kharbooja",100,g,100,60,1.5,14.4,0.3,1.6,13.9,0.1,87,0,Raw,curated,Cantaloupe Melon
738,Fruits,Fruits,Carambola Starfruit,,"carambola starfruit, carambola starfruits, carambola-starfruit",100,g,100,26,0.9,5.7,0.3,2.4,3.4,0.1,47,0,Raw,curated,Carambola Starfruit
739,Fruits,Fruits,Carob,,"carob, carobs",100,g,100,135,2,14.1,7.8,1,8.5,7.3,15,0,Raw,curated,Carob
740,Fruits,Fruits,Casaba Melon,,"casaba melon, casaba melons, casaba-melon",100,g,100,48,1.9,11.2,0.2,1.5,9.7,0,57,0,Raw,curated,Casaba Melon
741,Fruits,Fruits,Cherimoya,,"cherimoya, cherimoyas",100,g,100,176,3.7,41.6,1.6,7.1,30.2,0.5,61,0,Raw,curated,Cherimoya
742,Fruits,Fruits,Cherries,,"cherries, cherrieses, cherry",100,g,100,5,0.1,1.3,0.1,0.2,1,0.1,0,0,Raw,curated,Cherries
743,Fruits,Fruits,Chokecherries,,"chokecherries, chokecherrieses, chokecherry",100,g,100,249,4.7,51.8,2.6,30.8,14.4,0,78,0,Raw,curated,Chokecherries
744,Fruits,Fruits,Clementine,,"clementine, clementines",100,g,100,35,0.6,8.9,0.1,1.3,6.8,0,44,0,Raw,curated,Clementine
745,Fruits,Fruits,Coconut Meat Dried,,"coconut meat dried, coconut-meat-dried, nariyal",100,g,100,187,1.9,6.7,18.3,4.6,2.1,16.2,58,0,Raw,curated,Coconut
746,Fruits,Fruits,Coconut Water,,"coconut water, coconut waters, coconut-water, nariyal",100,g,100,46,1.7,8.9,0.5,2.6,6.3,0.4,300,0,Raw,curated,Coconut
747,Fruits,Fruits,Crab Apple,,"crab apple, crab apples, crab-apple, seb",100,g,100,84,0.4,21.9,0.3,0,0,0.1,30,0,Raw,curated,Crab
748,Fruits,Fruits,Cranberries,,"cranberries, cranberrieses, cranberry",100,g,100,21,0.2,5.4,0,1.6,1.9,0.1,30,0,Raw,curated,Cranberries
749,Fruits,Fruits,Cranberries Dried,,"cranberries dried, cranberries-dried",100,g,100,370,0.1,98.8,1.6,6.8,78,0.1,37,0,Raw,curated,Cranberries
750,Fruits,Fruits,Cranberry Beans Canned,,"cranberry beans canned, cranberry-beans-canned",100,g,100,216,14.4,39.3,0.7,16.4,0,0.2,900,0,Meals / Prepared Food,curated,Green Beans
751,Fruits,Fruits,Cranberry Beans Cooked,,"cranberry beans cooked, cranberry-beans-cooked",100,g,100,241,16.5,43.3,0.8,17.7,0,0.2,400,0,Meals / Prepared Food,curated,Green Beans
752,Fruits,Fruits,Durian,,"durian, durians",100,g,100,51,0.5,9.5,1.9,1.3,0,0,79,0,Raw,curated,Durian
753,Fruits,Fruits,Elderberries,,"elderberries, elderberrieses, elderberry",100,g,100,106,1,26.7,0.7,10.2,0,0,42,0,Raw,curated,Elderberries
754,Fruits,Fruits,Figs,,"figs, anjeer, fig, figses",100,g,100,37,0.4,9.6,0.2,1.5,8.1,0.1,49,0,Raw,curated,Figs
755,Fruits,Fruits,Figs Canned,,"figs canned, anjeer, figs-canned",100,g,100,14,0.1,3.8,0,0.6,3.2,0.1,49,0,Meals / Prepared Food,curated,Figs
756,Fruits,Fruits,Figs Dried,,"figs dried, anjeer, figs-dried",100,g,100,21,0.3,5.4,0,0.8,4,0,91,0,Raw,curated,Figs
757,Fruits,Fruits,Fruit Cocktail Canned,,"fruit cocktail canned, fruit-cocktail-canned",100,g,100,109,1.1,28.1,0.1,2.4,25.7,0,59,0,Meals / Prepared Food,curated,Fruit Cocktail
758,Fruits,Fruits,Fruit Leather,,"fruit leather, fruit leathers, fruit-leather",100,g,100,52,0,12,0.4,0,6.9,0,0,0,Raw,curated,Fruit Leather
759,Fruits,Fruits,Fruit Salad Canned,,"fruit salad canned, fruit-salad-canned",100,g,100,125,1.3,32.5,0,2.5,0,0.1,69,0,Meals / Prepared Food,curated,Fruit Salad
760,Fruits,Fruits,Golden Delicious Apple,,"golden delicious apple, golden delicious apples, golden-delicious-apple, seb",100,g,100,62,0.3,14.8,0.2,2.6,10.9,0,34,0,Raw,curated,Golden Delicious Apple
761,Fruits,Fruits,Gooseberries,,"gooseberries, gooseberrieses, gooseberry",100,g,100,66,1.3,15.3,0.9,6.5,0,0,74,0,Raw,curated,Gooseberries
762,Fruits,Fruits,Gooseberries Canned,,"gooseberries canned, gooseberries-canned",100,g,100,184,1.6,47.3,0.5,6,0,0,97,0,Meals / Prepared Food,curated,Gooseberries
763,Fruits,Fruits,Grape Leaves,,"grape leaves, angoor, grape leav, grape leaveses, grape-leaves",100,g,100,13,0.8,2.4,0.3,1.5,0.9,0.1,5,0,Raw,curated,Grape Leaves
764,Fruits,Fruits,Grape Leaves Canned,,"grape leaves canned, angoor, grape-leaves-canned",100,g,100,20,1.2,3.3,0.6,2.8,0,0.1,800,0,Meals / Prepared Food,curated,Grape Leaves
765,Fruits,Fruits,Grapefruit,,"grapefruit, angoor, grapefruits",100,g,100,53,1,13.3,0.2,2,8.6,0.1,0,0,Raw,curated,Grapefruit
766,Fruits,Fruits,Grapefruit Canned,,"grapefruit canned, angoor, grapefruit-canned",100,g,100,88,1.4,22.3,0.2,1,21.4,0.1,91,0,Meals / Prepared Food,curated,Grapefruit
767,Fruits,Fruits,Grapes,,"grapes, angoor, grap, grapeses",100,g,100,3,0,0.9,0,0.1,0.8,0,9,0,Raw,curated,Grapes
768,Fruits,Fruits,Grapes Canned,,"grapes canned, angoor, grapes-canned",100,g,100,98,1.2,25.2,0.3,1.5,23.8,0,22,0,Meals / Prepared Food,curated,Grapes
769,Fruits,Fruits,Groundcherries,,"groundcherries, groundcherrieses, groundcherry",100,g,100,74,2.7,15.7,1,0,0,0,0,0,Raw,curated,Groundcherries
770,Fruits,Fruits,Guava,,"guava, amrud, guavas",100,g,100,37,1.4,7.9,0.5,3,4.9,0.1,56,0,Raw,curated,Guava
771,Fruits,Fruits,Heidelbeeren Jutro,,"heidelbeeren jutro, heidelbeeren jutros, heidelbeeren-jutro",100,g,100,17,0,0.4,0.2,0,0,0,0,0,Raw,curated,Heidelbeeren Jutro
772,Fruits,Fruits,Honeydew Melon,,"honeydew melon, honeydew melons, honeydew-melon",100,g,100,64,1,16.1,0.2,1.4,14.4,0.1,62,0,Raw,curated,Honeydew Melon
773,Fruits,Fruits,Horned Melon Kiwano,,"horned melon kiwano, horned melon kiwanos, horned-melon-kiwano",100,g,100,92,3.7,15.8,2.6,0,0,0,95,0,Raw,curated,Horned Melon Kiwano
774,Fruits,Fruits,Jackfruit,,"jackfruit, jackfruits, kathal",100,g,100,33,0.6,8.1,0.2,0.5,6.7,0.1,94,0,Raw,curated,Jackfruit
775,Fruits,Fruits,Japanese Persimmon,,"japanese persimmon, japanese persimmons, japanese-persimmon",100,g,100,118,1,31.2,0.3,6,21.1,0.1,67,0,Raw,curated,Japanese Persimmon
776,Fruits,Fruits,Japanese Persimmon Dried,,"japanese persimmon dried, japanese-persimmon-dried",100,g,100,93,0.5,25,0.2,4.9,0,0,2,0,Raw,curated,Japanese Persimmon
777,Fruits,Fruits,Java Plum,,"java plum, aloo bukhara, jamun, java plums, java-plum",100,g,100,2,0,0.5,0,0,0,0,63,0,Raw,curated,Potato
778,Fruits,Fruits,Jeijoa,,"jeijoa, jeijoas",100,g,100,148,1.7,37,1,15.6,19.9,0.3,41,0,Raw,curated,Jeijoa
779,Fruits,Fruits,Kiwifruit Gold,,"kiwifruit gold, kiwifruit golds, kiwifruit-gold",100,g,100,51,0.8,12.8,0.2,1.1,10,0,46,0,Raw,curated,Kiwifruit Gold
780,Fruits,Fruits,Kiwifruit Green,,"kiwifruit green, kiwifruit greens, kiwifruit-green",100,g,100,42,0.8,10.1,0.4,2.1,6.2,0.1,96,0,Raw,curated,Kiwifruit Green
781,Fruits,Fruits,Kumquat,,"kumquat, kumquats",100,g,100,13,0.4,3,0.2,1.2,1.8,0.1,18,0,Raw,curated,Kumquat
782,Fruits,Fruits,Lemon Peel,,"lemon peel, lemon peels, lemon-peel, nimbu",100,g,100,1,0,0.3,0,0.2,0.1,0.1,28,0,Raw,curated,Lemon Peel
783,Fruits,Fruits,Lemons,,"lemons, lemon, lemonses",100,g,100,17,0.6,5.4,0.2,1.6,1.5,0.1,45,0,Raw,curated,Lemons
784,Fruits,Fruits,Lime,,"lime, limes, nimbu",100,g,100,20,0.5,7.1,0.1,1.9,1.1,0.1,82,0,Raw,curated,Lime
785,Fruits,Fruits,Loganberries,,"loganberries, loganberrieses, loganberry",100,g,100,81,2.2,19.1,0.5,7.8,11.3,0.1,60,0,Raw,curated,Loganberries
786,Fruits,Fruits,Longan,,"longan, longans",100,g,100,2,0,0.5,0.1,0.1,0,0,0,0,Raw,curated,Longan
787,Fruits,Fruits,Longans Dried,,"longans dried, longans-dried",100,g,100,5,0,1.3,0.1,0,0,0,18,0,Raw,curated,Longans
788,Fruits,Fruits,Loquats,,"loquats, loquat, loquatses",100,g,100,9,0.1,2.4,0.1,0.3,0,0.1,53,0,Raw,curated,Loquats
789,Fruits,Fruits,Lychee,,"lychee, litchi, lychees",100,g,100,6,0,1.6,0,0.1,1.5,0.1,29,0,Raw,curated,Lychee
790,Fruits,Fruits,Lychee Dried,,"lychee dried, litchi, lychee-dried",100,g,100,7,0,1.8,0,0.1,1.7,0.1,49,0,Raw,curated,Lychee
791,Fruits,Fruits,Mamey Sapote,,"mamey sapote, mamey sapotes, mamey-sapote",100,g,100,217,2.5,56.2,0.8,9.5,35.2,0.3,8,0,Raw,curated,Mamey Sapote
792,Fruits,Fruits,Mango,,"mango, aam, mangos",100,g,100,202,2.8,50.3,1.3,5.4,45.9,0.3,27,0,Raw,curated,Mango
793,Fruits,Fruits,Mangosteen Canned,,"mangosteen canned, mangosteen-canned",100,g,100,143,0.8,35.1,1.1,3.5,0,0,24,0,Meals / Prepared Food,curated,Mangosteen
794,Fruits,Fruits,Maraschino Cherries,,"maraschino cherries, maraschino cherrieses, maraschino cherry, maraschino-cherries",100,g,100,8,0.1,2.1,0.1,0.2,1.9,0.1,72,0,Raw,curated,Maraschino Cherries
795,Fruits,Fruits,Melon Balls,,"melon balls, melon ball, melon ballses, melon-balls",100,g,100,57,1.5,13.7,0.4,1.2,0,0.1,22,0,Raw,curated,Melon Balls
796,Fruits,Fruits,Mulberries,,"mulberries, mulberrieses, mulberry",100,g,100,6,0.2,1.5,0,0.3,1.2,0,21,0,Raw,curated,Mulberries
797,Fruits,Fruits,Muscadine Grapes,,"muscadine grapes, angoor, muscadine grap, muscadine grapeses, muscadine-grapes",100,g,100,3,0,0.8,0.1,0.2,0,0,24,0,Raw,curated,Muscadine Grapes
798,Fruits,Fruits,Nance,,"nance, nances",100,g,100,82,0.7,19,1.3,8.4,9.3,0,39,0,Raw,curated,Nance
799,Fruits,Fruits,Naranjilla Lulo Pulp,,"naranjilla lulo pulp, naranjilla lulo pulps, naranjilla-lulo-pulp",100,g,100,30,0.5,7.1,0.3,1.3,4.5,0,44,0,Raw,curated,Naranjilla Lulo Pulp
800,Fruits,Fruits,Nectarine,,"nectarine, nectarines",100,g,100,66,1.6,15.8,0.5,2.6,11.8,0.1,0,0,Raw,curated,Nectarine
801,Fruits,Fruits,Ohelo Berries,,"ohelo berries, ohelo berrieses, ohelo berry, ohelo-berries",100,g,100,39,0.5,9.6,0.3,0,0,0,68,0,Raw,curated,Ohelo Berries
802,Fruits,Fruits,Orange,,"orange, oranges, santra",100,g,100,86,1.7,21.6,0.2,4.4,17.2,0,0,0,Raw,curated,Orange
803,Fruits,Fruits,Orange Marmalade,,"orange marmalade, orange marmalades, orange-marmalade, santra, santray ka murabba",100,g,100,76.6,0.3,19.6,0.1,1,18.5,0,9,0,Raw,curated,Orange Marmalade
804,Fruits,Fruits,Orange Peel,,"orange peel, orange peels, orange-peel, santra",100,g,100,6,0.1,1.5,0,0.6,0,0,23,0,Raw,curated,Orange Peel
805,Fruits,Fruits,Orange Roughy Cooked,,"orange roughy cooked, orange-roughy-cooked, santra",100,g,100,30,6.4,0,0.3,0,0,0,79,23,Meals / Prepared Food,curated,Orange Roughy
806,Fruits,Fruits,Orange Roughy Raw,,"orange roughy raw, orange-roughy-raw, santra",100,g,100,22,4.6,0,0.2,0,0,0.1,63,17,Raw,curated,Orange Roughy
807,Fruits,Fruits,Orange with Peel,,"orange with peel, orange with peels, orange-with-peel, santra",100,g,100,100,2.1,24.6,0.5,7.2,0,0,28,0,Meals / Prepared Food,curated,Orange with Peel
808,Fruits,Fruits,Papaya,,"papaya, papayas, papita",100,g,100,62,0.7,15.7,0.4,2.5,11.3,0.1,4,0,Raw,curated,Papaya
809,Fruits,Fruits,Papaya Canned,,"papaya canned, papaya-canned, papita",100,g,100,80,0,21.8,0.2,0.6,20.4,0.1,75,0,Meals / Prepared Food,curated,Papaya
810,Fruits,Fruits,Passion Fruit,,"passion fruit, passion fruits, passion-fruit",100,g,100,17,0.4,4.2,0.1,1.9,2,0.1,72,0,Raw,curated,Passion Fruit
811,Fruits,Fruits,Peach,,"peach, peaches",100,g,100,59,1.4,14.3,0.4,2.3,12.6,0,0,0,Raw,curated,Peach
812,Fruits,Fruits,Peach Canned,,"peach canned, peach-canned",100,g,100,110,1.6,28.9,0.1,3.3,25.7,0,6,0,Meals / Prepared Food,curated,Peach
813,Fruits,Fruits,Peach Dried,,"peach dried, peach-dried",100,g,100,199,3,50.8,0.6,7,43.8,0.1,59,0,Raw,curated,Peach
814,Fruits,Fruits,Pear,,"pear, nashpati, pears",100,g,100,101,0.6,27.1,0.2,5.5,17.4,0,70,0,Raw,curated,Pear
815,Fruits,Fruits,Pear Canned,,"pear canned, nashpati, pear-canned",100,g,100,38,0.3,9.8,0,1.2,7.4,0.1,88,0,Meals / Prepared Food,curated,Pear
816,Fruits,Fruits,Pear Dried,,"pear dried, nashpati, pear-dried",100,g,100,94,0.7,25.1,0.2,2.7,22.4,0,74,0,Raw,curated,Pear
817,Fruits,Fruits,Persimmon,,"persimmon, persimmons",100,g,100,32,0.2,8.4,0.1,0,0,0,24,0,Raw,curated,Persimmon
818,Fruits,Fruits,Pesca,,"pesca, pescas",100,g,100,30,0,0,0.1,0,0,6.1,0,0,Raw,curated,Pesca
819,Fruits,Fruits,Pineapple,,"pineapple, ananas, pineapples",100,g,100,45,0.5,11.8,0.1,1.3,8.9,0.1,99,0,Raw,curated,Pineapple
820,Fruits,Fruits,Pineapples Canned,,"pineapples canned, ananas, pineapples-canned",100,g,100,28,0.2,7.4,0,0.4,6.8,0.1,60,0,Meals / Prepared Food,curated,Pineapples
821,Fruits,Fruits,Pink Lady Apple,,"pink lady apple, pink lady apples, pink-lady-apple, seb",100,g,100,18,0.1,3.9,0.1,0,0,0,0,0,Raw,curated,Pink Lady Apple
822,Fruits,Fruits,Plum,,"plum, aloo bukhara, plums",100,g,100,30,0.5,7.5,0.2,0.9,6.5,0.1,0,0,Raw,curated,Potato
823,Fruits,Fruits,Pom Potes Materne,,"pom potes materne, pom potes maternes, pom-potes-materne",100,g,100,19,0,0.2,0.2,0,0.1,0.2,0,0,Raw,curated,Pom Potes Materne
824,Fruits,Fruits,Pomegranate,,"pomegranate, anar, pomegranates",100,g,100,117,2.4,26.4,1.6,5.6,19.3,0.2,42,0,Raw,curated,Pomegranate
825,Fruits,Fruits,Prickly Pear,,"prickly pear, nashpati, prickly pears, prickly-pear",100,g,100,42,0.8,9.9,0.5,3.7,0,0,44,0,Raw,curated,Prickly Pear
826,Fruits,Fruits,Prickly Pear Cooked,,"prickly pear cooked, nashpati, prickly-pear-cooked",100,g,100,7,0.1,1.6,0,0,0,0,0,0,Meals / Prepared Food,curated,Prickly Pear
827,Fruits,Fruits,Prickly Pear Raw,,"prickly pear raw, nashpati, prickly-pear-raw",100,g,100,8,0,1.9,0.1,1,0.2,0,65,0,Raw,curated,Prickly Pear
828,Fruits,Fruits,Prune Plums Canned,,"prune plums canned, prune-plums-canned",100,g,100,27,0.2,7,0.1,0.4,6.5,0,55,0,Meals / Prepared Food,curated,Prune Plums
829,Fruits,Fruits,Prune Plums Dried,,"prune plums dried, prune-plums-dried",100,g,100,308,2.7,81.5,0.5,9.4,0,0,11,0,Raw,curated,Prune Plums
830,Fruits,Fruits,Prune Puree,,"prune puree, prune purees, prune-puree",100,g,100,46,0.4,11.7,0,0.6,7,0,36,0,Meals / Prepared Food,curated,Prune Puree
831,Fruits,Fruits,Prunes,,"prunes, prun, pruneses",100,g,100,237,2.6,62.3,0.5,0,0,0.1,76,0,Raw,curated,Prunes
832,Fruits,Fruits,Prunes Canned,,"prunes canned, prunes-canned",100,g,100,246,2,65.1,0.5,8.9,0,0.1,44,0,Meals / Prepared Food,curated,Prunes
833,Fruits,Fruits,Prunes Stewed,,"prunes stewed, prunes steweds, prunes-stewed",100,g,100,316,3.4,83.2,0.7,0,0,0.1,39,0,Meals / Prepared Food,curated,Prunes Stewed
834,Fruits,Fruits,Pummelo,,"pummelo, pummelos",100,g,100,48,1,12,0.1,1.3,0,0,94,0,Raw,curated,Pummelo
835,Fruits,Fruits,Quince,,"quince, quinces",100,g,100,52,0.4,14.1,0,1.7,0,0,81,0,Raw,curated,Quince
836,Fruits,Fruits,Raisins,,"raisins, kishmish, raisin, raisinses",100,g,100,90,1,23.8,0.1,1.4,19.6,0,25,0,Raw,curated,Raisins
837,Fruits,Fruits,Rambutan Canned,,"rambutan canned, rambutan-canned",100,g,100,175,1.4,44.7,0.4,1.9,0,0,51,0,Meals / Prepared Food,curated,Rambutan
838,Fruits,Fruits,Raspberries,,"raspberries, raspberrieses, raspberry",100,g,100,5,0.1,1.2,0,0.7,0.4,0,54,0,Raw,curated,Raspberries
839,Fruits,Fruits,Raspberries Canned,,"raspberries canned, raspberries-canned",100,g,100,233,2.1,59.8,0.3,8.4,51.4,0.1,13,0,Meals / Prepared Food,curated,Raspberries
840,Fruits,Fruits,Red White Currants,,"red white currants, red white currant, red white currantses, red-white-currants",100,g,100,63,1.6,15.5,0.2,4.8,8.3,0,56,0,Raw,curated,Red White Currants
841,Fruits,Fruits,Rowan,,"rowan, rowans",100,g,100,253,5.2,54.5,4.6,14.1,32.1,0.6,83,0,Raw,curated,Rowan
842,Fruits,Fruits,Sapodilla,,"sapodilla, sapodillas",100,g,100,141,0.7,33.9,1.9,9,0,0.3,80,0,Raw,curated,Sapodilla
843,Fruits,Fruits,Sour Cherries,,"sour cherries, sour cherrieses, sour cherry, sour-cherries",100,g,100,52,1,12.5,0.3,1.6,8.7,0.1,71,0,Raw,curated,Sour Cherries
844,Fruits,Fruits,Sour Cherries Canned,,"sour cherries canned, sour-cherries-canned",100,g,100,189,1.9,48.6,0.3,2,0,0,73,0,Meals / Prepared Food,curated,Sour Cherries
845,Fruits,Fruits,Soursop,,"soursop, soursops",100,g,100,149,2.3,37.9,0.7,7.4,30.5,0.1,24,0,Raw,curated,Soursop
846,Fruits,Fruits,Strawberries,,"strawberries, strawberrieses, strawberry",100,g,100,4,0,0.9,0.1,0.2,0.6,0.1,68,0,Raw,curated,Strawberries
847,Fruits,Fruits,Strawberries Canned,,"strawberries canned, strawberries-canned",100,g,100,234,1.4,59.8,0.7,4.3,55.4,0.1,24,0,Meals / Prepared Food,curated,Strawberries
848,Fruits,Fruits,Strawberry Guava,,"strawberry guava, amrud, strawberry guavas, strawberry-guava",100,g,100,4,0,1,0,0.3,0,0,59,0,Raw,curated,Strawberry Guava
849,Fruits,Fruits,Strawberry Topping,,"strawberry topping, strawberry toppings, strawberry-topping",100,g,100,53,0,13.9,0.1,0.1,5.7,0.1,99,0,Raw,curated,Strawberry Topping
850,Fruits,Fruits,Surinam Cherry Pitanga,,"surinam cherry pitanga, surinam cherry pitangas, surinam-cherry-pitanga",100,g,100,2,0,0.5,0.1,0,0,0,100,0,Raw,curated,Surinam Cherry Pitanga
851,Fruits,Fruits,Tamarinds,,"tamarinds, imli, tamarind, tamarindses",100,g,100,5,0.1,1.3,0,0.1,0.8,0,7,0,Raw,curated,Tamarind
852,Fruits,Fruits,Tangerine,,"tangerine, tangerines",100,g,100,40,0.6,10.1,0.2,1.4,8,0.1,56,0,Raw,curated,Tangerine
853,Fruits,Fruits,Tangerines Canned,,"tangerines canned, tangerines-canned",100,g,100,92,1.5,23.8,0.1,1.7,22.1,0.1,22,0,Meals / Prepared Food,curated,Tangerines
854,Fruits,Fruits,Vanilla Bluberry Bar Kind,,"vanilla bluberry bar kind, vanilla bluberry bar kinds, vanilla-bluberry-bar-kind",100,g,100,49,0,0.9,1.4,0,0.1,8.4,0,0,Raw,curated,Vanilla Bluberry Bar Kind
855,Fruits,Fruits,White Grapefruit,,"white grapefruit, angoor, white grapefruits, white-grapefruit",100,g,100,78,1.6,19.8,0.2,2.6,17.3,0.1,0,0,Raw,curated,White Grapefruit
856,Fruits,Fruits,Wild Plum,,"wild plum, aloo bukhara, wild plums, wild-plum",100,g,100,147,0.7,35.3,0.3,9.7,17.1,0,47,0,Raw,curated,Potato
857,Fruits,Fruits,Wild Raspberries,,"wild raspberries, wild raspberrieses, wild raspberry, wild-raspberries",100,g,100,81,1.5,18,0.4,9.8,7.2,0,90,0,Raw,curated,Wild Raspberries
858,Grains & Cereals,"Cereal, Flour & Grains",Amaranth Cooked,,"amaranth cooked, amaranth-cooked",100,g,100,251,9.3,46,3.9,5.2,0,0,95,0,Meals / Prepared Food,curated,Amaranth
859,Grains & Cereals,"Cereal, Flour & Grains",Amaranth Flakes,,"amaranth flakes, amaranth flak, amaranth flakeses, amaranth-flakes",100,g,100,134,5.9,27,2.7,3.6,0.2,0.5,67,0,Raw,curated,Amaranth Flakes
860,Grains & Cereals,"Cereal, Flour & Grains",Amaranth Leaves,,"amaranth leaves, amaranth leav, amaranth leaveses, amaranth-leaves",100,g,100,6,0.7,1.1,0.1,0,0,0.1,71,0,Raw,curated,Amaranth Leaves
861,Grains & Cereals,"Cereal, Flour & Grains",Amaranth Raw,,"amaranth raw, amaranth-raw",100,g,100,37,1.4,6.5,0.7,0.7,0.2,0.1,77,0,Raw,curated,Amaranth
862,Grains & Cereals,"Cereal, Flour & Grains",Arrowroot,,"arrowroot, arrowroots",100,g,100,78,5.1,16.1,0.2,1.6,0,0.1,52,0,Raw,curated,Arrowroot
863,Grains & Cereals,"Cereal, Flour & Grains",Bakers Yeast,,"bakers yeast, bakers yeasts, bakers-yeast",100,g,100,18,1.4,3.1,0.3,1.4,0,0.1,66,0,Raw,curated,Bakers Yeast
864,Grains & Cereals,"Cereal, Flour & Grains",Bakers Yeast Dry,,"bakers yeast dry, bakers yeast dries, bakers-yeast-dry",100,g,100,13,1.6,1.6,0.3,1.1,0,0.1,81,0,Raw,curated,Bakers Yeast Dry
865,Grains & Cereals,"Cereal, Flour & Grains",Barley Cooked,,"barley cooked, barley-cooked, jau",100,g,100,193,3.5,44.3,0.7,6,0.4,0.1,64,0,Meals / Prepared Food,curated,Barley
866,Grains & Cereals,"Cereal, Flour & Grains",Barley Raw,,"barley raw, barley-raw, jau",100,g,100,42,1.2,9.3,0.1,1.9,0.1,0,16,0,Raw,curated,Barley
867,Grains & Cereals,"Cereal, Flour & Grains",Bran Flakes,,"bran flakes, bran flak, bran flakeses, bran-flakes",100,g,100,131,4,32.2,0.8,7.3,7.4,0.2,200,0,Raw,curated,Bran Flakes
868,Grains & Cereals,"Cereal, Flour & Grains",Bran Flakes Asda,,"bran flakes asda, bran flakes asdas, bran-flakes-asda",100,g,100,109,0,0.2,0.6,0,0,0.2,0,0,Raw,curated,Bran Flakes Asda
869,Grains & Cereals,"Cereal, Flour & Grains",Buckwheat Cooked,,"buckwheat cooked, buckwheat-cooked",100,g,100,155,5.7,33.5,1,4.5,1.5,0.2,53,0,Meals / Prepared Food,curated,Buckwheat
870,Grains & Cereals,"Cereal, Flour & Grains",Buckwheat Flour,,"buckwheat flour, buckwheat flours, buckwheat-flour",100,g,100,402,15.1,84.7,3.7,12,3.1,0.8,33,0,Raw,curated,Buckwheat Flour
871,Grains & Cereals,"Cereal, Flour & Grains",Buckwheat Raw,,"buckwheat raw, buckwheat-raw",100,g,100,41,1.6,8.6,0.4,1.2,0,0,54,0,Raw,curated,Buckwheat
872,Grains & Cereals,"Cereal, Flour & Grains",Bulgur Cooked,,"bulgur cooked, bulgur-cooked",100,g,100,151,5.6,33.8,0.4,8.2,0.2,0.1,49,0,Meals / Prepared Food,curated,Bulgur
873,Grains & Cereals,"Cereal, Flour & Grains",Bulgur Dry,,"bulgur dry, bulgur dries, bulgur-dry",100,g,100,171,6.1,37.9,0.7,9.2,0.2,0.1,71,0,Raw,curated,Bulgur Dry
874,Grains & Cereals,"Cereal, Flour & Grains",Carob Flour,,"carob flour, carob flours, carob-flour",100,g,100,13,0.3,5.3,0.1,2.4,2.9,0,33,0,Raw,curated,Carob Flour
875,Grains & Cereals,"Cereal, Flour & Grains",Chickpea Flour,,"chickpea flour, chana, chickpea flours, chickpea-flour, chole",100,g,100,356,20.6,53.2,6.2,9.9,10,0.6,50,0,Raw,curated,Chickpeas (Chana)
876,Grains & Cereals,"Cereal, Flour & Grains",Corn Flakes,,"corn flakes, bhutta, corn flak, corn flakeses, corn-flakes, makka",100,g,100,108,1.7,24.6,0.3,0.8,2.2,0.1,200,0,Raw,curated,Corn
877,Grains & Cereals,"Cereal, Flour & Grains",Corn Flour White,,"corn flour white, bhutta, corn flour whites, corn-flour-white, makka",100,g,100,414,9.6,87.3,4.2,7.3,1.8,0.6,36,0,Raw,curated,Corn
878,Grains & Cereals,"Cereal, Flour & Grains",Corn Flour Whole Grain,,"corn flour whole grain, bhutta, corn flour whole grains, corn-flour-whole-grain, makka",100,g,100,422,8.1,89.9,4.5,8.5,0.7,0.6,33,0,Raw,curated,Corn
879,Grains & Cereals,"Cereal, Flour & Grains",Corn Flour Yellow,,"corn flour yellow, bhutta, corn flour yellows, corn-flour-yellow, makka",100,g,100,422,8.1,89.9,4.5,8.5,0.7,0.6,40,0,Raw,curated,Corn
880,Grains & Cereals,"Cereal, Flour & Grains",Corn Grits Cooked,,"corn grits cooked, bhutta, corn-grits-cooked, makka",100,g,100,182,4.4,37.9,1.2,2.1,0.3,0.2,600,0,Meals / Prepared Food,curated,Corn
881,Grains & Cereals,"Cereal, Flour & Grains",Corn Grits Dry,,"corn grits dry, bhutta, corn grits dries, corn-grits-dry, makka",100,g,100,36,0.7,7.7,0.2,0.4,0,0,54,0,Raw,curated,Corn
882,Grains & Cereals,"Cereal, Flour & Grains",Cornmeal Whole Grain,,"cornmeal whole grain, cornmeal whole grains, cornmeal-whole-grain",100,g,100,442,9.9,93.8,4.4,8.9,0.8,0.6,22,0,Raw,curated,Cornmeal Grain
883,Grains & Cereals,"Cereal, Flour & Grains",Hominy Canned,,"hominy canned, hominy-canned",100,g,100,119,2.4,23.5,1.5,4.1,3,0.2,600,0,Meals / Prepared Food,curated,Hominy
884,Grains & Cereals,"Cereal, Flour & Grains",Kamut Cooked,,"kamut cooked, kamut-cooked",100,g,100,251,11.1,52.4,1.6,6.7,0,0,38,0,Meals / Prepared Food,curated,Kamut
885,Grains & Cereals,"Cereal, Flour & Grains",Millet Cooked,,"millet cooked, bajra, millet-cooked",100,g,100,207,6.1,41.2,1.7,2.3,0.2,0.3,46,0,Meals / Prepared Food,curated,Millet
886,Grains & Cereals,"Cereal, Flour & Grains",Millet Flour,,"millet flour, bajra, millet flours, millet-flour",100,g,100,444,12.8,86.9,5.1,4.2,2,0.6,56,0,Raw,curated,Millet Flour
887,Grains & Cereals,"Cereal, Flour & Grains",Millet Puffed,,"millet puffed, bajra, millet puffeds, millet-puffed",100,g,100,74,2.7,16.8,0.7,0.6,0.1,0.1,76,0,Raw,curated,Millet Puffed
888,Grains & Cereals,"Cereal, Flour & Grains",Multigrain Cheerios General Mills,,"multigrain cheerios general mills, multigrain cheerios general mill, multigrain cheerios general millses, multigrain-cheerios-general-mills",100,g,100,4,0,1,0,0.1,0.2,0,0,0,Raw,curated,Multigrain Cheerios General Mills
889,Grains & Cereals,"Cereal, Flour & Grains",Nesfit Diet Cereal Nestle,,"nesfit diet cereal nestle, nesfit diet cereal nestles, nesfit-diet-cereal-nestle",100,g,100,75,0,0,0,0,0,14.5,0,0,Raw,curated,Nesfit Diet Cereal Nestle
890,Grains & Cereals,"Cereal, Flour & Grains",Nut Cereal,,"nut cereal, nut cereals, nut-cereal",100,g,100,245,4,46.2,5.9,3.6,17.2,1,300,0,Raw,curated,Nut Cereal
891,Grains & Cereals,"Cereal, Flour & Grains",Oat Bran Cooked,,"oat bran cooked, jai, oat-bran-cooked",100,g,100,88,7,25.1,1.9,5.7,0,0.4,82,0,Meals / Prepared Food,curated,Oat Bran
892,Grains & Cereals,"Cereal, Flour & Grains",Oat Bran Raw,,"oat bran raw, jai, oat-bran-raw",100,g,100,23,1.3,4.9,0.5,1.2,0.1,0.1,36,0,Raw,curated,Oat Bran
893,Grains & Cereals,"Cereal, Flour & Grains",Oats,,"oats, jai, oat, oatses",100,g,100,39,1.7,6.6,0.7,1.1,0,0.1,74,0,Raw,curated,Oats
894,Grains & Cereals,"Cereal, Flour & Grains",Quinoa Cooked,,"quinoa cooked, quinoa-cooked",100,g,100,222,8.1,39.4,3.6,5.2,1.6,0.4,26,0,Meals / Prepared Food,curated,Quinoa
895,Grains & Cereals,"Cereal, Flour & Grains",Quinoa Dry,,"quinoa dry, quinoa dries, quinoa-dry",100,g,100,221,8.5,38.5,3.6,4.2,0,0.4,26,0,Raw,curated,Quinoa Dry
896,Grains & Cereals,"Cereal, Flour & Grains",Raisin Bran Crunch Kelloggs,,"raisin bran crunch kelloggs, kishmish, raisin bran crunch kellogg, raisin bran crunch kelloggses, raisin-bran-crunch-kelloggs",100,g,100,90,1.9,21.2,0.5,0,9,0,0,0,Raw,curated,Raisin Bran Crunch Kelloggs
897,Grains & Cereals,"Cereal, Flour & Grains",Rye Flour,,"rye flour, rye flours, rye-flour",100,g,100,364,10,78.2,1.4,8.2,0.9,0.2,61,0,Raw,curated,Rye Flour
898,Grains & Cereals,"Cereal, Flour & Grains",Sorghum Flour,,"sorghum flour, jowar, sorghum flours, sorghum-flour",100,g,100,437,9.5,93.7,4,8,2.3,0.6,23,0,Raw,curated,Sorghum Flour
899,Grains & Cereals,"Cereal, Flour & Grains",Soy Flour,,"soy flour, soy flours, soy-flour",100,g,100,23,1.8,1.8,1.1,0.5,0.4,0.2,23,0,Raw,curated,Soya/Tofu
900,Grains & Cereals,"Cereal, Flour & Grains",Soy Flour Low Fat,,"soy flour low fat, soy flour low fats, soy-flour-low-fat",100,g,100,330,40,30.7,7.8,14.1,9.3,1.1,85,0,Raw,curated,Soya/Tofu
901,Grains & Cereals,"Cereal, Flour & Grains",Soy Flour Roasted,,"soy flour roasted, soy-flour-roasted",100,g,100,375,29.6,28.6,18.6,8.2,6.5,2.7,83,0,Meals / Prepared Food,curated,Soya/Tofu
902,Grains & Cereals,"Cereal, Flour & Grains",Spelt Cooked,,"spelt cooked, spelt-cooked",100,g,100,246,10.7,51.3,1.6,7.6,0,0,41,0,Meals / Prepared Food,curated,Spelt
903,Grains & Cereals,"Cereal, Flour & Grains",Teff Cooked,,"teff cooked, teff-cooked",100,g,100,255,9.8,50,1.6,7.1,0,0,53,0,Meals / Prepared Food,curated,Teff
904,Grains & Cereals,"Cereal, Flour & Grains",Triticale Flour,,"triticale flour, triticale flours, triticale-flour",100,g,100,439,17.1,95.1,2.4,19,0,0.4,96,0,Raw,curated,Triticale Flour
905,Grains & Cereals,"Cereal, Flour & Grains",Wheat Bran,,"wheat bran, gehun, wheat brans, wheat-bran",100,g,100,125,9,37.4,2.5,24.8,0.2,0.4,15,0,Raw,curated,Wheat Bran
906,Grains & Cereals,"Cereal, Flour & Grains",Wheat Flour,,"wheat flour, atta, gehun, wheat flours, wheat-flour",100,g,100,455,12.9,95.4,1.2,3.4,0.3,0.2,61,0,Raw,curated,Whole Wheat Flour (Atta)
907,Grains & Cereals,"Cereal, Flour & Grains",Wheat Germ,,"wheat germ, gehun, wheat germs, wheat-germ",100,g,100,112,7.2,16.1,3,4.1,0,0.5,37,0,Raw,curated,Wheat Germ
908,Grains & Cereals,"Cereal, Flour & Grains",Wheat Germ Toasted,,"wheat germ toasted, gehun, wheat-germ-toasted",100,g,100,115,8.7,14.9,3.2,4.5,2.3,0.5,60,0,Meals / Prepared Food,curated,Wheat Germ
909,Grains & Cereals,"Cereal, Flour & Grains",Wheat Puffed,,"wheat puffed, gehun, wheat puffeds, wheat-puffed",100,g,100,44,1.8,9.6,0.1,0.5,0,0,30,0,Raw,curated,Wheat Puffed
910,Grains & Cereals,"Cereal, Flour & Grains",Wheat Shredded,,"wheat shredded, gehun, wheat shreddeds, wheat-shredded",100,g,100,155,5.2,36.2,1,5.5,0.4,0.2,86,0,Raw,curated,Wheat
911,Grains & Cereals,"Cereal, Flour & Grains",Wheat Sprouted,,"wheat sprouted, gehun, wheat sprouteds, wheat-sprouted",100,g,100,214,8.1,45.9,1.4,1.2,0,0.2,26,0,Raw,curated,Wheat Sprouted
912,Grains & Cereals,"Cereal, Flour & Grains",Whole Grain Wheat Flour,,"whole grain wheat flour, atta, gehun, whole grain wheat flours, whole-grain-wheat-flour",100,g,100,408,15.9,86.4,3,12.8,0.5,0.5,27,0,Raw,curated,Whole Wheat Flour (Atta)
913,Grains & Cereals,"Cereal, Flour & Grains",Whole Wheat Cooked,,"whole wheat cooked, gehun, whole-wheat-cooked",100,g,100,150,4.8,33.2,1,3.9,0.2,0.1,600,0,Meals / Prepared Food,curated,Wheat
914,Grains & Cereals,"Cereal, Flour & Grains",Whole Wheat Dry,,"whole wheat dry, gehun, whole wheat dries, whole-wheat-dry",100,g,100,96,3.1,21.1,0.6,2.7,0.1,0,36,0,Raw,curated,Wheat Dry
915,Grains & Cereals,Pasta & Noodles,Chow Mein Noodles,,"chow mein noodles, chow mein noodl, chow mein noodleses, chow-mein-noodles",100,g,100,257,5.9,37.5,9.9,1.5,0.5,1,500,0,Raw,curated,Chow Mein Noodles
916,Grains & Cereals,Pasta & Noodles,Chow Mein Stir Fry Master Foods,,"chow mein stir fry master foods, chow mein stir fry master food, chow mein stir fry master foodses, chow-mein-stir-fry-master-foods",100,g,100,26,0,0,0.2,0,0,5.5,0,0,Meals / Prepared Food,curated,Chow Mein Stir Fry Master Foods
917,Grains & Cereals,Pasta & Noodles,Corn Pasta Cooked,,"corn pasta cooked, bhutta, corn-pasta-cooked, makka",100,g,100,176,3.7,39.1,1,6.7,0,0.1,0,0,Meals / Prepared Food,curated,"Corn, Pasta"
918,Grains & Cereals,Pasta & Noodles,Corn Pasta Dry,,"corn pasta dry, bhutta, corn pasta dries, corn-pasta-dry, makka",100,g,100,375,7.8,83.2,2.2,11.6,0,0.3,27,0,Raw,curated,"Corn, Pasta"
919,Grains & Cereals,Pasta & Noodles,Couscous Cooked,,"couscous cooked, couscous-cooked",100,g,100,176,6,36.5,0.3,2.2,0.2,0.1,54,0,Meals / Prepared Food,curated,Couscous
920,Grains & Cereals,Pasta & Noodles,Fusilli Cucina,,"fusilli cucina, fusilli cucinas, fusilli-cucina",100,g,100,100,0,3.4,0.4,0,0,0.1,0,0,Raw,curated,Fusilli Cucina
921,Grains & Cereals,Pasta & Noodles,Japanese Soba Noodles Cooked,,"japanese soba noodles cooked, japanese-soba-noodles-cooked",100,g,100,113,5.8,24.4,0.1,0,0,0,100,0,Meals / Prepared Food,curated,Japanese Soba Noodles
922,Grains & Cereals,Pasta & Noodles,Japanese Soba Noodles Dry,,"japanese soba noodles dry, japanese soba noodles dries, japanese-soba-noodles-dry",100,g,100,95,4.1,21.1,0.2,0,0,0.1,200,0,Raw,curated,Japanese Soba Noodles Dry
923,Grains & Cereals,Pasta & Noodles,Japanese Somen Noodles Cooked,,"japanese somen noodles cooked, japanese-somen-noodles-cooked",100,g,100,231,7,48.5,0.3,0,0,0,300,0,Meals / Prepared Food,curated,Japanese Somen Noodles
924,Grains & Cereals,Pasta & Noodles,Japanese Somen Noodles Dry,,"japanese somen noodles dry, japanese somen noodles dries, japanese-somen-noodles-dry",100,g,100,101,3.2,21,0.2,1.2,0,0,500,0,Raw,curated,Japanese Somen Noodles Dry
925,Grains & Cereals,Pasta & Noodles,Lasagna,,"lasagna, lasagnas",100,g,100,166,9,18.9,6.1,2.1,3.8,2.9,500,21,Meals / Prepared Food,curated,Lasagna
926,Grains & Cereals,Pasta & Noodles,Macaroni Cooked,,"macaroni cooked, macaroni-cooked",100,g,100,221,8.1,43.2,1.3,2.5,0.8,0.2,71,0,Meals / Prepared Food,curated,"Pasta, Macaroni"
927,Grains & Cereals,Pasta & Noodles,Macaroni Raw,,"macaroni raw, macaroni-raw",100,g,100,390,13.7,78.4,1.6,3.4,2.8,0.3,97,0,Raw,curated,Pasta
928,Grains & Cereals,Pasta & Noodles,Pasta Cooked,,"pasta cooked, pasta-cooked",100,g,100,301,11.8,57.3,2.4,0,0,0.3,73,76,Meals / Prepared Food,curated,Pasta
929,Grains & Cereals,Pasta & Noodles,Savoury Noodle One Pan Dinner Tandaco,,"savoury noodle one pan dinner tandaco, savoury noodle one pan dinner tandacos, savoury-noodle-one-pan-dinner-tandaco",100,g,100,172,0,5.5,1.2,0,0,0.5,0,0,Raw,curated,Noodles
930,Grains & Cereals,Pasta & Noodles,Spaghetti Cooked,,"spaghetti cooked, spaghetti-cooked",100,g,100,363,13.3,71,2.1,4.1,1.3,0.4,89,0,Meals / Prepared Food,curated,Pasta
931,Grains & Cereals,Pasta & Noodles,Spaghetti Dry,,"spaghetti dry, spaghetti dries, spaghetti-dry",100,g,100,105,3.7,21.1,0.4,0.9,0.8,0,90,0,Raw,curated,Pasta
932,Grains & Cereals,Pasta & Noodles,Spaghetti Squash Cooked,,"spaghetti squash cooked, spaghetti-squash-cooked",100,g,100,42,1,10,0.4,2.2,3.9,0.1,400,0,Meals / Prepared Food,curated,"Pasta, Spaghetti Squash"
933,Grains & Cereals,Pasta & Noodles,Spaghetti Squash Raw,,"spaghetti squash raw, spaghetti-squash-raw",100,g,100,31,0.6,7,0.6,1.5,2.8,0.1,81,0,Raw,curated,Pasta
934,Grains & Cereals,Pasta & Noodles,Spaghetti with Meatballs,,"spaghetti with meatballs, spaghetti with meatball, spaghetti with meatballses, spaghetti-with-meatballs",100,g,100,200,8.7,22.9,8.2,5.4,5.8,2.9,600,14,Meals / Prepared Food,curated,Pasta
935,Grains & Cereals,Pasta & Noodles,Spinach Pasta Cooked,,"spinach pasta cooked, palak, spinach-pasta-cooked",100,g,100,37,1.4,7.1,0.3,0,0,0.1,4,9,Meals / Prepared Food,curated,"Spinach, Pasta"
936,Grains & Cereals,Pasta & Noodles,Spinach Spaghetti Cooked,,"spinach spaghetti cooked, palak, spinach-spaghetti-cooked",100,g,100,182,6.4,36.6,0.9,0,0,0.1,61,0,Meals / Prepared Food,curated,"Spinach, Pasta"
937,Grains & Cereals,Pasta & Noodles,Spinach Spaghetti Dry,,"spinach spaghetti dry, palak, spinach spaghetti dries, spinach-spaghetti-dry",100,g,100,105,3.8,21.2,0.4,3,0.8,0.1,94,0,Raw,curated,"Spinach, Pasta"
938,Grains & Cereals,Pasta & Noodles,Vegetable Lasagna,,"vegetable lasagna, vegetable lasagnas, vegetable-lasagna",100,g,100,316,15.6,32.2,13.7,4.3,5.8,5.5,1000,32,Meals / Prepared Food,curated,Vegetable Lasagna
939,Grains & Cereals,Pasta & Noodles,Vegetable Macaroni Cooked,,"vegetable macaroni cooked, vegetable-macaroni-cooked",100,g,100,172,6.1,35.7,0.1,5.8,1.5,0,15,0,Meals / Prepared Food,curated,"Pasta, Macaroni"
940,Grains & Cereals,Pasta & Noodles,Vegetable Macaroni Dry,,"vegetable macaroni dry, vegetable macaroni dries, vegetable-macaroni-dry",100,g,100,308,11,62.9,0.9,3.6,0,0.1,60,0,Raw,curated,Pasta
941,Grains & Cereals,Pasta & Noodles,Whole Wheat Macaroni Cooked,,"whole wheat macaroni cooked, gehun, whole-wheat-macaroni-cooked",100,g,100,174,7.5,37.2,0.8,3.9,1.1,0.1,57,0,Meals / Prepared Food,curated,"Pasta, Macaroni, Wheat"
942,Grains & Cereals,Pasta & Noodles,Whole Wheat Macaroni Dry,,"whole wheat macaroni dry, gehun, whole wheat macaroni dries, whole-wheat-macaroni-dry",100,g,100,365,15.4,78.8,1.5,8.7,0,0.3,28,0,Raw,curated,Pasta
943,Grains & Cereals,Pasta & Noodles,Whole Wheat Spaghetti Cooked,,"whole wheat spaghetti cooked, gehun, whole-wheat-spaghetti-cooked",100,g,100,174,7.5,37.2,0.8,6.3,1.1,0.1,91,0,Meals / Prepared Food,curated,"Pasta, Wheat"
944,Grains & Cereals,Pasta & Noodles,Whole Wheat Spaghetti Dry,,"whole wheat spaghetti dry, gehun, whole wheat spaghetti dries, whole-wheat-spaghetti-dry",100,g,100,98,4.1,21.2,0.4,0,0,0,2,0,Raw,curated,Pasta
945,Grains & Cereals,Rice,Beef Flavored Rice Cooked,,"beef flavored rice cooked, beef-flavored-rice-cooked, chawal",100,g,100,319,7,54.4,7.9,1.5,0,2.1,900,0,Meals / Prepared Food,curated,"Beef, Rice"
946,Grains & Cereals,Rice,Brown Rice Cooked,,"brown rice cooked, brown-rice-cooked, chawal",100,g,100,218,4.5,45.8,1.6,3.5,0.7,0.3,86,0,Meals / Prepared Food,curated,Rice
947,Grains & Cereals,Rice,Chicken Flavored Rice Cooked,,"chicken flavored rice cooked, chawal, chicken-flavored-rice-cooked, murgi",100,g,100,317,6.2,54.8,8,1.6,1.5,1.7,900,0,Meals / Prepared Food,curated,"Chicken, Rice"
948,Grains & Cereals,Rice,Chicken and Rice Casserole Homade,,"chicken and rice casserole homade, chawal, chicken and rice casserole homades, chicken-and-rice-casserole-homade, murgi",100,g,100,27,2,2.4,1,0.3,0,0,0,0,Meals / Prepared Food,curated,"Chicken, Rice"
949,Grains & Cereals,Rice,Corn Rice,,"corn rice, bhutta, chawal, corn rices, corn-rice, makka",100,g,100,110,1.8,25.2,0.3,0.4,3,0,200,0,Raw,curated,"Corn, Rice"
950,Grains & Cereals,Rice,Crisped Rice Bar,,"crisped rice bar, chawal, crisped rice bars, crisped-rice-bar",100,g,100,113,1.4,20.4,3.8,0.6,0,1.5,10,0,Meals / Prepared Food,curated,Rice
951,Grains & Cereals,Rice,Crispy Brown Rice,,"crispy brown rice, chawal, crispy brown rices, crispy-brown-rice",100,g,100,124,2.3,27.5,1.1,2.3,2.9,0.2,86,0,Meals / Prepared Food,curated,Rice
952,Grains & Cereals,Rice,Fried Rice,,"fried rice, chawal, fried rices, fried-rice",100,g,100,228,6.5,43.4,3.2,1.5,0.6,0.7,600,32,Meals / Prepared Food,curated,Rice
953,Grains & Cereals,Rice,Glutinous White Rice Cooked,,"glutinous white rice cooked, chawal, glutinous-white-rice-cooked",100,g,100,169,3.5,36.7,0.3,1.7,0.1,0.1,27,0,Meals / Prepared Food,curated,Rice
954,Grains & Cereals,Rice,Instant White Rice Cooked,,"instant white rice cooked, chawal, instant-white-rice-cooked",100,g,100,193,3.6,41.4,0.8,1,0,0.1,1,0,Meals / Prepared Food,curated,Rice
955,Grains & Cereals,Rice,Instant White Rice Raw,,"instant white rice raw, chawal, instant-white-rice-raw",100,g,100,361,7.4,78.2,0.9,1.8,0,0.1,39,0,Raw,curated,Rice
956,Grains & Cereals,Rice,Parboiled White Rice Cooked,,"parboiled white rice cooked, chawal, parboiled-white-rice-cooked",100,g,100,194,4.6,41.2,0.6,1.4,0.2,0.1,88,0,Meals / Prepared Food,curated,Rice
957,Grains & Cereals,Rice,Puffed Rice,,"puffed rice, chawal, puffed rices, puffed-rice",100,g,100,153,2.4,34.1,0.2,0.6,0,0,53,0,Raw,curated,Rice
958,Grains & Cereals,Rice,Rice Bowl with Chicken,,"rice bowl with chicken, chawal, murgi, rice bowl with chickens, rice-bowl-with-chicken",100,g,100,36,1.6,6.4,0.4,0.2,1.2,0,64,4,Meals / Prepared Food,curated,"Chicken, Rice"
959,Grains & Cereals,Rice,Rice Bran,,"rice bran, chawal, rice brans, rice-bran",100,g,100,373,15.8,58.6,24.6,24.8,1.1,4.9,36,0,Raw,curated,Rice
960,Grains & Cereals,Rice,Rice Drink,,"rice drink, chawal, rice drinks, rice-drink",100,g,100,113,0.7,22,2.3,0.7,12.7,0,58,0,Raw,curated,Rice
961,Grains & Cereals,Rice,Rice Noodles Cooked,,"rice noodles cooked, chawal, rice-noodles-cooked",100,g,100,190,3.2,42.3,0.4,1.8,0.1,0.1,75,0,Meals / Prepared Food,curated,Rice
962,Grains & Cereals,Rice,Rice Noodles Dry,,"rice noodles dry, chawal, rice noodles dries, rice-noodles-dry",100,g,100,103,1,23.6,0.2,0.5,0,0.1,6,0,Raw,curated,Rice
963,Grains & Cereals,Rice,Rice Pilaf Cooked,,"rice pilaf cooked, chawal, rice-pilaf-cooked",100,g,100,352,7,61.1,8.8,1.4,0.6,1.8,1000,0,Meals / Prepared Food,curated,Rice
964,Grains & Cereals,Rice,Rice Sake,,"rice sake, chawal, rice sakes, rice-sake",100,g,100,197,0.7,7.4,0,0,0,0,46,0,Raw,curated,Rice
965,Grains & Cereals,Rice,White Rice Cooked,,"white rice cooked, chawal, white-rice-cooked",100,g,100,205,4.3,44.5,0.4,0.6,0,0.1,77,0,Meals / Prepared Food,curated,Rice
966,Grains & Cereals,Rice,White Rice Pasta Cooked,,"white rice pasta cooked, chawal, white-rice-pasta-cooked",100,g,100,246,5.1,43.3,5.7,5.1,0,1.1,1100,2,Meals / Prepared Food,curated,"Rice, Pasta"
967,Grains & Cereals,Rice,White Rice Steamed,,"white rice steamed, chawal, white-rice-steamed",100,g,100,199,4.2,44.7,0.4,1.2,0,0,9,0,Meals / Prepared Food,curated,Rice
968,Grains & Cereals,Rice,Wild Rice Cooked,,"wild rice cooked, chawal, wild-rice-cooked",100,g,100,166,6.5,35,0.6,3,1.2,0.1,8,0,Meals / Prepared Food,curated,Rice
969,Herbs & Spices,Herbs & Spices,Allspice Ground,,"allspice ground, allspice grounds, allspice-ground",100,g,100,5,0.1,1.4,0.2,0.4,0,0,1,0,Raw,curated,Allspice
970,Herbs & Spices,Herbs & Spices,Basil Dried,,"basil dried, basil-dried",100,g,100,2,0.2,0.3,0,0.3,0.1,0,89,0,Raw,curated,Basil
971,Herbs & Spices,Herbs & Spices,Basil Fresh,,"basil fresh, basil freshes, basil-fresh",100,g,100,2,0.2,0.2,0.1,0.1,0.1,0.1,58,0,Raw,curated,Basil
972,Herbs & Spices,Herbs & Spices,Bay Leaf,,"bay leaf, bay leafs, bay-leaf, tej patta",100,g,100,2,0.1,0.4,0,0.2,0,0.1,84,0,Raw,curated,Bay Leaf
973,Herbs & Spices,Herbs & Spices,Black Pepper,,"black pepper, black peppers, black-pepper, kali mirch",100,g,100,6,0.2,1.5,0,0.6,0.1,0,36,0,Raw,curated,Black Pepper
974,Herbs & Spices,Herbs & Spices,Cardamom,,"cardamom, cardamoms, elaichi",100,g,100,6,0.2,1.4,0.1,0.6,0,0.1,13,0,Raw,curated,Cardamom
975,Herbs & Spices,Herbs & Spices,Cayenne Pepper,,"cayenne pepper, cayenne peppers, cayenne-pepper",100,g,100,1,0,0.2,0.1,0.1,0.1,0,59,0,Raw,curated,Cayenne Pepper
976,Herbs & Spices,Herbs & Spices,Chervil Dried,,"chervil dried, chervil-dried",100,g,100,5,0.4,0.9,0,0.2,0,0.1,76,0,Raw,curated,Chervil
977,Herbs & Spices,Herbs & Spices,Chili Powder,,"chili powder, chili powders, chili-powder, lal mirch",100,g,100,8,0.4,1.3,0.4,0.9,0.2,0.1,14,0,Raw,curated,Chili Powder
978,Herbs & Spices,Herbs & Spices,Cinnamon Ground,,"cinnamon ground, cinnamon grounds, cinnamon-ground, dalchini",100,g,100,6,0.1,2.1,0,1.4,0.1,0.1,22,0,Raw,curated,Cinnamon
979,Herbs & Spices,Herbs & Spices,Cloves Ground,,"cloves ground, cloves grounds, cloves-ground, laung",100,g,100,6,0.1,1.4,0.3,0.7,0,0,0,0,Raw,curated,Cloves
980,Herbs & Spices,Herbs & Spices,Coriander Leaves Dried,,"coriander leaves dried, coriander-leaves-dried, dhaniya",100,g,100,2,0.1,0.3,0.1,0.1,0,0.1,18,0,Raw,curated,Coriander Leaves
981,Herbs & Spices,Herbs & Spices,Coriander Leaves Raw,,"coriander leaves raw, coriander-leaves-raw, dhaniya",100,g,100,4,0.3,0.6,0.1,0.4,0.1,0,5,0,Raw,curated,Coriander Leaves
982,Herbs & Spices,Herbs & Spices,Coriander Seeds,,"coriander seeds, coriander seed, coriander seedses, coriander-seeds, dhaniya",100,g,100,5,0.2,1,0.3,0.8,0,0,95,0,Raw,curated,Coriander Seeds
983,Herbs & Spices,Herbs & Spices,Cumin Seeds,,"cumin seeds, cumin seed, cumin seedses, cumin-seeds, jeera",100,g,100,8,0.4,0.9,0.5,0.2,0.1,0.1,73,0,Raw,curated,Cumin Seeds
984,Herbs & Spices,Herbs & Spices,Curry Powder,,"curry powder, curry powders, curry-powder",100,g,100,20,0.8,3.7,0.9,2.1,0.2,0.1,4,0,Raw,curated,Curry Powder
985,Herbs & Spices,Herbs & Spices,Dill Seeds,,"dill seeds, dill seed, dill seedses, dill-seeds",100,g,100,20,1.1,3.6,1,1.4,0,0,37,0,Raw,curated,Dill Seeds
986,Herbs & Spices,Herbs & Spices,Dill Weed Dried,,"dill weed dried, dill-weed-dried",100,g,100,253,20,55.8,4.4,13.6,0,0.2,200,0,Raw,curated,Dill Weed
987,Herbs & Spices,Herbs & Spices,Dill Weed Fresh,,"dill weed fresh, dill weed freshes, dill-weed-fresh",100,g,100,4,0.3,0.6,0.1,0.2,0,0.1,17,0,Raw,curated,Dill Weed
988,Herbs & Spices,Herbs & Spices,Epazote,,"epazote, epazotes",100,g,100,0,0.1,0.1,0.1,0.1,0,0,21,0,Raw,curated,Epazote
989,Herbs & Spices,Herbs & Spices,Garlic Powder,,"garlic powder, garlic powders, garlic-powder, lasan, lehsun",100,g,100,10,0.5,2.3,0,0.3,0.1,0,82,0,Raw,curated,Garlic Powder
990,Herbs & Spices,Herbs & Spices,Ginger Ground,,"ginger ground, adrak, ginger grounds, ginger-ground",100,g,100,6,0.2,1.3,0,0.3,0.1,0.1,38,0,Raw,curated,Ginger
991,Herbs & Spices,Herbs & Spices,Ginger Root,,"ginger root, adrak, ginger roots, ginger-root",100,g,100,2,0.1,0.4,0,0.1,0,0,0,0,Raw,curated,Ginger Root
992,Herbs & Spices,Herbs & Spices,Lemongrass Citronella,,"lemongrass citronella, lemongrass citronellas, lemongrass-citronella",100,g,100,5,0,1.2,0.1,0,0,0.1,24,0,Raw,curated,Lemongrass Citronella
993,Herbs & Spices,Herbs & Spices,Mace Ground,,"mace ground, javitri, mace grounds, mace-ground",100,g,100,25,0.4,2.7,1.7,1.1,0,0.5,97,0,Raw,curated,Mace
994,Herbs & Spices,Herbs & Spices,Marjoram Dried,,"marjoram dried, marjoram-dried",100,g,100,5,0.2,1,0.1,0.7,0.1,0.1,4,0,Raw,curated,Marjoram
995,Herbs & Spices,Herbs & Spices,Nutmeg Ground,,"nutmeg ground, jaiphal, nutmeg grounds, nutmeg-ground",100,g,100,12,0.1,1.1,0.8,0.5,0.6,0.6,95,0,Raw,curated,Nutmeg
996,Herbs & Spices,Herbs & Spices,Onion Powder,,"onion powder, onion powders, onion-powder, pyaaz, pyaz",100,g,100,8,0.2,1.9,0,0.4,0.2,0.1,48,0,Raw,curated,Onion
997,Herbs & Spices,Herbs & Spices,Oregano Dried,,"oregano dried, oregano-dried",100,g,100,265,9,68.9,4.3,42.5,4.1,1.6,9,0,Raw,curated,Oregano
998,Herbs & Spices,Herbs & Spices,Paprika,,"paprika, paprikas",100,g,100,19,1,3.7,0.9,2.4,0.7,0.1,61,0,Raw,curated,Paprika
999,Herbs & Spices,Herbs & Spices,Parsley Dried,,"parsley dried, parsley-dried",100,g,100,1,0.1,0.3,0.1,0.1,0.1,0.1,58,0,Raw,curated,Parsley
1000,Herbs & Spices,Herbs & Spices,Parsley Fresh,,"parsley fresh, parsley freshes, parsley-fresh",100,g,100,1,0.1,0.2,0.1,0.1,0,0,56,0,Raw,curated,Parsley
1001,Herbs & Spices,Herbs & Spices,Poultry Seasoning,,"poultry seasoning, poultry seasonings, poultry-seasoning",100,g,100,14,0.4,2.9,0.3,0.5,0.1,0.1,63,0,Raw,curated,Poultry Seasoning
1002,Herbs & Spices,Herbs & Spices,Rosemary Dried,,"rosemary dried, rosemary-dried",100,g,100,4,0.1,0.8,0.2,0.5,0,0.1,48,0,Raw,curated,Rosemary
1003,Herbs & Spices,Herbs & Spices,Rosemary Fresh,,"rosemary fresh, rosemary freshes, rosemary-fresh",100,g,100,1,0,0.1,0.1,0,0,0,39,0,Raw,curated,Rosemary
1004,Herbs & Spices,Herbs & Spices,Saffron,,"saffron, kesar, saffrons",100,g,100,2,0.1,0.5,0.1,0,0,0,63,0,Raw,curated,Saffron
1005,Herbs & Spices,Herbs & Spices,Sage Ground,,"sage ground, sage grounds, sage-ground",100,g,100,2,0.1,0.4,0,0.3,0.1,0.1,83,0,Raw,curated,Sage
1006,Herbs & Spices,Herbs & Spices,Salt,,"salt, salts",100,g,100,0,0,0,0,0,0,0,7000,0,Raw,curated,Salt
1007,Herbs & Spices,Herbs & Spices,Savory Ground,,"savory ground, savory grounds, savory-ground",100,g,100,4,0.1,1,0,0.6,0,0.1,55,0,Raw,curated,Savory
1008,Herbs & Spices,Herbs & Spices,Spearmint Dried,,"spearmint dried, spearmint-dried",100,g,100,1,0.1,0.3,0,0.1,0,0.1,12,0,Raw,curated,Spearmint
1009,Herbs & Spices,Herbs & Spices,Spearmint Fresh,,"spearmint fresh, spearmint freshes, spearmint-fresh",100,g,100,3,0.2,0.5,0.1,0.4,0,0,92,0,Raw,curated,Spearmint
1010,Herbs & Spices,Herbs & Spices,Sweet Cinnamon Rolls,,"sweet cinnamon rolls, dalchini, sweet cinnamon roll, sweet cinnamon rollses, sweet-cinnamon-rolls",100,g,100,309,5.1,42.2,13.6,2,26.3,2.6,300,55,Raw,curated,Sweet Cinnamon Rolls
1011,Herbs & Spices,Herbs & Spices,Tarragon Dried,,"tarragon dried, tarragon-dried",100,g,100,2,0.1,0.3,0,0,0,0,12,0,Raw,curated,Tarragon
1012,Herbs & Spices,Herbs & Spices,Thyme Dried,,"thyme dried, thyme-dried",100,g,100,276,9.1,63.9,7.4,37,1.7,2.7,16,0,Raw,curated,Thyme
1013,Herbs & Spices,Herbs & Spices,Thyme Fresh,,"thyme fresh, thyme freshes, thyme-fresh",100,g,100,1,0.1,0.2,0.1,0.1,0,0.1,17,0,Raw,curated,Thyme
1014,Herbs & Spices,Herbs & Spices,Turmeric Ground,,"turmeric ground, haldi, turmeric grounds, turmeric-ground",100,g,100,8,0.2,1.4,0.2,0.5,0.1,0.1,64,0,Raw,curated,Turmeric
1015,Herbs & Spices,Herbs & Spices,Vanilla Extract,,"vanilla extract, vanilla extracts, vanilla-extract",100,g,100,12,0,0.5,0.1,0,0.5,0,61,0,Raw,curated,Vanilla Extract
1016,Herbs & Spices,Herbs & Spices,White Pepper,,"white pepper, white peppers, white-pepper",100,g,100,7,0.2,1.6,0,0.6,0,0,75,0,Raw,curated,White Pepper
1017,Herbs & Spices,Herbs & Spices,Witloof Chicory,,"witloof chicory, witloof chicories, witloof-chicory",100,g,100,9,0.5,2.1,0,1.6,0,0.1,22,0,Raw,curated,Witloof Chicory
1018,Indian Meals,Bakery & Baked Snacks,Almond Biscuit,,"almond biscuit, almond biscuits, almond-biscuit, badam, badam ke biscuit",1,biscuit,18.6,407.7,6.2,52.1,19.7,1.5,22.2,11.1,152,74,Meals / Prepared Food,curated,"Almonds, Refined Flour (Maida), Cooking Oil, Salt"
1019,Indian Meals,Bakery & Baked Snacks,Almond Cardamom Cake,,"almond cardamom cake, almond cardamom cakes, almond-cardamom-cake, badam, badam elaichi cake, elaichi",1,slice,68.1,356.3,7.2,34.5,21.4,2.3,18.1,8.8,155,74,Meals / Prepared Food,curated,"Cardamom, Almonds, Refined Flour (Maida), Cooking Oil, Salt"
1020,Indian Meals,Bakery & Baked Snacks,Apple Banana Pie,,"apple banana pie, apple banana pies, apple-banana-pie, kela, seb",1,pie,388.7,244,3.1,32.1,11.4,1.9,13,6.2,384,25,Meals / Prepared Food,curated,"Banana, Apple, Refined Flour (Maida), Cooking Oil, Salt"
1021,Indian Meals,Bakery & Baked Snacks,Apple Cake,,"apple cake, apple cakes, apple-cake, seb, seb ka cake",1,piece,68,290.1,4.9,39.5,12.9,1.2,23.5,7.5,137,95,Meals / Prepared Food,curated,"Apple, Refined Flour (Maida), Cooking Oil, Salt"
1022,Indian Meals,Bakery & Baked Snacks,Apple Cinnamon Pie,,"apple cinnamon pie, apple cinnamon pies, apple-cinnamon-pie, dalchini, seb",1,slice,177.1,258.7,3.4,33.7,12.2,1.8,12,7.5,60,37,Meals / Prepared Food,curated,"Cinnamon, Apple, Refined Flour (Maida), Cooking Oil, Salt"
1023,Indian Meals,Bakery & Baked Snacks,Assorted Pastry,,"assorted pastry, assorted pastries, assorted-pastry",1,pastry,80.3,230.7,6.8,32,8.9,0.4,19.7,4.7,50,131,Meals / Prepared Food,curated,"Refined Flour (Maida), Cooking Oil, Salt"
1024,Indian Meals,Bakery & Baked Snacks,Bacon and Mushroom Pancake,,"bacon and mushroom pancake, bacon and mushroom pancakes, bacon-and-mushroom-pancake, khumb",1,pancake,121.5,157.7,6.8,8.5,10.6,1.6,1.2,5.5,344,39,Meals / Prepared Food,curated,"Pork, Mushroom, Mushrooms, Bacon, Refined Flour (Maida), Cooking Oil, Salt"
1025,Indian Meals,Bakery & Baked Snacks,Banana Cake,,"banana cake, banana cakes, banana-cake, kela, kele ka cake",1,slice,66.3,389.5,5.8,40,23.3,1.1,23,3.3,118,69,Meals / Prepared Food,curated,"Banana, Refined Flour (Maida), Cooking Oil, Salt"
1026,Indian Meals,Bakery & Baked Snacks,Black Forest Pastry,,"black forest pastry, black forest pastries, black-forest-pastry",1,pastry,93.2,233.5,6.1,34.5,8.5,0.5,21.4,4.5,53,113,Meals / Prepared Food,curated,"Refined Flour (Maida), Cooking Oil, Salt"
1027,Indian Meals,Bakery & Baked Snacks,Bread Pakora/pakoda,,"bread pakora/pakoda, bread pakora/pakodas, bread-pakora/pakoda",1,plate,654.5,711,2.6,8.9,74.2,1.1,0.5,8.9,101,0,Meals / Prepared Food,curated,"Bread, Chickpeas (Chana), Onion, Refined Flour (Maida), Cooking Oil, Salt"
1028,Indian Meals,Bakery & Baked Snacks,Bread Roll,,"bread roll, bread rolls, bread-roll",1,bread roll,121,435.5,2.9,16.1,40.2,1.4,0.9,4.8,139,0,Meals / Prepared Food,curated,"Bread, Refined Flour (Maida), Cooking Oil, Salt"
1029,Indian Meals,Bakery & Baked Snacks,Bread Sauce,,"bread sauce, bread sauces, bread-sauce",1,serving,100,111,3.5,8.7,7.1,0.6,4.6,4.2,89,8,Meals / Prepared Food,curated,"Bread, Refined Flour (Maida), Cooking Oil, Salt"
1030,Indian Meals,Bakery & Baked Snacks,Bread Upma,,"bread upma, bread upmas, bread-upma",1,bowl,106.3,129.5,2.8,12.6,7.7,2,1.6,0.9,176,0,Meals / Prepared Food,curated,"Semolina (Rava/Sooji), Bread, Refined Flour (Maida), Cooking Oil, Salt"
1031,Indian Meals,Bakery & Baked Snacks,Bread and Butter Pudding,,"bread and butter pudding, bread and butter puddings, bread-and-butter-pudding, makhan",1,plate,123.2,167.9,5.6,19.6,7.9,1,11.8,3.4,96,55,Meals / Prepared Food,curated,"Bread, Butter, Refined Flour (Maida), Cooking Oil, Salt"
1032,Indian Meals,Bakery & Baked Snacks,Buckwheat Pancake,,"buckwheat pancake, buckwheat pancakes, buckwheat-pancake, khura",1,pancake,104.4,263.3,2.9,27.3,16.4,0.6,0.6,10.1,70,41,Meals / Prepared Food,curated,"Buckwheat, Refined Flour (Maida), Cooking Oil, Salt"
1033,Indian Meals,Bakery & Baked Snacks,Butterfly Biscuit,,"butterfly biscuit, butterfly biscuits, butterfly-biscuit",1,biscuit,12.1,341.4,10,25.3,22.1,1,2.4,12.9,572,169,Meals / Prepared Food,curated,"Refined Flour (Maida), Cooking Oil, Salt"
1034,Indian Meals,Bakery & Baked Snacks,Buttermilk Biscuit,,"buttermilk biscuit, buttermilk biscuits, buttermilk-biscuit, chaas, lassi",1,biscuit,128.5,322.5,5.8,34.9,17.5,1.2,3.4,10.9,324,45,Meals / Prepared Food,curated,"Refined Flour (Maida), Cooking Oil, Salt"
1035,Indian Meals,Bakery & Baked Snacks,Cabbage Rolls),,"cabbage rolls), (pattagobhi rolls, band gobi, cabbage rolls)s, cabbage-rolls), curry, dry, patta gobi",1,roll,114.4,133.6,7,6.6,8.8,2.1,2.5,3.2,121,26,Meals / Prepared Food,curated,"Cauliflower, Cabbage, Refined Flour (Maida), Cooking Oil, Salt"
1036,Indian Meals,Bakery & Baked Snacks,Cardamom Cookies,,"cardamom cookies, cardamom cookieses, cardamom cooky, cardamom-cookies, elaichi, elaichi cookies",1,cookie,218.6,400.5,5.1,54,19.1,2.8,39,11.4,98,111,Meals / Prepared Food,curated,"Cardamom, Refined Flour (Maida), Cooking Oil, Salt"
1037,Indian Meals,Bakery & Baked Snacks,Carrot Cake,,"carrot cake, carrot cakes, carrot-cake, gajar, gajar ka cake",1,slice,100,255.6,5.6,36,10.3,2.9,24,3.2,159,12,Meals / Prepared Food,curated,"Carrot, Carrots, Refined Flour (Maida), Cooking Oil, Salt"
1038,Indian Meals,Bakery & Baked Snacks,Cheese and Tomato Pancake,,"cheese and tomato pancake, cheese and tomato pancakes, cheese-and-tomato-pancake, tamatar",1,pancake,110.3,147.4,5.1,10.7,9.3,1.1,3.5,5.6,282,38,Meals / Prepared Food,curated,"Tomato, Cheese, Refined Flour (Maida), Cooking Oil, Salt"
1039,Indian Meals,Bakery & Baked Snacks,Cherry and Walnut Cookies,,"cherry and walnut cookies, akhrot, cherry and walnut cookieses, cherry and walnut cooky, cherry-and-walnut-cookies",1,cookies,17.6,422.6,5.6,59.4,18.8,1.3,30.4,8.2,115,60,Meals / Prepared Food,curated,"Cherries, Walnut, Refined Flour (Maida), Cooking Oil, Salt"
1040,Indian Meals,Bakery & Baked Snacks,Chickpea Flour Cookies,,"chickpea flour cookies, chana, chickpea flour cookieses, chickpea flour cooky, chickpea-flour-cookies, chole, sweet besan rounds/cookies",1,piece,25,207,4.3,39.6,3.4,2.6,30.7,1.6,22,6,Meals / Prepared Food,curated,"Chickpeas (Chana), Chickpea Flour, Chickpeas, Refined Flour (Maida), Cooking Oil, Salt"
1041,Indian Meals,Bakery & Baked Snacks,Chocolate Biscuit,,"chocolate biscuit, chocolate biscuits, chocolate-biscuit",1,biscuit,15.1,379.8,5.9,51.6,17.1,1,24.2,10.4,127,73,Meals / Prepared Food,curated,"Refined Flour (Maida), Cooking Oil, Salt"
1042,Indian Meals,Bakery & Baked Snacks,Chocolate Chiffon Cake,,"chocolate chiffon cake, chocolate chiffon cakes, chocolate-chiffon-cake",1,slice,72.8,311.7,5.8,37.9,15.8,0.7,24.3,3.3,189,93,Meals / Prepared Food,curated,"Refined Flour (Maida), Cooking Oil, Salt"
1043,Indian Meals,Bakery & Baked Snacks,Chocolate Chip Cookies,,"chocolate chip cookies, chocolate chip cookieses, chocolate chip cooky, chocolate-chip-cookies",1,cookie,21.9,425.3,5.8,58,19.4,1.1,30.3,11.8,278,76,Meals / Prepared Food,curated,"Refined Flour (Maida), Cooking Oil, Salt"
1044,Indian Meals,Bakery & Baked Snacks,Chocolate Eggless Cake,,"chocolate eggless cake, chocolate eggless cakes, chocolate-eggless-cake",1,piece,114.5,312,6.7,43.4,13.2,0.3,34.2,8.2,197,35,Meals / Prepared Food,curated,"Refined Flour (Maida), Cooking Oil, Salt"
1045,Indian Meals,Bakery & Baked Snacks,Chocolate Meringue Pie,,"chocolate meringue pie, chocolate meringue pies, chocolate-meringue-pie",1,slice,184.2,214.8,5,28.8,9.2,0.4,15,5.3,81,64,Meals / Prepared Food,curated,"Refined Flour (Maida), Cooking Oil, Salt"
1046,Indian Meals,Bakery & Baked Snacks,Chocolate Pastry,,"chocolate pastry, chocolate pastries, chocolate-pastry",1,pastry,87.1,243.4,7.1,32.2,10.1,0.3,22.3,5.5,47,121,Meals / Prepared Food,curated,"Refined Flour (Maida), Cooking Oil, Salt"
1047,Indian Meals,Bakery & Baked Snacks,Chocolate Sponge Cake,,"chocolate sponge cake, chocolate sponge cakes, chocolate-sponge-cake",1,piece,70.3,239.9,9.1,39.5,5.5,0.5,25,2,61,173,Meals / Prepared Food,curated,"Refined Flour (Maida), Cooking Oil, Salt"
1048,Indian Meals,Bakery & Baked Snacks,Chocolate Swiss Roll,,"chocolate swiss roll, chocolate swiss rolls, chocolate-swiss-roll",1,swiss roll,47.4,306.1,6,27,19.8,0.3,18.8,11.6,45,138,Meals / Prepared Food,curated,"Refined Flour (Maida), Cooking Oil, Salt"
1049,Indian Meals,Bakery & Baked Snacks,Chocolate Walnut Cookies,,"chocolate walnut cookies, akhrot, chocolate aur akhrot ke cookies, chocolate walnut cookieses, chocolate walnut cooky, chocolate-walnut-cookies",1,cookie,25.9,424.8,6.6,47.1,23.6,1.5,22.6,10.6,280,69,Meals / Prepared Food,curated,"Walnut, Refined Flour (Maida), Cooking Oil, Salt"
1050,Indian Meals,Bakery & Baked Snacks,Choux Pastry,,"choux pastry, choux pastries, choux-pastry",1,serving,100,222.4,5.6,16.2,15,0.6,1.5,8.7,132,125,Meals / Prepared Food,curated,"Refined Flour (Maida), Cooking Oil, Salt"
1051,Indian Meals,Bakery & Baked Snacks,Christmas Bell Biscuit,,"christmas bell biscuit, christmas bell biscuits, christmas-bell-biscuit",1,biscuit,20.8,404.8,5.7,60.8,15.8,2.3,25.9,9.7,127,64,Meals / Prepared Food,curated,"Refined Flour (Maida), Cooking Oil, Salt"
1052,Indian Meals,Bakery & Baked Snacks,Christmas Biscuit,,"christmas biscuit, christmas biscuits, christmas-biscuit",1,biscuit,20.7,406.1,5.7,61,15.9,2.2,26,9.7,127,65,Meals / Prepared Food,curated,"Refined Flour (Maida), Cooking Oil, Salt"
1053,Indian Meals,Bakery & Baked Snacks,Christmas Cake,,"christmas cake, christmas cakes, christmas-cake",1,slice,104.2,372.9,5.5,48.3,16.9,1.5,27.4,8.8,65,98,Meals / Prepared Food,curated,"Refined Flour (Maida), Cooking Oil, Salt"
1054,Indian Meals,Bakery & Baked Snacks,Christmas Star Biscuit,,"christmas star biscuit, christmas star biscuits, christmas-star-biscuit",1,biscuit,37.1,392,3.5,74.5,10,1.5,53.1,5.5,76,36,Meals / Prepared Food,curated,"Refined Flour (Maida), Cooking Oil, Salt"
1055,Indian Meals,Bakery & Baked Snacks,Christmas Tree Biscuit,,"christmas tree biscuit, christmas tree biscuits, christmas-tree-biscuit",1,biscuit,22,385.6,5.4,58.4,15,2.7,24.8,9.1,120,61,Meals / Prepared Food,curated,"Refined Flour (Maida), Cooking Oil, Salt"
1056,Indian Meals,Bakery & Baked Snacks,Christmas Wreath Biscuit,,"christmas wreath biscuit, christmas wreath biscuits, christmas-wreath-biscuit",1,biscuit,22,386,5.4,58.1,15,2.3,24.9,9.1,120,61,Meals / Prepared Food,curated,"Refined Flour (Maida), Cooking Oil, Salt"
1057,Indian Meals,Bakery & Baked Snacks,Coconut Biscuit,,"coconut biscuit, coconut biscuits, coconut-biscuit, nariyal, nariyal ke biscuit",1,biscuit,18.7,435,5.8,42.9,27.2,3.6,20.8,17.4,106,65,Meals / Prepared Food,curated,"Coconut, Refined Flour (Maida), Cooking Oil, Salt"
1058,Indian Meals,Bakery & Baked Snacks,Cottage Cheese Pie,,"cottage cheese pie, cottage cheese pies, cottage-cheese-pie, paneer",1,pie,340.3,239,7.4,20.7,13.8,2.2,3.6,7.2,103,21,Meals / Prepared Food,curated,"Paneer (Cottage Cheese), Cheese, Refined Flour (Maida), Cooking Oil, Salt"
1059,Indian Meals,Bakery & Baked Snacks,Cranberry Cookies,,"cranberry cookies, cranberry cookieses, cranberry cooky, cranberry-cookies",1,cookie,185.8,272.5,3.9,36.4,12.7,1.1,20,7.6,58,58,Meals / Prepared Food,curated,"Cranberries, Refined Flour (Maida), Cooking Oil, Salt"
1060,Indian Meals,Bakery & Baked Snacks,Cream Buns,,"cream buns, cream bun, cream bunses, cream-buns, malai",1,bun,83.3,215.7,4.5,14.2,15.8,0.3,6,9.6,45,94,Meals / Prepared Food,curated,"Refined Flour (Maida), Cream, Cooking Oil, Salt"
1061,Indian Meals,Bakery & Baked Snacks,Danish Cookies,,"danish cookies, danish cookieses, danish cooky, danish-cookies",1,biscuit,12.6,475.3,5.3,58,24.9,1.4,21.7,15.6,201,64,Meals / Prepared Food,curated,"Refined Flour (Maida), Cooking Oil, Salt"
1062,Indian Meals,Bakery & Baked Snacks,Date and Nut Pie,,"date and nut pie, date and nut pies, date-and-nut-pie, khajoor",1,bowl,226,322.4,3.9,46.9,13.3,4.1,31.2,5.1,4,19,Meals / Prepared Food,curated,"Refined Flour (Maida), Cooking Oil, Salt"
1063,Indian Meals,Bakery & Baked Snacks,Dundee Cake,,"dundee cake, dundee cakes, dundee-cake",1,piece,60.3,396.6,7.8,41.4,22.7,1.8,21.3,10.3,183,111,Meals / Prepared Food,curated,"Refined Flour (Maida), Cooking Oil, Salt"
1064,Indian Meals,Bakery & Baked Snacks,Eggless Cake,,"eggless cake, eggless cakes, eggless-cake",1,slice,61,318.1,8.1,46.1,11.8,0.7,27.7,7.3,311,28,Meals / Prepared Food,curated,"Refined Flour (Maida), Cooking Oil, Salt"
1065,Indian Meals,Bakery & Baked Snacks,Finger Millet Biscuit,,"finger millet biscuit, bajra, finger millet biscuits, finger-millet-biscuit, ragi biscuit",1,biscuit,75.3,458.6,4,52.7,25.8,6,16.9,15.9,98,64,Meals / Prepared Food,curated,"Millet, Refined Flour (Maida), Cooking Oil, Salt"
1066,Indian Meals,Bakery & Baked Snacks,Finger Millet Cake,,"finger millet cake, bajra, finger millet cakes, finger-millet-cake, ragi cake",1,slice,98.6,279.5,4,38.9,12.3,2.4,24.8,7.5,98,25,Meals / Prepared Food,curated,"Millet, Refined Flour (Maida), Cooking Oil, Salt"
1067,Indian Meals,Bakery & Baked Snacks,Fish Pie,,"fish pie, fish pies, fish-pie, machli",1,pie,305.6,120.9,9.3,7.7,5.8,0.8,1.1,3.3,102,24,Meals / Prepared Food,curated,"Fish, Refined Flour (Maida), Cooking Oil, Salt"
1068,Indian Meals,Bakery & Baked Snacks,Flaky Pastry,,"flaky pastry, flaky pastries, flaky-pastry",1,serving,100,443.9,4.7,33.6,32,1.2,0.8,3.8,179,0,Meals / Prepared Food,curated,"Refined Flour (Maida), Cooking Oil, Salt"
1069,Indian Meals,Bakery & Baked Snacks,Flan Pastry,,"flan pastry, flan pastries, flan-pastry",1,pastry,52.2,445.8,6.7,47.8,25,1.6,6.2,15.3,193,102,Meals / Prepared Food,curated,"Refined Flour (Maida), Cooking Oil, Salt"
1070,Indian Meals,Bakery & Baked Snacks,Ginger Biscuit,,"ginger biscuit, adarak ke biscuit, adrak, ginger biscuits, ginger-biscuit",1,biscuit,13.5,417.9,6,58.4,18.3,1.5,27.1,11.1,80,82,Meals / Prepared Food,curated,"Ginger, Refined Flour (Maida), Cooking Oil, Salt"
1071,Indian Meals,Bakery & Baked Snacks,Ginger Bread Man,,"ginger bread man, adrak, ginger bread mans, ginger-bread-man",1,biscuit,29.7,365,6.6,60.3,11,1.6,29.1,6.4,478,75,Meals / Prepared Food,curated,"Bread, Ginger, Refined Flour (Maida), Cooking Oil, Salt"
1072,Indian Meals,Bakery & Baked Snacks,Gingerman Biscuit,,"gingerman biscuit, adrak, gingerman biscuits, gingerman-biscuit",1,gingerman,35.5,357.4,6.3,55.2,12.7,2,21.6,7,919,70,Meals / Prepared Food,curated,"Refined Flour (Maida), Cooking Oil, Salt"
1073,Indian Meals,Bakery & Baked Snacks,Gram Flour and Semolina Chilla/cheela/savory Pancake,,"gram flour and semolina chilla/cheela/savory pancake, besan, besan suji chilla/cheela, gram flour and semolina chilla/cheela/savory pancakes, gram-flour-and-semolina-chilla/cheela/savory-pancake, rava, suji",1,cheela,150.5,758.9,2.1,7.6,80,1.4,0.3,9.6,75,0,Meals / Prepared Food,curated,"Chickpeas (Chana), Semolina (Rava/Sooji), Savory, Refined Flour (Maida), Cooking Oil, Salt"
1074,Indian Meals,Bakery & Baked Snacks,Greenpea Cookies,,"greenpea cookies, greenpea cookieses, greenpea cooky, greenpea-cookies",1,cookie,75.8,159.4,6.5,23.1,4.2,5.3,14.4,0.4,230,0,Meals / Prepared Food,curated,"Refined Flour (Maida), Cooking Oil, Salt"
1075,Indian Meals,Bakery & Baked Snacks,Hazelnut Cookies,,"hazelnut cookies, hazelnut cookieses, hazelnut cooky, hazelnut-cookies",1,cookie,85.7,493.3,6.2,39.4,35,2.5,22,12.7,81,47,Meals / Prepared Food,curated,"Hazelnuts, Refined Flour (Maida), Cooking Oil, Salt"
1076,Indian Meals,Bakery & Baked Snacks,Honey Cake,,"honey cake, honey cakes, honey-cake, shahad",1,slice,163.7,333.6,3.1,49,14.7,0.5,33.4,2.2,73,2,Meals / Prepared Food,curated,"Sugar/Jaggery, Honey, Refined Flour (Maida), Cooking Oil, Salt"
1077,Indian Meals,Bakery & Baked Snacks,Ice Box Cookies,,"ice box cookies, ice box cookieses, ice box cooky, ice-box-cookies",1,cookie,13.9,374.2,5.7,56.1,14.4,1.3,26.7,8.7,449,71,Meals / Prepared Food,curated,"Refined Flour (Maida), Cooking Oil, Salt"
1078,Indian Meals,Bakery & Baked Snacks,Jam and Fruit Pancake,,"jam and fruit pancake, jam and fruit pancakes, jam-and-fruit-pancake",1,pancake,65.8,162,3.8,20.7,7,1.2,7.8,1.8,93,23,Meals / Prepared Food,curated,"Refined Flour (Maida), Cooking Oil, Salt"
1079,Indian Meals,Bakery & Baked Snacks,Jelly Biscuit,,"jelly biscuit, jelly biscuits, jelly-biscuit",1,biscuit,17.9,404.6,4.2,55.2,19.3,2,29.8,11.4,111,45,Meals / Prepared Food,curated,"Refined Flour (Maida), Cooking Oil, Salt"
1080,Indian Meals,Bakery & Baked Snacks,Keema Pancake,,"keema pancake, keema pancakes, keema-pancake",1,pancake,110.4,176.3,9,9.6,11.2,0.8,2.2,4.8,125,46,Meals / Prepared Food,curated,"Refined Flour (Maida), Cooking Oil, Salt"
1081,Indian Meals,Bakery & Baked Snacks,Khoa and Coconut Pancake,,"khoa and coconut pancake, khoa and coconut pancakes, khoa-and-coconut-pancake, nariyal",1,pancake,71.2,272,7,27.3,15.3,1.7,16.5,7,101,21,Meals / Prepared Food,curated,"Coconut, Refined Flour (Maida), Cooking Oil, Salt"
1082,Indian Meals,Bakery & Baked Snacks,Lemon Cake,,"lemon cake, lemon cakes, lemon-cake, nimbu",1,piece,61,373.9,5.3,43.1,20.6,0.6,25.8,12.4,151,123,Meals / Prepared Food,curated,"Lemons, Refined Flour (Maida), Cooking Oil, Salt"
1083,Indian Meals,Bakery & Baked Snacks,Lemon Chiffon Pie,,"lemon chiffon pie, lemon chiffon pies, lemon-chiffon-pie, nimbu",1,pie,536,259.3,4.9,27.6,14.5,0.7,11.4,8.9,95,70,Meals / Prepared Food,curated,"Lemons, Refined Flour (Maida), Cooking Oil, Salt"
1084,Indian Meals,Bakery & Baked Snacks,Lemon Cookies,,"lemon cookies, lemon cookieses, lemon cooky, lemon-cookies, nimbu",1,cookie,156.5,394.5,5.6,42.2,23,0.8,23.5,14.3,85,82,Meals / Prepared Food,curated,"Lemons, Refined Flour (Maida), Cooking Oil, Salt"
1085,Indian Meals,Bakery & Baked Snacks,Macroni Cheese Pie,,"macroni cheese pie, macroni cheese pies, macroni-cheese-pie",1,casserole dish,239.5,170.6,5.9,21.1,7.5,0.4,3.4,4.4,201,16,Meals / Prepared Food,curated,"Cheese, Refined Flour (Maida), Cooking Oil, Salt"
1086,Indian Meals,Bakery & Baked Snacks,Mango Cheesecake,,"mango cheesecake, aam, mango cheesecakes, mango-cheesecake",1,slice,174.2,152.5,2.4,20.1,7.3,1.1,15.4,3.7,107,17,Meals / Prepared Food,curated,"Mango, Refined Flour (Maida), Cooking Oil, Salt"
1087,Indian Meals,Bakery & Baked Snacks,Marble Cake,,"marble cake, marble cakes, marble-cake",1,piece,53.6,354.1,6.3,46.9,16.3,0.7,27.6,9.5,138,120,Meals / Prepared Food,curated,"Refined Flour (Maida), Cooking Oil, Salt"
1088,Indian Meals,Bakery & Baked Snacks,Masala Biscuit,,"masala biscuit, masala biscuits, masala-biscuit",1,biscuit,16.2,393.6,6.1,45.2,20.8,2.1,6.8,12.2,715,51,Meals / Prepared Food,curated,"Refined Flour (Maida), Cooking Oil, Salt"
1089,Indian Meals,Bakery & Baked Snacks,Milk Cake,,"milk cake, doodh, milk cakes, milk-cake",1,slice,287.3,127.4,3,9.1,8.9,0.1,8.9,5.2,25,12,Meals / Prepared Food,curated,"Milk, Refined Flour (Maida), Cooking Oil, Salt"
1090,Indian Meals,Bakery & Baked Snacks,Milk Cookies,,"milk cookies, doodh, milk cookieses, milk cooky, milk-cookies",1,cookie,124.8,459.4,10.5,48.4,25,1,22.1,15.7,157,68,Meals / Prepared Food,curated,"Milk, Refined Flour (Maida), Cooking Oil, Salt"
1091,Indian Meals,Bakery & Baked Snacks,Minced Meat Pancake,,"minced meat pancake, minced meat pancakes, minced-meat-pancake, with chicken",1,pancake,134.4,116,12,8.2,10.5,0.7,1.3,2.3,4942,33,Meals / Prepared Food,curated,"Chicken, Refined Flour (Maida), Cooking Oil, Salt"
1092,Indian Meals,Bakery & Baked Snacks,Minced Meat Pie,,"minced meat pie, minced meat pies, minced-meat-pie",1,pie,353.8,221.6,7.4,18.1,13,2.3,1.4,6.4,128,35,Meals / Prepared Food,curated,"Refined Flour (Maida), Cooking Oil, Salt"
1093,Indian Meals,Bakery & Baked Snacks,Olive Biscuit,,"olive biscuit, olive biscuits, olive-biscuit",1,biscuit,47.3,438.3,3.2,55,23.7,0.8,32.3,12.8,120,49,Meals / Prepared Food,curated,"Refined Flour (Maida), Cooking Oil, Salt"
1094,Indian Meals,Bakery & Baked Snacks,Orange Biscuit,,"orange biscuit, orange biscuits, orange-biscuit, santra",1,biscuit,60.5,354.8,3.6,62.1,11,0.8,42.6,6.7,259,52,Meals / Prepared Food,curated,"Orange, Refined Flour (Maida), Cooking Oil, Salt"
1095,Indian Meals,Bakery & Baked Snacks,Orange Cake,,"orange cake, orange cakes, orange-cake, santra",1,piece,52.1,357.6,6.1,48.3,16.2,0.8,28.4,9.5,105,124,Meals / Prepared Food,curated,"Orange, Refined Flour (Maida), Cooking Oil, Salt"
1096,Indian Meals,Bakery & Baked Snacks,Orange Chiffon Pie,,"orange chiffon pie, orange chiffon pies, orange-chiffon-pie, santra",1,pie,698.5,207.6,3.9,23.1,11.2,0.7,10.5,6.8,73,54,Meals / Prepared Food,curated,"Orange, Refined Flour (Maida), Cooking Oil, Salt"
1097,Indian Meals,Bakery & Baked Snacks,Orange Eggless Cake,,"orange eggless cake, orange eggless cakes, orange-eggless-cake, santra",1,piece,99.2,355.6,7.2,52.6,13.8,0.6,37.9,8.6,226,41,Meals / Prepared Food,curated,"Orange, Refined Flour (Maida), Cooking Oil, Salt"
1098,Indian Meals,Bakery & Baked Snacks,Pancake,,"pancake, pancakes",1,pancake,42.3,203.4,5.7,20.5,10.8,0.7,3.3,2.8,144,36,Meals / Prepared Food,curated,"Refined Flour (Maida), Cooking Oil, Salt"
1099,Indian Meals,Bakery & Baked Snacks,Paneer Kaathi Roll,,"paneer kaathi roll, paneer, paneer kaathi rolls, paneer-kaathi-roll",1,kaathi roll,148.3,285.9,6.9,20.1,19.6,2.4,3.3,3.7,221,31,Meals / Prepared Food,curated,"Paneer (Cottage Cheese), Refined Flour (Maida), Cooking Oil, Salt"
1100,Indian Meals,Bakery & Baked Snacks,Peanut Biscuit,,"peanut biscuit, moongphali, mungfali, peanut biscuits, peanut-biscuit",1,biscuit,17.8,401,8.5,46.7,20.4,2.5,21.3,9.9,202,62,Meals / Prepared Food,curated,"Peanuts, Refined Flour (Maida), Cooking Oil, Salt"
1101,Indian Meals,Bakery & Baked Snacks,Pin Wheel Biscuit,,"pin wheel biscuit, pin wheel biscuits, pin-wheel-biscuit",1,biscuit,19.9,404.6,5.4,54.6,18.7,1.2,23.3,11.6,132,45,Meals / Prepared Food,curated,"Refined Flour (Maida), Cooking Oil, Salt"
1102,Indian Meals,Bakery & Baked Snacks,Pineapple Pastry,,"pineapple pastry, ananas, pineapple pastries, pineapple-pastry",1,pastry,91.2,208.2,6.1,29,7.9,0.7,18.8,4.2,44,115,Meals / Prepared Food,curated,"Pineapple, Refined Flour (Maida), Cooking Oil, Salt"
1103,Indian Meals,Bakery & Baked Snacks,Plain Cream Cake,,"plain cream cake, malai, plain cream cakes, plain-cream-cake",1,piece,53.3,353.9,6.2,47.2,16.2,0.7,27.7,9.5,174,121,Meals / Prepared Food,curated,"Cream, Refined Flour (Maida), Cooking Oil, Salt"
1104,Indian Meals,Bakery & Baked Snacks,Pumpkin Cookies,,"pumpkin cookies, kaddu, kohla, pumpkin cookieses, pumpkin cooky, pumpkin-cookies",1,cookie,85.5,218.4,2.5,44.7,3.9,1.1,31.6,2.3,51,22,Meals / Prepared Food,curated,"Pumpkin, Refined Flour (Maida), Cooking Oil, Salt"
1105,Indian Meals,Bakery & Baked Snacks,Raspberry Shortbread Cookies,,"raspberry shortbread cookies, raspberry shortbread cookieses, raspberry shortbread cooky, raspberry-shortbread-cookies",1,cookie,37.1,441.1,3,61.2,21.3,0.7,40.9,13.4,6,54,Meals / Prepared Food,curated,"Raspberries, Refined Flour (Maida), Cooking Oil, Salt"
1106,Indian Meals,Bakery & Baked Snacks,Rolled Sandwich,,"rolled sandwich, rolled sandwiches, rolled-sandwich",1,sandwich,22,293.1,6.5,34.7,15.3,2.1,2.7,8.5,322,35,Meals / Prepared Food,curated,"Refined Flour (Maida), Cooking Oil, Salt"
1107,Indian Meals,Bakery & Baked Snacks,Saffron Biscuit,,"saffron biscuit, kesar, kesar biscuit, saffron biscuits, saffron-biscuit",1,biscuit,11,458.6,6,59.7,22,1.9,22.4,12.1,6,50,Meals / Prepared Food,curated,"Saffron, Refined Flour (Maida), Cooking Oil, Salt"
1108,Indian Meals,Bakery & Baked Snacks,Semolina Cake,,"semolina cake, rava, semolina cakes, semolina-cake, suji, suji/rava cake",1,square,59,374.1,6.6,31.3,25.2,5.4,18.9,16.3,91,27,Meals / Prepared Food,curated,"Semolina (Rava/Sooji), Refined Flour (Maida), Cooking Oil, Salt"
1109,Indian Meals,Bakery & Baked Snacks,Sesame Biscuit,,"sesame biscuit, sesame biscuits, sesame-biscuit, til, til ke biscuit",1,biscuit,14.5,424,8.3,53.6,19.3,6.8,29.7,7.9,182,28,Meals / Prepared Food,curated,"Refined Flour (Maida), Cooking Oil, Salt"
1110,Indian Meals,Bakery & Baked Snacks,Shepherd's Pie,,"shepherd's pie, shepherd's pies, shepherd's-pie, vegetarian, with minced meat",1,bowl,229.2,139.2,6.2,10,8.1,1.6,2.2,4.2,158,22,Meals / Prepared Food,curated,"Refined Flour (Maida), Cooking Oil, Salt"
1111,Indian Meals,Bakery & Baked Snacks,Short Bread Cookies,,"short bread cookies, short bread cookieses, short bread cooky, short-bread-cookies",1,biscuit,17.6,443.1,6,64.8,18,1.6,23.3,11.2,145,45,Meals / Prepared Food,curated,"Bread, Refined Flour (Maida), Cooking Oil, Salt"
1112,Indian Meals,Bakery & Baked Snacks,Short Crust Pastry,,"short crust pastry, short crust pastries, short-crust-pastry",1,serving,100,422.1,6.1,44.7,24,1.6,3.2,15,97,61,Meals / Prepared Food,curated,"Refined Flour (Maida), Cooking Oil, Salt"
1113,Indian Meals,Bakery & Baked Snacks,Spring Roll,,"spring roll, spring rolls, spring-roll",1,spring roll,94.2,623.9,1.8,8.6,64.6,0.7,0.6,7.8,133,12,Meals / Prepared Food,curated,"Refined Flour (Maida), Cooking Oil, Salt"
1114,Indian Meals,Bakery & Baked Snacks,Strawberry and Vanilla Cake with Butter Icing,,"strawberry and vanilla cake with butter icing, makhan, strawberry and vanilla cake with butter icings, strawberry-and-vanilla-cake-with-butter-icing",1,slice,116.5,370.5,3.9,44.3,20.4,0.8,32.4,12.4,107,101,Meals / Prepared Food,curated,"Butter, Strawberries, Refined Flour (Maida), Cooking Oil, Salt"
1115,Indian Meals,Bakery & Baked Snacks,Sunflower Cookies,,"sunflower cookies, sunflower cookieses, sunflower cooky, sunflower-cookies",1,cookie,183.3,520.6,9.5,40.1,36.3,4,24.3,11,182,26,Meals / Prepared Food,curated,"Refined Flour (Maida), Cooking Oil, Salt"
1116,Indian Meals,Bakery & Baked Snacks,Sweet Plain Biscuit,,"sweet plain biscuit, sweet plain biscuits, sweet-plain-biscuit",1,biscuit,14.3,380.8,5.9,50.3,17.7,1.1,21.8,10.8,133,77,Meals / Prepared Food,curated,"Refined Flour (Maida), Cooking Oil, Salt"
1117,Indian Meals,Bakery & Baked Snacks,Sweet Potato Biscuit,,"sweet potato biscuit, aloo, shakarkand ke biscuit, shakarkandi, sweet potato biscuits, sweet-potato-biscuit",1,biscuit,150.9,296.4,5.1,38.1,13.3,2.3,2.5,8.2,340,34,Meals / Prepared Food,curated,"Potato, Sweet Potato, Refined Flour (Maida), Cooking Oil, Salt"
1118,Indian Meals,Bakery & Baked Snacks,Sweet and Salty Biscuit,,"sweet and salty biscuit, meethay aur namkeen biscuit, sweet and salty biscuits, sweet-and-salty-biscuit",1,biscuit,10.7,408,6.2,45.1,22.4,1.7,7.2,14,415,55,Meals / Prepared Food,curated,"Refined Flour (Maida), Cooking Oil, Salt"
1119,Indian Meals,Bakery & Baked Snacks,Swiss Roll,,"swiss roll, swiss rolls, swiss-roll",1,swiss roll,63.2,251.9,7.3,48.3,3.8,0.5,33,1.2,52,145,Meals / Prepared Food,curated,"Refined Flour (Maida), Cooking Oil, Salt"
1120,Indian Meals,Bakery & Baked Snacks,Tutti Fruitti Biscuit,,"tutti fruitti biscuit, tutti fruitti biscuits, tutti-fruitti-biscuit",1,biscuit,108.7,420.8,5.2,53.1,17.9,5.4,15.8,11,93,44,Meals / Prepared Food,curated,"Refined Flour (Maida), Cooking Oil, Salt"
1121,Indian Meals,Bakery & Baked Snacks,Tutti Frutti Cake,,"tutti frutti cake, tutti frutti cakes, tutti-frutti-cake",1,cake,848.2,347.7,4.5,52.9,12.7,0.8,28.1,1.9,106,2,Meals / Prepared Food,curated,"Refined Flour (Maida), Cooking Oil, Salt"
1122,Indian Meals,Bakery & Baked Snacks,Vegetable Pancake,,"vegetable pancake, vegetable pancakes, vegetable-pancake",1,pancake,117.1,125.2,3.9,12.2,6.6,2.5,2.1,2.6,117,19,Meals / Prepared Food,curated,"Refined Flour (Maida), Cooking Oil, Salt"
1123,Indian Meals,Bakery & Baked Snacks,Vegetable and Cheese Pie,,"vegetable and cheese pie, vegetable and cheese pies, vegetable-and-cheese-pie",1,dish,484.8,126.9,4,8.8,8.3,1.9,2.7,5.1,118,19,Meals / Prepared Food,curated,"Cheese, Refined Flour (Maida), Cooking Oil, Salt"
1124,Indian Meals,Bakery & Baked Snacks,Victorian Sandwich Cake,,"victorian sandwich cake, victorian sandwich cakes, victorian-sandwich-cake",1,piece,64.1,373.1,5.2,44.7,19.8,0.6,28.2,11.9,145,117,Meals / Prepared Food,curated,"Refined Flour (Maida), Cooking Oil, Salt"
1125,Indian Meals,Bakery & Baked Snacks,Wheat Cake,,"wheat cake, gehun, wheat cakes, wheat-cake",1,piece,66.8,314.6,4.8,41.1,15,2.8,25.8,9.3,83,40,Meals / Prepared Food,curated,"Wheat, Refined Flour (Maida), Cooking Oil, Salt"
1126,Indian Meals,Beverages,Apple Oats Chia Seed Smoothie,,"apple oats chia seed smoothie, apple oats chia seed smoothies, apple-oats-chia-seed-smoothie, jai, seb",1,glass,628.5,85.6,3.5,13.1,2.5,1.4,5.8,0.9,32,4,Meals / Prepared Food,curated,"Chia Seeds, Apple, Oats"
1127,Indian Meals,Beverages,Apple and Honey Sorbet,,"apple and honey sorbet, apple and honey sorbets, apple-and-honey-sorbet, seb, seb aur shehad ka sharbat, shahad",1,cup,162.4,121.3,0.2,30.7,0.3,1.1,29.2,0.1,2,0,Meals / Prepared Food,curated,"Sugar/Jaggery, Apple, Honey"
1128,Indian Meals,Beverages,Banana Milkshake,,"banana milkshake, banana milkshakes, banana-milkshake, kela, kele milkshake",1,tall glass,345.5,65.3,1.8,9.1,2.4,0.3,8,1.4,14,0,Meals / Prepared Food,curated,Banana
1129,Indian Meals,Beverages,Banana Milkshake with Ice Cream,,"banana milkshake with ice cream, banana milkshake with ice creams, banana-milkshake-with-ice-cream, kela, kele ka milkshake ice cream ke saath, malai",1,tall glass,340,76.4,2,11.2,2.8,0.3,9.9,1.7,17,1,Meals / Prepared Food,curated,"Banana, Cream"
1130,Indian Meals,Beverages,Black Forest Gateau,,"black forest gateau, black forest gateaus, black-forest-gateau",1,piece,65.5,217.8,5.9,30.6,8.6,0.3,22,4.6,79,107,Meals / Prepared Food,curated,"Water, Sugar"
1131,Indian Meals,Beverages,Brown Stock,,"brown stock, brown stocks, brown-stock",1,cup,486.1,21.3,1.9,0.3,1.4,0.1,0.1,0,45,0,Meals / Prepared Food,curated,"Water, Sugar"
1132,Indian Meals,Beverages,Canjee,,"canjee, canjees",1,glass,170.2,6.6,0.2,0.4,0.4,0.4,0.2,0,43,0,Meals / Prepared Food,curated,"Water, Sugar"
1133,Indian Meals,Beverages,Cauliflower Canjee,,"cauliflower canjee, cauliflower canjees, cauliflower-canjee, gobi, phool gobi, phoolgobhi ki canjee",1,glass,178.6,6.9,0.4,0.3,0.4,0.5,0.1,0,41,0,Meals / Prepared Food,curated,Cauliflower
1134,Indian Meals,Beverages,Cauliflower Potato Canjee,,"cauliflower potato canjee, aloo, cauliflower potato canjees, cauliflower-potato-canjee, gobi, phool gobi",1,glass,211.9,16.8,0.6,2.6,0.4,0.7,0.1,0,36,0,Meals / Prepared Food,curated,"Potato, Cauliflower"
1135,Indian Meals,Beverages,Classic Club Sandwich,,"classic club sandwich, classic club sandwiches, classic-club-sandwich",1,triangle,223.5,200.8,6.7,18.5,11.6,1.6,1.9,4.6,277,63,Meals / Prepared Food,curated,"Water, Sugar"
1136,Indian Meals,Beverages,Classic Italian Pasta,,"classic italian pasta, classic italian pastas, classic-italian-pasta",1,serving,100,42.1,0.6,4.4,2.5,1.4,2.9,0.6,49,2,Meals / Prepared Food,curated,Pasta
1137,Indian Meals,Beverages,Classic Seasoned Black Beans,,"classic seasoned black beans, classic seasoned black bean, classic seasoned black beanses, classic-seasoned-black-beans",1,bowl,176.2,28.8,8,7.7,8.3,3.5,0.4,0,7989,0,Meals / Prepared Food,curated,"Green Beans, Black Beans, Beans"
1138,Indian Meals,Beverages,Coco Pine Cooler,,"coco pine cooler, coco pine coolers, coco-pine-cooler",1,tall glass,432.2,32.7,0.6,5.7,1,0.3,5.5,0.6,23,3,Meals / Prepared Food,curated,"Water, Sugar"
1139,Indian Meals,Beverages,Coffee Biscuit,,"coffee biscuit, coffee biscuits, coffee-biscuit",1,biscuit,17.2,416.6,6.9,46.6,23,1.6,21.7,9.6,113,64,Meals / Prepared Food,curated,"Water, Sugar"
1140,Indian Meals,Beverages,Coffee Drops,,"coffee drops, coffee drop, coffee dropses, coffee-drops",1,small,11.8,443.1,7.6,43.1,27.2,1.9,18.3,10,88,94,Meals / Prepared Food,curated,"Water, Sugar"
1141,Indian Meals,Beverages,Coffee Ice Cream,,"coffee ice cream, coffee ice creams, coffee-ice-cream, malai",1,ice cream cup,165.9,150.6,3.1,14.1,9.4,0,13.3,5.2,42,22,Meals / Prepared Food,curated,Cream
1142,Indian Meals,Beverages,Coffee Pear Alaska,,"coffee pear alaska, coffee pear alaskas, coffee-pear-alaska, nashpati",1,dish,250.4,204,2.9,19.4,13.2,0.2,16.9,8,51,28,Meals / Prepared Food,curated,Pear
1143,Indian Meals,Beverages,Cold Coffee,,"cold coffee, cold coffees, cold-coffee, with cream",1,tall glass,250.5,82.8,1.9,12,3.3,0,11.9,2,15,3,Meals / Prepared Food,curated,Cream
1144,Indian Meals,Beverages,Cold Coffee with Ice Cream,,"cold coffee with ice cream, cold coffee with ice creams, cold-coffee-with-ice-cream, malai",1,tall glass,301.5,67.8,1.6,11.2,2.1,0,11.2,1.3,14,1,Meals / Prepared Food,curated,Cream
1145,Indian Meals,Beverages,Crunchy Butterscotch,,"crunchy butterscotch, crunchy butterscotches, crunchy-butterscotch",1,cup,187.4,277.3,3.1,19.9,21,0.5,17.7,12.6,22,46,Meals / Prepared Food,curated,"Water, Sugar"
1146,Indian Meals,Beverages,Cucumber Sharbat,,"cucumber sharbat, cucumber sharbats, cucumber-sharbat, kheera, kheere ka sharbat",1,glass,411,27.3,0.3,6.6,0.1,0.8,5.5,0,3,0,Meals / Prepared Food,curated,Cucumber
1147,Indian Meals,Beverages,Cumin Infused Water,,"cumin infused water, cumin infused waters, cumin-infused-water, jeera, jeere/zeere ka pani",1,glass,338.9,9.1,0.2,1.9,0.1,0.5,1.5,0,190,0,Meals / Prepared Food,curated,"Water, Sugar"
1148,Indian Meals,Beverages,Curd Dressing,,"curd dressing, curd dressings, curd-dressing, dahi",1,cup,209.2,78.8,5.6,8,2.9,0.2,7.6,1.8,205,11,Meals / Prepared Food,curated,Yogurt (Curd)
1149,Indian Meals,Beverages,Curried Cauliflower Soup,,"curried cauliflower soup, curried cauliflower soups, curried-cauliflower-soup, gobi, phool gobi",1,cup,347.9,37.3,6.7,3.1,9.8,2.3,1.8,1.3,7311,5,Meals / Prepared Food,curated,Cauliflower
1150,Indian Meals,Beverages,Egg Nog,,"egg nog, anda, egg nogs, egg-nog",1,tall glass,303.5,97.1,4.8,8.1,5.1,0,8.1,2.6,41,60,Meals / Prepared Food,curated,Egg
1151,Indian Meals,Beverages,Espreso Coffee,,"espreso coffee, espreso coffees, espreso-coffee",1,tea cup,158.5,51.5,1.7,6.6,2.1,0,6.5,1.3,14,0,Meals / Prepared Food,curated,"Water, Sugar"
1152,Indian Meals,Beverages,Flavoured Milkshake,,"flavoured milkshake, flavoured milkshakes, flavoured-milkshake",1,tall glass,285,66.8,2.1,8.6,2.8,0,8.6,1.7,16,0,Meals / Prepared Food,curated,"Water, Sugar"
1153,Indian Meals,Beverages,Gingo,,"gingo, gingos",1,tall glass,291,48,0.1,12.4,0.1,0.2,12.1,0,22,0,Meals / Prepared Food,curated,"Water, Sugar"
1154,Indian Meals,Beverages,Hot Chocolate,,"hot chocolate, hot chocolates, hot-chocolate",1,tea cup,190.5,90,3.4,9,4.6,0,8.9,2.8,36,0,Meals / Prepared Food,curated,"Water, Sugar"
1155,Indian Meals,Beverages,Hot Cocoa,,"hot cocoa, hot cocoas, hot-cocoa",1,cup,191,90.1,3.4,9.2,4.6,0,9,2.8,24,0,Meals / Prepared Food,curated,"Water, Sugar"
1156,Indian Meals,Beverages,Hot Tea,,"hot tea, garam chai, hot teas, hot-tea",1,tea cup,210.5,16.1,0.4,2.6,0.5,0,2.6,0.3,3,0,Meals / Prepared Food,curated,"Water, Sugar"
1157,Indian Meals,Beverages,Iced Tea,,"iced tea, iced teas, iced-tea",1,tall glass,320,10.3,0,2.7,0,0,2.7,0,0,0,Meals / Prepared Food,curated,"Water, Sugar"
1158,Indian Meals,Beverages,Instant Coffee,,"instant coffee, instant coffees, instant-coffee",1,tea cup,450,23.2,0.6,3.7,0.7,0,3.6,0.5,5,0,Meals / Prepared Food,curated,"Water, Sugar"
1159,Indian Meals,Beverages,Kashmiri Tea,,"kashmiri tea, kashmiri teas, kashmiri-tea, kehwa",1,tea cup,256.7,24.9,0.2,5.2,0.5,0.2,5.1,0,0,0,Meals / Prepared Food,curated,"Water, Sugar"
1160,Indian Meals,Beverages,Lassi,,"lassi, lassis, salted",1,tall glass,423.2,18.8,1.4,1.9,0.7,0,1.8,0.5,65,3,Meals / Prepared Food,curated,"Water, Sugar"
1161,Indian Meals,Beverages,Lem-o-gin,,"lem-o-gin, lem-o-gins",1,glass,356.8,21.5,0.1,5.6,0,0.1,5.4,0,28,0,Meals / Prepared Food,curated,"Water, Sugar"
1162,Indian Meals,Beverages,Lemonade,,"lemonade, lemonades",1,glass,349.3,20.8,0,5.5,0,0,5.5,0,29,0,Meals / Prepared Food,curated,"Water, Sugar"
1163,Indian Meals,Beverages,Macaroni Salad,,"macaroni salad, macaroni salads, macaroni-salad",1,cup,161,262.2,5,21.6,17.8,0.6,3.7,3.2,164,59,Meals / Prepared Food,curated,"Pasta, Macaroni"
1164,Indian Meals,Beverages,Mango Milkshake,,"mango milkshake, aam, aam milkshake, mango milkshakes, mango-milkshake",1,tall glass,355.5,56.9,1.7,7.2,2.3,0.3,7.1,1.4,13,0,Meals / Prepared Food,curated,Mango
1165,Indian Meals,Beverages,Mango Milkshake with Ice Cream,,"mango milkshake with ice cream, aam, aam milkshake ice cream ke saath, malai, mango milkshake with ice creams, mango-milkshake-with-ice-cream",1,tall glass,340,68.4,1.9,9.2,2.8,0.2,9.1,1.7,17,1,Meals / Prepared Food,curated,"Mango, Cream"
1166,Indian Meals,Beverages,Mango Mousse,,"mango mousse, aam, mango mousses, mango-mousse",1,cup,279,125,3.2,9.1,8.5,0.9,8.9,5.3,20,24,Meals / Prepared Food,curated,Mango
1167,Indian Meals,Beverages,Mango Vanilla Custard,,"mango vanilla custard, aam, mango vanilla custards, mango-vanilla-custard",1,glass,203.2,147.6,3.4,18.4,7,1,14.6,2.8,30,0,Meals / Prepared Food,curated,Mango
1168,Indian Meals,Beverages,Mayonnaise Without Eggs,,"mayonnaise without eggs, anda, mayonnaise without egg, mayonnaise without eggses, mayonnaise-without-eggs",1,cup,387.3,329.1,2.1,4,33.8,0,3.7,6.1,194,0,Meals / Prepared Food,curated,Egg
1169,Indian Meals,Beverages,Meat Stock,,"meat stock, meat stocks, meat-stock",1,cup,870,24.5,2.1,0,1.8,0,0,0.5,9,11,Meals / Prepared Food,curated,"Water, Sugar"
1170,Indian Meals,Beverages,Mintade,,"mintade, mintades",1,glass,570,40.3,0,10.6,0,0,10.5,0,27,0,Meals / Prepared Food,curated,"Water, Sugar"
1171,Indian Meals,Beverages,Mixed Stock,,"mixed stock, mixed stocks, mixed-stock",1,cup,910,25.2,2.1,0.3,1.7,0.1,0.2,0.5,10,11,Meals / Prepared Food,curated,"Water, Sugar"
1172,Indian Meals,Beverages,Nannari Sharbat,,"nannari sharbat, nannari sharbats, nannari-sharbat",1,cup,1115,88.8,0,23.6,0,0,23.6,0,1,0,Meals / Prepared Food,curated,"Water, Sugar"
1173,Indian Meals,Beverages,Onion Chutney,,"onion chutney, onion chutneys, onion-chutney, pyaaz, pyaaz ki chutney/vengaya chutney, pyaz",1,cup,52.5,143.9,3,13.5,8.4,4.6,6.8,1.1,257,0,Meals / Prepared Food,curated,Onion
1174,Indian Meals,Beverages,Orange Gateau,,"orange gateau, orange gateaus, orange-gateau, santra",1,piece,79.8,178,4.8,27,6,0.7,18.3,3.2,80,88,Meals / Prepared Food,curated,Orange
1175,Indian Meals,Beverages,Orange Milkshake,,"orange milkshake, narangi milkshake, orange milkshakes, orange-milkshake, santra",1,tall glass,319.5,57.4,1.9,7.1,2.5,0,7.1,1.5,15,0,Meals / Prepared Food,curated,Orange
1176,Indian Meals,Beverages,Orange Milkshake with Ice Cream,,"orange milkshake with ice cream, malai, narangi milkshake ice cream ke saath, orange milkshake with ice creams, orange-milkshake-with-ice-cream, santra",1,tall glass,340,67.8,1.9,9.1,2.7,0.2,9,1.7,17,1,Meals / Prepared Food,curated,"Cream, Orange"
1177,Indian Meals,Beverages,Pineapple Milkshake,,"pineapple milkshake, ananas, ananas milkshake, pineapple milkshakes, pineapple-milkshake",1,tall glass,364.5,55.7,1.7,7.6,2.2,0,7.6,1.3,14,0,Meals / Prepared Food,curated,Pineapple
1178,Indian Meals,Beverages,Pineapple Milkshake with Ice Cream,,"pineapple milkshake with ice cream, ananas, ananas milkshake ice cream ke saath, malai, pineapple milkshake with ice creams, pineapple-milkshake-with-ice-cream",1,tall glass,340,68.5,1.9,9.3,2.8,0.4,9.2,1.7,17,1,Meals / Prepared Food,curated,"Cream, Pineapple"
1179,Indian Meals,Beverages,Potato Canjee,,"potato canjee, aloo, aloo canjee, potato canjees, potato-canjee",1,glass,195.3,16.3,0.4,2.7,0.4,0.4,0.1,0,36,0,Meals / Prepared Food,curated,Potato
1180,Indian Meals,Beverages,Raw Mango Drink,,"raw mango drink, aam, aam panna, raw mango drinks, raw-mango-drink",1,tall glass,268.5,35.9,0.2,9,0,0.6,7.5,0,80,0,Meals / Prepared Food,curated,Mango
1181,Indian Meals,Beverages,Rich Chocolate Mousse,,"rich chocolate mousse, rich chocolate mousses, rich-chocolate-mousse",1,cup,210.5,188.3,8,10.8,12.2,0,10.3,7,52,112,Meals / Prepared Food,curated,"Water, Sugar"
1182,Indian Meals,Beverages,Roasted Cauliflower Steak,,"roasted cauliflower steak, gobi, phool gobi, roasted cauliflower steaks, roasted-cauliflower-steak",1,cauliflower steak,107.4,78.7,2,2,6.7,3.5,0.4,1,120,0,Meals / Prepared Food,curated,Cauliflower
1183,Indian Meals,Beverages,Saffron Milk,,"saffron milk, doodh, kesar, kesariya doodh, saffron milks, saffron-milk",1,glass,262.7,102.2,3.2,12.6,4.6,0.1,12.5,2.5,24,0,Meals / Prepared Food,curated,"Milk, Saffron"
1184,Indian Meals,Beverages,Sattu Drink,,"sattu drink, sattu drinks, sattu-drink",1,glass,534.2,23.4,0.6,5.2,0.1,0.4,4,0,13,0,Meals / Prepared Food,curated,"Water, Sugar"
1185,Indian Meals,Beverages,Semolina Milk Drink,,"semolina milk drink, doodh, rava, semolina milk drinks, semolina-milk-drink, suji, thari kanji",1,cup,263.5,44.2,1,6.9,1.4,0.7,3.9,0.4,12,1,Meals / Prepared Food,curated,"Semolina (Rava/Sooji), Milk"
1186,Indian Meals,Beverages,Steamed Cake with Chocolate Sauce,,"steamed cake with chocolate sauce, steamed cake with chocolate sauces, steamed-cake-with-chocolate-sauce",1,small mould,238,301.9,4.5,29.1,19,0.3,19.7,11.6,100,79,Meals / Prepared Food,curated,"Water, Sugar"
1187,Indian Meals,Beverages,Steamed Orange Pudding,,"steamed orange pudding, santra, steamed orange puddings, steamed-orange-pudding",1,large slice,107.5,278,2.3,41.5,12,0.6,26.5,7.5,79,32,Meals / Prepared Food,curated,Orange
1188,Indian Meals,Beverages,Steeped Hot Coffee,,"steeped hot coffee, steeped hot coffees, steeped-hot-coffee",1,tea cup,202,15.9,0.4,3,0.3,0,3,0.2,3,0,Meals / Prepared Food,curated,"Water, Sugar"
1189,Indian Meals,Beverages,Summer Cooler,,"summer cooler, summer coolers, summer-cooler",1,tall glass,494.7,22.4,0.4,5.4,0,0.2,5.2,0,2,0,Meals / Prepared Food,curated,"Water, Sugar"
1190,Indian Meals,Beverages,Sweet Lassi,,"sweet lassi, meethi lassi, sweet lassis, sweet-lassi",1,tall glass,442.5,35.7,1.3,6.5,0.7,0,6.5,0.4,18,2,Meals / Prepared Food,curated,"Water, Sugar"
1191,Indian Meals,Beverages,Thandai,,"thandai, thandais",1,glass,253.5,101.2,3.6,9.1,5.9,0.8,8.2,2.3,23,0,Meals / Prepared Food,curated,"Water, Sugar"
1192,Indian Meals,Beverages,Vegetable Stock,,"vegetable stock, vegetable stocks, vegetable-stock",1,cup,415.4,17.6,0.3,1,1.4,0.4,0.4,0.9,50,3,Meals / Prepared Food,curated,"Water, Sugar"
1193,Indian Meals,Beverages,White Stock,,"white stock, white stocks, white-stock",1,cup,765,7,0.1,0.4,0.6,0.2,0.2,0.3,2,1,Meals / Prepared Food,curated,"Water, Sugar"
1194,Indian Meals,Beverages,Woodapple Juice,,"woodapple juice, bel ka sharbat, woodapple juices, woodapple-juice",1,glass,351.3,34.2,0.6,6.5,0.7,1,5.8,0.2,127,0,Meals / Prepared Food,curated,"Water, Sugar"
1195,Indian Meals,Breads,Bathua Poori,,"bathua poori, bathua pooris, bathua-poori",1,poori,90.9,598.8,2.4,13.9,59.1,1.9,0.4,7.2,50,1,Meals / Prepared Food,curated,"Water, Salt, Cooking Oil/Ghee"
1196,Indian Meals,Breads,Beetroot Poori,,"beetroot poori, beetroot pooris, beetroot-poori, chukandar, chukandar ki poori",1,poori,102.9,527.7,1.9,12.3,52.2,1.4,0.5,6.4,46,1,Meals / Prepared Food,curated,"Water, Salt, Cooking Oil/Ghee"
1197,Indian Meals,Breads,Besan and Spinach Parantha/paratha,,"besan and spinach parantha/paratha, besan, besan and spinach parantha/parathas, besan aur palak ka parantha/paratha, besan-and-spinach-parantha/paratha, palak",1,parantha,82.3,216.5,5.5,21.4,12.1,4.4,1.3,1.5,177,0,Meals / Prepared Food,curated,"Chickpeas (Chana), Spinach, Whole Wheat Flour (Atta), Water, Salt, Cooking Oil/Ghee"
1198,Indian Meals,Breads,Bhatura,,"bhatura, bhaturas",1,bhatura,145.6,793.2,1.6,10.7,82.6,0.4,0.7,10,28,0,Meals / Prepared Food,curated,"Water, Salt, Cooking Oil/Ghee"
1199,Indian Meals,Breads,Cauliflower Parantha/paratha,,"cauliflower parantha/paratha, cauliflower parantha/parathas, cauliflower-parantha/paratha, gobi, phool gobi, phoolgobhi ka parantha/paratha",1,parantha,101.9,178.1,3.7,18.8,9.5,4.7,1.1,1.2,190,0,Meals / Prepared Food,curated,"Cauliflower, Whole Wheat Flour (Atta), Water, Salt, Cooking Oil/Ghee"
1200,Indian Meals,Breads,Chapati/Roti,,"chapati/roti, chapati/rotis",1,chapati,36,202.3,5.9,35.6,3.6,6.3,1,1.7,1,7,Meals / Prepared Food,curated,"Whole Wheat Flour (Atta), Water, Salt, Cooking Oil/Ghee"
1201,Indian Meals,Breads,Dal Parantha/paratha,,"dal parantha/paratha, dal parantha/parathas, dal-parantha/paratha",1,parantha,76.7,268.2,6.8,30,13.1,6.5,1.4,1.6,156,0,Meals / Prepared Food,curated,"Lentils (Dal), Whole Wheat Flour (Atta), Water, Salt, Cooking Oil/Ghee"
1202,Indian Meals,Breads,Dal Stuffed Poori,,"dal stuffed poori, dal stuffed pooris, dal-stuffed-poori",1,poori,118.8,785.2,2.1,10.1,81.7,2,0.3,10.1,128,2,Meals / Prepared Food,curated,"Lentils (Dal), Water, Salt, Cooking Oil/Ghee"
1203,Indian Meals,Breads,Gram Flour Poori,,"gram flour poori, besan, besan poori, gram flour pooris, gram-flour-poori",1,poori,75.3,697.7,2.6,10.9,71.5,1.9,0.3,8.7,58,1,Meals / Prepared Food,curated,"Chickpeas (Chana), Water, Salt, Cooking Oil/Ghee"
1204,Indian Meals,Breads,Keema Parantha/paratha,,"keema parantha/paratha, keema parantha/parathas, keema-parantha/paratha",1,parantha,100,238.1,9.4,18.4,13.9,3.4,1,3.2,141,26,Meals / Prepared Food,curated,"Whole Wheat Flour (Atta), Water, Salt, Cooking Oil/Ghee"
1205,Indian Meals,Breads,Makki ki Roti,,"makki ki roti, makki ki rotis, makki-ki-roti",1,roti,85,264,3.5,24.2,16.8,5.2,0.7,9.4,236,39,Meals / Prepared Food,curated,"Whole Wheat Flour (Atta), Water, Salt, Cooking Oil/Ghee"
1206,Indian Meals,Breads,Methi Parantha/paratha,,"methi parantha/paratha, methi parantha/parathas, methi-parantha/paratha",1,parantha,91.2,148.4,4.3,22.2,4.3,5.1,2.4,0.6,48,0,Meals / Prepared Food,curated,"Fenugreek Leaves (Methi), Whole Wheat Flour (Atta), Water, Salt, Cooking Oil/Ghee"
1207,Indian Meals,Breads,Methi Poori,,"methi poori, methi pooris, methi-poori",1,poori,130,710,1.5,8,74.6,1.6,0.3,9.3,35,2,Meals / Prepared Food,curated,"Fenugreek Leaves (Methi), Water, Salt, Cooking Oil/Ghee"
1208,Indian Meals,Breads,Naan,,"naan, naans",1,naan,53.2,286.4,8.1,51.8,5,1.9,5.6,2.7,326,10,Meals / Prepared Food,curated,"Refined Flour (Maida), Water, Salt, Cooking Oil/Ghee"
1209,Indian Meals,Breads,Onion-green Chilli Parantha/paratha,,"onion-green chilli parantha/paratha, hari mirch, mirch, onion-green chilli parantha/parathas, onion-green-chilli-parantha/paratha, pyaaz, pyaaz aur hari mirch ka parantha/paratha, pyaz",1,parantha,76.4,191.3,4.4,26.4,7.3,5.2,2.7,0.9,241,0,Meals / Prepared Food,curated,"Onion, Whole Wheat Flour (Atta), Water, Salt, Cooking Oil/Ghee"
1210,Indian Meals,Breads,Paneer Parantha/paratha,,"paneer parantha/paratha, paneer, paneer parantha/parathas, paneer-parantha/paratha",1,parantha,85,263,8,24.3,14.6,4,3.8,3.4,143,0,Meals / Prepared Food,curated,"Paneer (Cottage Cheese), Whole Wheat Flour (Atta), Water, Salt, Cooking Oil/Ghee"
1211,Indian Meals,Breads,Paushtik Roti,,"paushtik roti, paushtik rotis, paushtik-roti",1,roti,42.9,149.3,7.2,26.6,1.5,5.7,2,0.2,171,0,Meals / Prepared Food,curated,"Whole Wheat Flour (Atta), Water, Salt, Cooking Oil/Ghee"
1212,Indian Meals,Breads,Pea Parantha/paratha,,"pea parantha/paratha, matar, matar ka parantha/paratha, pea parantha/parathas, pea-parantha/paratha",1,parantha,108.4,190.7,5.6,21.5,8.8,5.6,1.3,1.1,110,0,Meals / Prepared Food,curated,"Green Peas, Whole Wheat Flour (Atta), Water, Salt, Cooking Oil/Ghee"
1213,Indian Meals,Breads,Peas Poori,,"peas poori, matar, matar ki poori, peas pooris, peas-poori",1,poori,83.8,592.8,3,14.9,57.7,2.3,0.5,7,48,1,Meals / Prepared Food,curated,"Green Peas, Peas, Water, Salt, Cooking Oil/Ghee"
1214,Indian Meals,Breads,Plain Parantha/paratha,,"plain parantha/paratha, plain parantha/parathas, plain-parantha/paratha",1,parantha,55.8,298.3,5.1,30.7,16.9,5.4,0.9,2,62,0,Meals / Prepared Food,curated,"Whole Wheat Flour (Atta), Water, Salt, Cooking Oil/Ghee"
1215,Indian Meals,Breads,Poori,,"poori, pooris",1,poori,124.9,737.6,1.4,8.2,77.6,1.5,0.2,9.6,32,2,Meals / Prepared Food,curated,"Water, Salt, Cooking Oil/Ghee"
1216,Indian Meals,Breads,Potato Parantha/paratha,,"potato parantha/paratha, aloo, aloo ka parantha/paratha, potato parantha/parathas, potato-parantha/paratha",1,parantha,93.4,205,3.7,23.9,10.2,4.2,1.2,1.2,127,0,Meals / Prepared Food,curated,"Potato, Whole Wheat Flour (Atta), Water, Salt, Cooking Oil/Ghee"
1217,Indian Meals,Breads,Potato Stuffed Poori,,"potato stuffed poori, aloo, aloo ki poori, potato stuffed pooris, potato-stuffed-poori",1,poori,119.2,776.7,1.5,9.4,81.4,1.6,0.3,10.1,70,2,Meals / Prepared Food,curated,"Potato, Water, Salt, Cooking Oil/Ghee"
1218,Indian Meals,Breads,Radish Parantha/paratha,,"radish parantha/paratha, mooli, mooli ka parantha/paratha, radish parantha/parathas, radish-parantha/paratha",1,parantha,100,183.5,3.3,20.5,9.5,4.3,1.3,1.2,127,0,Meals / Prepared Food,curated,"Whole Wheat Flour (Atta), Radish, Water, Salt, Cooking Oil/Ghee"
1219,Indian Meals,Breads,Soya Roti,,"soya roti, soya rotis, soya-roti",1,roti,50.3,284,9.2,40,9.2,8.7,1.6,1.2,156,0,Meals / Prepared Food,curated,"Soya/Tofu, Whole Wheat Flour (Atta), Water, Salt, Cooking Oil/Ghee"
1220,Indian Meals,Breads,Spinach Poori,,"spinach poori, palak, palak poori, spinach pooris, spinach-poori",1,poori,135,684.3,1.4,7.8,71.9,1.5,0.2,8.9,35,1,Meals / Prepared Food,curated,"Spinach, Water, Salt, Cooking Oil/Ghee"
1221,Indian Meals,Breads,Sprouted Moong Parantha/paratha,,"sprouted moong parantha/paratha, moong dal, sprouted moong parantha/parathas, sprouted-moong-parantha/paratha",1,parantha,76.7,228.6,4.3,24.3,12.4,4.5,1.5,1.5,154,0,Meals / Prepared Food,curated,"Moong Dal (Split Mung Bean), Lentils (Dal), Whole Wheat Flour (Atta), Water, Salt, Cooking Oil/Ghee"
1222,Indian Meals,Breads,Sweet Poori,,"sweet poori, meethi poori, sweet pooris, sweet-poori",1,poori,152.5,782.7,2.1,14.3,79.6,1.5,7.1,9.6,3,0,Meals / Prepared Food,curated,"Water, Salt, Cooking Oil/Ghee"
1223,Indian Meals,Breads,Sweet Split Chickpea Roti,,"sweet split chickpea roti, chana, chole, sweet channa dal roti/puranpoli, sweet split chickpea rotis, sweet-split-chickpea-roti",1,roti,53.4,366.6,9.5,62.7,7.9,8.2,24.7,3.9,12,16,Meals / Prepared Food,curated,"Chickpeas (Chana), Lentils (Dal), Whole Wheat Flour (Atta), Chickpeas, Water, Salt, Cooking Oil/Ghee"
1224,Indian Meals,Breads,Tandoori Parantha/paratha,,"tandoori parantha/paratha, tandoori parantha/parathas, tandoori-parantha/paratha",1,parantha,55.7,295.4,5.1,30.7,16.5,5.4,0.9,9.5,1,40,Meals / Prepared Food,curated,"Whole Wheat Flour (Atta), Water, Salt, Cooking Oil/Ghee"
1225,Indian Meals,Chutneys & Pickles,Brinjal Pickle,,"brinjal pickle, baingan, baingan ka achaar, brinjal pickles, brinjal-pickle",1,serving,100,139,2.2,4.2,13,4.6,1.1,1.5,3508,0,Meals / Prepared Food,curated,"Eggplant (Brinjal), Salt, Mustard Oil, Spices"
1226,Indian Meals,Chutneys & Pickles,Coconut Chutney,,"coconut chutney, coconut chutneys, coconut-chutney, nariyal, nariyal ki chutney",1,tablespoon,25.3,265.9,3.6,8.3,25,6.7,3.8,14.4,428,0,Meals / Prepared Food,curated,"Coconut, Salt, Mustard Oil, Spices"
1227,Indian Meals,Chutneys & Pickles,Coconut Pickle,,"coconut pickle, coconut pickles, coconut-pickle, nariyal, nariyal ka aachar",1,jar,28,517.3,3,11.5,51.7,6.3,9,41.5,177,0,Meals / Prepared Food,curated,"Coconut, Salt, Mustard Oil, Spices"
1228,Indian Meals,Chutneys & Pickles,Coriander Chutney,,"coriander chutney, coriander chutneys, coriander-chutney, dhaniya, hare dhaniye ki chutney",1,tablespoon,18.9,42.9,1.4,8.2,0.4,2.5,5.5,0.1,187,0,Meals / Prepared Food,curated,"Salt, Mustard Oil, Spices"
1229,Indian Meals,Chutneys & Pickles,Date Pickle,,"date pickle, date pickles, date-pickle, khajoor, khajoor ka achaar",1,small bowl,138.2,182.3,1.7,34.7,4.2,5.2,30.5,0.6,139,0,Meals / Prepared Food,curated,"Salt, Mustard Oil, Spices"
1230,Indian Meals,Chutneys & Pickles,Dates Chutney,,"dates chutney, dates chutneys, dates-chutney, khajoor, khajoor ki chutney",1,small bowl,263.8,103.6,1.1,21.7,1.1,3.4,18.7,0.1,77,0,Meals / Prepared Food,curated,"Salt, Mustard Oil, Spices"
1231,Indian Meals,Chutneys & Pickles,Dessicated Coconut Chutney,,"dessicated coconut chutney, dessicated coconut chutneys, dessicated-coconut-chutney, nariyal, sookhe kase nariyal ki chutney",1,tablespoon,10.8,346.4,12.9,36.7,15.9,13.2,10.4,7.2,321,0,Meals / Prepared Food,curated,"Coconut, Salt, Mustard Oil, Spices"
1232,Indian Meals,Chutneys & Pickles,Dry Mango Chutney,,"dry mango chutney, aam, dry mango chutneys, dry-mango-chutney, sookhe aam ki chutney",1,tablespoon,27.7,298.1,2.4,69.2,0.7,3.7,61.9,0.1,438,0,Meals / Prepared Food,curated,"Mango, Salt, Mustard Oil, Spices"
1233,Indian Meals,Chutneys & Pickles,Fermented Bamboo Shoot Pickle,,"fermented bamboo shoot pickle, fermented bamboo shoot pickles, fermented-bamboo-shoot-pickle, mesu pickle",1,jar,136.3,59.8,1.6,1.7,5.6,2.2,0.3,0.7,161,0,Meals / Prepared Food,curated,"Bamboo Shoots, Salt, Mustard Oil, Spices"
1234,Indian Meals,Chutneys & Pickles,Garlic Chutney/Poondu Chutney,,"garlic chutney/poondu chutney, garlic chutney/poondu chutneys, garlic-chutney/poondu-chutney, lahasun ki chutney, lasan, lehsun",1,small bowl,79.4,255.5,3.3,20.4,17.6,5.1,13.4,2.1,178,0,Meals / Prepared Food,curated,"Garlic, Salt, Mustard Oil, Spices"
1235,Indian Meals,Chutneys & Pickles,Garlic Pickle,,"garlic pickle, garlic pickles, garlic-pickle, lahasun ka achar, lasan, lehsun",1,jar,51.1,413.6,3.7,9.8,39.9,5.1,2.3,5.8,269,0,Meals / Prepared Food,curated,"Garlic, Salt, Mustard Oil, Spices"
1236,Indian Meals,Chutneys & Pickles,Gooseberry Chutney,,"gooseberry chutney, amla chutney, gooseberry chutneys, gooseberry-chutney",1,tablespoon,16,43,1.4,8.8,0.6,4.6,0.1,0.1,215,0,Meals / Prepared Food,curated,"Gooseberries, Salt, Mustard Oil, Spices"
1237,Indian Meals,Chutneys & Pickles,Gooseberry Pickle,,"gooseberry pickle, amla ka achaar, gooseberry pickles, gooseberry-pickle",1,jar,23.3,278.6,1.5,7.6,27.6,3.7,0.4,3.1,86,0,Meals / Prepared Food,curated,"Gooseberries, Salt, Mustard Oil, Spices"
1238,Indian Meals,Chutneys & Pickles,Green Chutney,,"green chutney, green chutneys, green-chutney",1,glass jar,24.4,79.4,5.4,10,1.6,5.8,0.9,0.2,263,0,Meals / Prepared Food,curated,"Salt, Mustard Oil, Spices"
1239,Indian Meals,Chutneys & Pickles,Green Tomato Pickle,,"green tomato pickle, green tomato pickles, green-tomato-pickle, haray tamatar ka achaar, tamatar",1,jar,63.6,193.3,1.2,2.9,19.7,1.7,0.8,2.3,159,0,Meals / Prepared Food,curated,"Tomato, Green Tomato, Salt, Mustard Oil, Spices"
1240,Indian Meals,Chutneys & Pickles,Gun Powder Chutney,,"gun powder chutney, gun powder chutneys, gun-powder-chutney",1,tablespoon,13.9,312.3,21.6,47.6,2.7,14,1.2,0.4,196,0,Meals / Prepared Food,curated,"Salt, Mustard Oil, Spices"
1241,Indian Meals,Chutneys & Pickles,Jhatpat Achar with Carrot,,"jhatpat achar with carrot, gajar, jhatpat achaar gajar ke saath, jhatpat achar with carrots, jhatpat-achar-with-carrot",1,serving,100,91.2,2,6.3,6.5,5.1,3,0.7,2067,0,Meals / Prepared Food,curated,"Carrot, Carrots, Salt, Mustard Oil, Spices"
1242,Indian Meals,Chutneys & Pickles,Lemon Green Chilli Pickle,,"lemon green chilli pickle, hari mirch, lemon green chilli pickles, lemon-green-chilli-pickle, mirch, nimboo aur hari mirch ka achaar, nimbu",1,serving,100,14.1,0.9,2.1,0.2,1.1,1,0.1,7559,0,Meals / Prepared Food,curated,"Lemons, Salt, Mustard Oil, Spices"
1243,Indian Meals,Chutneys & Pickles,Lotus Stem Pickle,,"lotus stem pickle, kamal kakdi ka achar, lotus stem pickles, lotus-stem-pickle",1,jar,393.4,102.7,1.4,20.1,1.6,8.6,2.5,0.2,182,0,Meals / Prepared Food,curated,"Salt, Mustard Oil, Spices"
1244,Indian Meals,Chutneys & Pickles,Mango Pickle,,"mango pickle, aam, aam ka achaar, mango pickles, mango-pickle",1,serving,100,192.1,1.6,8.1,17.9,3.7,1.8,2.1,3430,0,Meals / Prepared Food,curated,"Mango, Salt, Mustard Oil, Spices"
1245,Indian Meals,Chutneys & Pickles,Mint Tomato Chutney,,"mint tomato chutney, mint tomato chutneys, mint-tomato-chutney, pudina, pudinay aur tamatar ki chutney, tamatar",1,tablespoon,18.9,43.7,1.5,8.2,0.4,2.6,5.5,0.1,184,0,Meals / Prepared Food,curated,"Tomato, Salt, Mustard Oil, Spices"
1246,Indian Meals,Chutneys & Pickles,Mint and Coriander Chutney,,"mint and coriander chutney, dhaniya, mint and coriander chutneys, mint-and-coriander-chutney, pudina, pudinay aur dhaniye ki chutney",1,tablespoon,26.3,102.6,2.8,21.2,0.5,4.3,15.9,0.1,392,0,Meals / Prepared Food,curated,"Salt, Mustard Oil, Spices"
1247,Indian Meals,Chutneys & Pickles,Mixed Vegetable Pickle,,"mixed vegetable pickle, mixed vegetable pickles, mixed-vegetable-pickle, sabziyoon ka achaar",1,serving,100,211.2,1.9,7.5,19.7,2.8,2.8,2.3,2488,0,Meals / Prepared Food,curated,"Salt, Mustard Oil, Spices"
1248,Indian Meals,Chutneys & Pickles,Peanut Chutney,,"peanut chutney, moongphali, mungfali, mungfali ki chutney, peanut chutneys, peanut-chutney",1,tablespoon,21,258.4,11.8,9.9,19.1,5.7,2.8,3.9,475,0,Meals / Prepared Food,curated,"Peanuts, Salt, Mustard Oil, Spices"
1249,Indian Meals,Chutneys & Pickles,Pickled Cabbage,,"pickled cabbage, band gobi, patta gobi, pickled cabbages, pickled-cabbage",1,jar,259.3,13.7,0.4,2.6,0.1,0.6,2.1,0,121,0,Meals / Prepared Food,curated,"Cauliflower, Cabbage, Salt, Mustard Oil, Spices"
1250,Indian Meals,Chutneys & Pickles,Pickled Mustard Greens,,"pickled mustard greens, pickled mustard green, pickled mustard greenses, pickled-mustard-greens",1,jar,1174.7,13.1,1.5,1.1,0.2,1.7,0,0.1,242,0,Meals / Prepared Food,curated,"Salt, Mustard Oil, Spices"
1251,Indian Meals,Chutneys & Pickles,Plum Chutney,,"plum chutney, aloo bukhara, aloo bukhara ki chutney, plum chutneys, plum-chutney",1,serving,100,177.1,0.5,45,0.3,1.4,43.9,0,217,0,Meals / Prepared Food,curated,"Potato, Plum, Salt, Mustard Oil, Spices"
1252,Indian Meals,Chutneys & Pickles,Potato Pickle,,"potato pickle, aloo, aloo ka achaar, potato pickles, potato-pickle",1,bowl,46.9,369.1,2.1,7.9,36.5,2.2,0.8,5.4,214,0,Meals / Prepared Food,curated,"Potato, Salt, Mustard Oil, Spices"
1253,Indian Meals,Chutneys & Pickles,Raw Mango Chutney,,"raw mango chutney, aam, kachhe aam/kairi ki chutney, raw mango chutneys, raw-mango-chutney",1,serving,100,193.1,0.5,49.9,0.2,2.2,45.2,0,481,0,Meals / Prepared Food,curated,"Mango, Salt, Mustard Oil, Spices"
1254,Indian Meals,Chutneys & Pickles,Saunth/Sonth Chutney with Ginger,,"saunth/sonth chutney with ginger, adrak, saunth/sonth chutney with gingers, saunth/sonth-chutney-with-ginger",1,tablespoon,32.9,84.2,0.3,20.6,0.1,0.3,19,0,223,0,Meals / Prepared Food,curated,"Ginger, Salt, Mustard Oil, Spices"
1255,Indian Meals,Chutneys & Pickles,Saunth/Sonth Chutney with Tamarind/imli,,"saunth/sonth chutney with tamarind/imli, imli, saunth/sonth chutney with tamarind/imlis, saunth/sonth-chutney-with-tamarind/imli",1,teaspoon,17.7,141.5,1,33.6,0.2,0.9,31.3,0,244,0,Meals / Prepared Food,curated,"Tamarind, Tamarinds, Salt, Mustard Oil, Spices"
1256,Indian Meals,Chutneys & Pickles,Schezwan Chutney,,"schezwan chutney, schezwan chutneys, schezwan-chutney",1,box,757,205.2,3.3,10.8,17.7,5.7,5.7,2.3,486,1,Meals / Prepared Food,curated,"Salt, Mustard Oil, Spices"
1257,Indian Meals,Chutneys & Pickles,Small Onion Pickle,,"small onion pickle, pyaaz, pyaz, small onion pickles, small-onion-pickle",1,bowl,112.2,16.9,1.6,2.8,0.6,1.1,3,0.1,249,0,Meals / Prepared Food,curated,"Onion, Salt, Mustard Oil, Spices"
1258,Indian Meals,Chutneys & Pickles,Spicy Chutney Sandwich,,"spicy chutney sandwich, spicy chutney sandwiches, spicy-chutney-sandwich",1,sandwich,57.7,249.6,8.7,34,9.6,3.7,4,1.4,315,3,Meals / Prepared Food,curated,"Salt, Mustard Oil, Spices"
1259,Indian Meals,Chutneys & Pickles,Sweet Lemon Pickle,,"sweet lemon pickle, neembu ka meetha achaar, nimbu, sweet lemon pickles, sweet-lemon-pickle",1,serving,100,69.5,1.2,16.9,0.2,2.1,14.6,0.1,6416,0,Meals / Prepared Food,curated,"Lemons, Salt, Mustard Oil, Spices"
1260,Indian Meals,Chutneys & Pickles,Sweet Peach Pickle,,"sweet peach pickle, aadoo ka achaar, sweet peach pickles, sweet-peach-pickle",1,jar,241.5,144.6,0.5,37,0.2,1.3,36.5,0,33,0,Meals / Prepared Food,curated,"Peach, Salt, Mustard Oil, Spices"
1261,Indian Meals,Chutneys & Pickles,Sweet and Sour Tomato Pickle,,"sweet and sour tomato pickle, khatta meetha tamatar ka achaar, sweet and sour tomato pickles, sweet-and-sour-tomato-pickle, tamatar",1,serving,100,60.9,1.3,6.6,3.2,2.2,4.3,0.4,1282,0,Meals / Prepared Food,curated,"Tomato, Salt, Mustard Oil, Spices"
1262,Indian Meals,Chutneys & Pickles,Tamarind Chutney,,"tamarind chutney, chintapandu pachadi/puli chutney, imli, tamarind chutneys, tamarind-chutney",1,ml,100,109.1,0.9,25.1,0.5,1.6,22.8,0.2,76,1,Meals / Prepared Food,curated,"Tamarind, Tamarinds, Salt, Mustard Oil, Spices"
1263,Indian Meals,Chutneys & Pickles,Tomato Chutney,,"tomato chutney, tamatar, tamatar ki chutney, tomato chutneys, tomato-chutney",1,serving,100,176.1,1,31.8,6,1.5,30,0.7,824,0,Meals / Prepared Food,curated,"Tomato, Salt, Mustard Oil, Spices"
1264,Indian Meals,Chutneys & Pickles,Tomato Ginger Chutney,,"tomato ginger chutney, adrak, tamatar, tamatar adarak ki chutney, tomato ginger chutneys, tomato-ginger-chutney",1,tablespoon,16.4,44.7,1,9.1,0.3,2.1,6.3,0.1,209,0,Meals / Prepared Food,curated,"Tomato, Ginger, Salt, Mustard Oil, Spices"
1265,Indian Meals,Chutneys & Pickles,Walnut Chutney,,"walnut chutney, akhrot, akhrot ki chutney, walnut chutneys, walnut-chutney",1,tablespoon,12.4,370.4,9.4,8.9,33.5,3,4.4,3.2,160,3,Meals / Prepared Food,curated,"Walnut, Salt, Mustard Oil, Spices"
1266,Indian Meals,Desserts,Amaranth Ladoo,,"amaranth ladoo, amaranth ladoos, amaranth-ladoo, rajgira ladoo",1,ladoo,43.9,454.1,10.1,51.3,22.7,5.1,19.9,9.1,8,34,Meals / Prepared Food,curated,"Amaranth, Sugar, Ghee (Clarified Butter)"
1267,Indian Meals,Desserts,Apple Crumb Pudding,,"apple crumb pudding, apple crumb puddings, apple-crumb-pudding, seb",1,small plate,98.3,220.9,1.5,35.2,8.9,1.3,27.7,5.4,59,22,Meals / Prepared Food,curated,"Apple, Sugar, Ghee (Clarified Butter)"
1268,Indian Meals,Desserts,Apple Kheer,,"apple kheer, apple kheers, apple-kheer, seb, seb ki kheer",1,bowl,332.7,81.3,2.1,11.3,3.2,0.5,10.7,1.7,16,0,Meals / Prepared Food,curated,"Apple, Sugar, Ghee (Clarified Butter)"
1269,Indian Meals,Desserts,Apple Sago Payasam,,"apple sago payasam, apple sago payasams, apple-sago-payasam, seb, seb aur sabudana ki kheer",1,bowl,331.1,136.5,3.1,14.4,7.7,0.4,10.6,4,39,11,Meals / Prepared Food,curated,"Sabudana (Sago), Apple, Sugar, Ghee (Clarified Butter)"
1270,Indian Meals,Desserts,Atta Dal Burfi,,"atta dal burfi, atta, atta dal burfis, atta-dal-burfi",1,piece,38.7,298.8,6.7,40.6,12.5,4.1,21.1,6.3,4,24,Meals / Prepared Food,curated,"Lentils (Dal), Whole Wheat Flour (Atta), Sugar, Ghee (Clarified Butter)"
1271,Indian Meals,Desserts,Bottle Gourd Burfi,,"bottle gourd burfi, bottle gourd burfis, bottle-gourd-burfi, ghiya, ghiya/lauki burfi, lauki",1,burfi,72.1,276,5.9,24.5,17.7,0.7,23.9,10.8,18,26,Meals / Prepared Food,curated,"Bottle Gourd (Lauki), Gourd, Sugar, Ghee (Clarified Butter)"
1272,Indian Meals,Desserts,Bottle Gourd Kheer,,"bottle gourd kheer, bottle gourd kheers, bottle-gourd-kheer, ghiya, ghiya/lauki kheer, lauki",1,bowl,267.7,84.1,2.7,10,3.9,0.5,9.6,2.1,20,0,Meals / Prepared Food,curated,"Bottle Gourd (Lauki), Gourd, Sugar, Ghee (Clarified Butter)"
1273,Indian Meals,Desserts,Cabbage Kheer,,"cabbage kheer, band gobi, cabbage kheers, cabbage-kheer, patta gobi, pattagobhi ki kheer",1,bowl,254.4,83.5,2.9,9.7,3.8,0.5,9.3,2.2,23,0,Meals / Prepared Food,curated,"Cauliflower, Cabbage, Sugar, Ghee (Clarified Butter)"
1274,Indian Meals,Desserts,Caramel Ice Cream,,"caramel ice cream, caramel ice creams, caramel-ice-cream, malai",1,ice-cream cup,271.5,173.5,4.3,14.8,11.2,0.1,14.5,6.4,33,55,Meals / Prepared Food,curated,"Cream, Sugar, Ghee (Clarified Butter)"
1275,Indian Meals,Desserts,Carrot Halwa,,"carrot halwa, carrot halwas, carrot-halwa, gajar, gajar ka halwa",1,bowl,167.8,172.6,3.1,18.5,9.7,2.7,16.9,5.4,40,15,Meals / Prepared Food,curated,"Carrot, Carrots, Sugar, Ghee (Clarified Butter)"
1276,Indian Meals,Desserts,Carrot Kheer,,"carrot kheer, carrot kheers, carrot-kheer, gajar, gajar ki kheer",1,bowl,254.4,85.3,2.8,10.1,3.9,0.7,9.6,2.2,29,0,Meals / Prepared Food,curated,"Carrot, Carrots, Sugar, Ghee (Clarified Butter)"
1277,Indian Meals,Desserts,Cashewnut Burfi,,"cashewnut burfi, cashewnut burfis, cashewnut-burfi, kaju, kaju burfi/kaju katli",1,burfi,28.7,421.7,5.5,37.9,28.5,1.1,31.4,11.4,4,39,Meals / Prepared Food,curated,"Sugar, Ghee (Clarified Butter)"
1278,Indian Meals,Desserts,Cauliflower Kheer,,"cauliflower kheer, cauliflower kheers, cauliflower-kheer, gobi, phool gobi, phoolgobhi ki kheer",1,bowl,304.4,82,3,8.8,4,0.6,8.5,2.3,25,0,Meals / Prepared Food,curated,"Cauliflower, Sugar, Ghee (Clarified Butter)"
1279,Indian Meals,Desserts,Cheese Pudding,,"cheese pudding, cheese puddings, cheese-pudding",1,large slice,120.5,285,11.3,19.3,18.4,0,18.6,10.6,38,100,Meals / Prepared Food,curated,"Cheese, Sugar, Ghee (Clarified Butter)"
1280,Indian Meals,Desserts,Chocochip Ice Cream,,"chocochip ice cream, chocochip ice creams, chocochip-ice-cream, malai",1,ice cream cup,199.4,241.4,4.2,16.8,17.9,0,16.1,10.8,35,79,Meals / Prepared Food,curated,"Cream, Sugar, Ghee (Clarified Butter)"
1281,Indian Meals,Desserts,Chocolate Burfi,,"chocolate burfi, chocolate burfis, chocolate-burfi",1,burfi,32.5,339.3,13,33.2,17.9,0,32.4,11.1,39,4,Meals / Prepared Food,curated,"Sugar, Ghee (Clarified Butter)"
1282,Indian Meals,Desserts,Chocolate Ice Cream,,"chocolate ice cream, chocolate ice creams, chocolate-ice-cream, malai",1,ice-cream cup,371,177.7,4.5,15.4,11.2,0,15.3,6.6,37,68,Meals / Prepared Food,curated,"Cream, Sugar, Ghee (Clarified Butter)"
1283,Indian Meals,Desserts,Choconut Ice Cream,,"choconut ice cream, choconut ice creams, choconut-ice-cream, malai",1,sundae glass,240.5,274,5,23.1,18.5,0.5,21,9.2,30,66,Meals / Prepared Food,curated,"Cream, Sugar, Ghee (Clarified Butter)"
1284,Indian Meals,Desserts,Coconut Burfi,,"coconut burfi, coconut burfis, coconut-burfi, nariyal, nariyal ki burfi",1,burfi,56.7,467.6,8.8,32.2,34.6,3.5,31.5,22.1,28,29,Meals / Prepared Food,curated,"Coconut, Sugar, Ghee (Clarified Butter)"
1285,Indian Meals,Desserts,Coconut Kheer,,"coconut kheer, coconut kheers, coconut-kheer, nariyal, nariyal ki kheer",1,bowl,650.4,162.6,3.4,14.4,10.5,1.5,13.7,5.2,46,3,Meals / Prepared Food,curated,"Coconut, Sugar, Ghee (Clarified Butter)"
1286,Indian Meals,Desserts,Danedar Burfi,,"danedar burfi, danedar burfis, danedar-burfi",1,piece,139.7,102.7,3.2,12.3,4.7,0.1,12,2.5,23,0,Meals / Prepared Food,curated,"Sugar, Ghee (Clarified Butter)"
1287,Indian Meals,Desserts,Egg Halwa,,"egg halwa, anda, ande ka halwa, egg halwas, egg-halwa",1,bowl,96.5,299.7,7.9,39.6,13.4,0.5,37.9,5.5,83,205,Meals / Prepared Food,curated,"Egg, Sugar, Ghee (Clarified Butter)"
1288,Indian Meals,Desserts,Fruit Ice Cream,,"fruit ice cream, fruit ice creams, fruit-ice-cream, malai, phalon ka ice cream",1,ice-cream cup,321.3,171.5,4.4,16.1,10.4,0.3,14,5.4,39,17,Meals / Prepared Food,curated,"Cream, Sugar, Ghee (Clarified Butter)"
1289,Indian Meals,Desserts,Gram Flour Burfi,,"gram flour burfi, besan, besan burfi, gram flour burfis, gram-flour-burfi",1,burfi,38.3,421.8,11.2,46.6,22.4,3.4,28.4,12.7,13,40,Meals / Prepared Food,curated,"Chickpeas (Chana), Sugar, Ghee (Clarified Butter)"
1290,Indian Meals,Desserts,Gram Flour Halwa,,"gram flour halwa, besan, besan halwa, gram flour halwas, gram-flour-halwa",1,piece,148.5,276.8,5.9,25.8,17.3,1.8,15.8,9.6,15,33,Meals / Prepared Food,curated,"Chickpeas (Chana), Sugar, Ghee (Clarified Butter)"
1291,Indian Meals,Desserts,Gram Flour Ladoo,,"gram flour ladoo, besan, besan ladoo, gram flour ladoos, gram-flour-ladoo",1,ladoo,35.3,476.9,8.9,62.6,22.8,4.4,37.8,12.7,5,52,Meals / Prepared Food,curated,"Chickpeas (Chana), Sugar, Ghee (Clarified Butter)"
1292,Indian Meals,Desserts,Gulab Jamun with Khoya,,"gulab jamun with khoya, gulab jamun with khoyas, gulab-jamun-with-khoya",1,gulab jamun,156.7,586.1,2,26.1,53.2,0.1,24.1,7.5,15,0,Meals / Prepared Food,curated,"Sugar, Ghee (Clarified Butter)"
1293,Indian Meals,Desserts,Gulab Jamun with Milk Powder,,"gulab jamun with milk powder, doodh, gulab jamun with milk powders, gulab-jamun-with-milk-powder",1,piece,301.9,471.2,0.9,28.2,40.2,0,27,5,67,1,Meals / Prepared Food,curated,"Milk, Sugar, Ghee (Clarified Butter)"
1294,Indian Meals,Desserts,Khoa Coconut Burfi,,"khoa coconut burfi, khoa coconut burfis, khoa-coconut-burfi, nariyal",1,piece,50.3,411.5,10,36.5,26,4.1,35.6,17.2,31,0,Meals / Prepared Food,curated,"Coconut, Sugar, Ghee (Clarified Butter)"
1295,Indian Meals,Desserts,Khoa Ladoo,,"khoa ladoo, khoa ladoos, khoa-ladoo",1,piece,45,396,12.2,34.4,24.1,3.1,33.4,12.4,32,0,Meals / Prepared Food,curated,"Sugar, Ghee (Clarified Butter)"
1296,Indian Meals,Desserts,Kiwi Granola Pudding,,"kiwi granola pudding, kiwi granola puddings, kiwi-granola-pudding",1,bowl,524,281,5.6,32.3,15.4,3.7,15.1,5.7,59,20,Meals / Prepared Food,curated,"Sugar, Ghee (Clarified Butter)"
1297,Indian Meals,Desserts,Kulfi,,"kulfi, kulfis",1,kulfi,270.1,98.4,3.2,11.3,4.7,0.1,10.4,2.5,24,0,Meals / Prepared Food,curated,"Sugar, Ghee (Clarified Butter)"
1298,Indian Meals,Desserts,Lotus Seed Halwa,,"lotus seed halwa, kamal gattay ka halwa, lotus seed halwas, lotus-seed-halwa",1,piece,362.5,370.5,7.8,39.6,20.7,0.4,9.8,11,3,45,Meals / Prepared Food,curated,"Lotus Seeds, Sugar, Ghee (Clarified Butter)"
1299,Indian Meals,Desserts,Makhana Kheer,,"makhana kheer, makhana kheers, makhana-kheer",1,bowl,278.1,107.8,3.3,12.9,5,0.1,11.5,2.9,23,2,Meals / Prepared Food,curated,"Sugar, Ghee (Clarified Butter)"
1300,Indian Meals,Desserts,Mango Ice Cream,,"mango ice cream, aam, malai, mango ice creams, mango-ice-cream",1,ice-cream cup,456,125.7,3.4,11.1,7.6,0.5,11,4.4,29,55,Meals / Prepared Food,curated,"Mango, Cream, Sugar, Ghee (Clarified Butter)"
1301,Indian Meals,Desserts,Moong Dal Halwa,,"moong dal halwa, moong dal, moong dal halwas, moong-dal-halwa",1,bowl,95.4,349.8,8.4,40.2,17.7,2.6,25.6,10.4,11,35,Meals / Prepared Food,curated,"Moong Dal (Split Mung Bean), Lentils (Dal), Sugar, Ghee (Clarified Butter)"
1302,Indian Meals,Desserts,Moong Dal Kheer,,"moong dal kheer, moong dal, moong dal kheers, moong-dal-kheer",1,bowl,405.4,77.2,3,9.9,3,0.4,7.9,1.7,16,0,Meals / Prepared Food,curated,"Moong Dal (Split Mung Bean), Lentils (Dal), Sugar, Ghee (Clarified Butter)"
1303,Indian Meals,Desserts,Oats Burfi,,"oats burfi, jai, oats burfis, oats-burfi",1,piece,60.2,425.2,8.9,62.5,17.3,5,32.9,5.1,8,10,Meals / Prepared Food,curated,"Oats, Sugar, Ghee (Clarified Butter)"
1304,Indian Meals,Desserts,Paneer Kheer,,"paneer kheer, paneer, paneer kheers, paneer-kheer",1,bowl,289.4,105.3,4.5,10,5.4,0.1,9.9,3.1,24,0,Meals / Prepared Food,curated,"Paneer (Cottage Cheese), Sugar, Ghee (Clarified Butter)"
1305,Indian Meals,Desserts,Paushtik Ladoo,,"paushtik ladoo, paushtik ladoos, paushtik-ladoo",1,ladoo,35,485.9,7.7,60.3,25,4.6,38.1,13.2,6,53,Meals / Prepared Food,curated,"Sugar, Ghee (Clarified Butter)"
1306,Indian Meals,Desserts,Peach Melba Ice Cream,,"peach melba ice cream, malai, peach melba ice creams, peach-melba-ice-cream",1,sundae glass,229.1,200.8,2.1,16.3,14.5,0.1,13.4,8.9,18,33,Meals / Prepared Food,curated,"Cream, Peach, Sugar, Ghee (Clarified Butter)"
1307,Indian Meals,Desserts,Peanut Burfi,,"peanut burfi, moongfali ki burfi, moongphali, mungfali, peanut burfis, peanut-burfi",1,burfi,21.2,551,9.3,48.1,36.8,4.1,43.1,5.8,7,0,Meals / Prepared Food,curated,"Peanuts, Sugar, Ghee (Clarified Butter)"
1308,Indian Meals,Desserts,Pearl Millet Ladoo,,"pearl millet ladoo, bajra, bajra ladoo, pearl millet ladoos, pearl-millet-ladoo",1,ladoo,47.5,319.7,9.6,51,8.1,6,27.4,1.5,12,0,Meals / Prepared Food,curated,"Millet, Sugar, Ghee (Clarified Butter)"
1309,Indian Meals,Desserts,Pineapple Upside Down Pudding,,"pineapple upside down pudding, ananas, pineapple upside down puddings, pineapple-upside-down-pudding",1,large slice,133.6,257.7,3.1,35.7,11.9,0.8,22.2,7.2,75,62,Meals / Prepared Food,curated,"Pineapple, Sugar, Ghee (Clarified Butter)"
1310,Indian Meals,Desserts,Plain Burfi,,"plain burfi, burfi, plain burfis, plain-burfi",1,burfi,43.6,408.3,9.8,30.9,28,0.2,30.4,16.7,32,38,Meals / Prepared Food,curated,"Sugar, Ghee (Clarified Butter)"
1311,Indian Meals,Desserts,Potato Halwa,,"potato halwa, aloo, aloo ka halwa, potato halwas, potato-halwa",1,bowl,158,151.7,1.5,29.2,3.5,1.6,17.4,1.6,4,6,Meals / Prepared Food,curated,"Potato, Sugar, Ghee (Clarified Butter)"
1312,Indian Meals,Desserts,Pumpkin Coconut Burfi,,"pumpkin coconut burfi, kaddu, kaddu aur nariyal ki burfi, kohla, nariyal, pumpkin coconut burfis, pumpkin-coconut-burfi",1,piece,60.1,186.2,1.8,17,12.7,4.3,16.1,8.4,9,5,Meals / Prepared Food,curated,"Pumpkin, Coconut, Sugar, Ghee (Clarified Butter)"
1313,Indian Meals,Desserts,Pumpkin Halwa,,"pumpkin halwa, kaddu, kaddu ka halwa, kohla, pumpkin halwas, pumpkin-halwa",1,bowl,155,190.3,1.3,27.6,8.8,3,26.6,5.1,8,10,Meals / Prepared Food,curated,"Pumpkin, Sugar, Ghee (Clarified Butter)"
1314,Indian Meals,Desserts,Pumpkin Kheer,,"pumpkin kheer, kaddu, kaddu ki kheer, kohla, pumpkin kheers, pumpkin-kheer",1,bowl,267.7,86.4,2.8,10.4,3.9,0.6,10.1,2.1,21,0,Meals / Prepared Food,curated,"Pumpkin, Sugar, Ghee (Clarified Butter)"
1315,Indian Meals,Desserts,Queen of Pudding,,"queen of pudding, queen of puddings, queen-of-pudding",1,large slice,325.7,132.9,5.5,16.3,5.4,0.3,11.8,2.8,86,61,Meals / Prepared Food,curated,"Sugar, Ghee (Clarified Butter)"
1316,Indian Meals,Desserts,Rasgulla,,"rasgulla, rasgullas",1,piece,341.7,118.6,1.4,25.8,1.7,0,25.4,1.1,15,0,Meals / Prepared Food,curated,"Sugar, Ghee (Clarified Butter)"
1317,Indian Meals,Desserts,Semolina Burfi,,"semolina burfi, rava, semolina burfis, semolina-burfi, suji, suji/rava burfi",1,piece,46.8,348.7,3.5,47.1,16.9,2.8,28.7,9.5,8,39,Meals / Prepared Food,curated,"Semolina (Rava/Sooji), Sugar, Ghee (Clarified Butter)"
1318,Indian Meals,Desserts,Semolina Halwa,,"semolina halwa, rava, semolina halwas, semolina-halwa, suji, suji ka halwa",1,bowl,159.6,225.6,2.2,24.7,13.4,1.9,14,7.4,1,31,Meals / Prepared Food,curated,"Semolina (Rava/Sooji), Sugar, Ghee (Clarified Butter)"
1319,Indian Meals,Desserts,Semolina Kheer,,"semolina kheer, rava, semolina kheers, semolina-kheer, suji, suji/rava kheer",1,bowl,230.4,113.2,3.4,15.9,4.2,0.5,12.9,2.4,23,0,Meals / Prepared Food,curated,"Semolina (Rava/Sooji), Sugar, Ghee (Clarified Butter)"
1320,Indian Meals,Desserts,Semolina Ladoo with Coconut,,"semolina ladoo with coconut, nariyal, rava, semolina ladoo with coconuts, semolina-ladoo-with-coconut, suji, suji/rava aur nariyal ke ladoo",1,ladoo,36.4,464.4,5.7,50.9,27,6.7,27.3,17.1,9,34,Meals / Prepared Food,curated,"Coconut, Semolina (Rava/Sooji), Sugar, Ghee (Clarified Butter)"
1321,Indian Meals,Desserts,Semolina Ladoo with Khoya,,"semolina ladoo with khoya, rava, semolina ladoo with khoyas, semolina-ladoo-with-khoya, suji, suji/rava aur khoye ke ladoo",1,ladoo,29.4,428.7,6.7,52.9,21.9,4.7,33.3,13.5,14,28,Meals / Prepared Food,curated,"Semolina (Rava/Sooji), Sugar, Ghee (Clarified Butter)"
1322,Indian Meals,Desserts,Semolina Ladoo with Nuts,,"semolina ladoo with nuts, rava, semolina ladoo with nut, semolina ladoo with nutses, semolina-ladoo-with-nuts, suji, suji/rava ladoo with nuts",1,piece,31.4,441.8,5.4,48,25.5,4.3,19.8,14.3,4,59,Meals / Prepared Food,curated,"Semolina (Rava/Sooji), Sugar, Ghee (Clarified Butter)"
1323,Indian Meals,Desserts,Sesame Ladoo,,"sesame ladoo, sesame ladoos, sesame-ladoo, til, til ke ladoo",1,ladoo,27.5,397,10.7,43.5,19.6,7.7,38.6,3,19,0,Meals / Prepared Food,curated,"Sugar, Ghee (Clarified Butter)"
1324,Indian Meals,Desserts,Shahi Suji Halwa,,"shahi suji halwa, shahi suji halwas, shahi-suji-halwa",1,bowl,98.3,382.3,3.5,44.4,21.7,3,27.2,12,2,50,Meals / Prepared Food,curated,"Sugar, Ghee (Clarified Butter)"
1325,Indian Meals,Desserts,Snow Flakes Pudding,,"snow flakes pudding, snow flakes puddings, snow-flakes-pudding",1,bowl,318,95.2,4.7,8.1,5,0,8,2.6,40,58,Meals / Prepared Food,curated,"Sugar, Ghee (Clarified Butter)"
1326,Indian Meals,Desserts,Spinach Burfi,,"spinach burfi, palak, palak burfi, spinach burfis, spinach-burfi",1,piece,87.1,121.2,2.7,12.8,6.8,1.2,12.1,4.2,28,6,Meals / Prepared Food,curated,"Spinach, Sugar, Ghee (Clarified Butter)"
1327,Indian Meals,Desserts,Spinach Peanut Burfi,,"spinach peanut burfi, moongphali, mungfali, palak, palak aur mungfali ki burfi, spinach peanut burfis, spinach-peanut-burfi",1,serving,240,105.4,3.4,13.6,4.4,2.1,11.5,0.9,20,0,Meals / Prepared Food,curated,"Spinach, Peanuts, Sugar, Ghee (Clarified Butter)"
1328,Indian Meals,Desserts,Split Bengal Gram Burfi/fudge,,"split bengal gram burfi/fudge, channa dal burfi, split bengal gram burfi/fudges, split-bengal-gram-burfi/fudge",1,piece,61.2,287.4,4.6,54.6,7.1,2.1,43.4,3.7,3,15,Meals / Prepared Food,curated,"Lentils (Dal), Sugar, Ghee (Clarified Butter)"
1329,Indian Meals,Desserts,Strawberry Ice Cream,,"strawberry ice cream, malai, strawberry ice creams, strawberry-ice-cream",1,ice cream cup,181.9,215.6,4.2,12.3,17,0,11.6,10.2,38,86,Meals / Prepared Food,curated,"Cream, Strawberries, Sugar, Ghee (Clarified Butter)"
1330,Indian Meals,Desserts,Triffle Pudding,,"triffle pudding, triffle puddings, triffle-pudding",1,bowl,292.2,117,2.9,18.2,3.9,0.1,13.9,2.2,27,37,Meals / Prepared Food,curated,"Sugar, Ghee (Clarified Butter)"
1331,Indian Meals,Desserts,Vanilla Ice Cream Without Egg,,"vanilla ice cream without egg, anda, malai, vanilla ice cream without eggs, vanilla-ice-cream-without-egg",1,ice cream cup,157.4,228.7,2.7,14.2,18.1,0,13.5,11.3,24,42,Meals / Prepared Food,curated,"Egg, Cream, Sugar, Ghee (Clarified Butter)"
1332,Indian Meals,Desserts,Vanilla Ice Cream with Apples in Hot Cherry Sauce,,"vanilla ice cream with apples in hot cherry sauce, malai, vanilla ice cream with apples in hot cherry sauces, vanilla-ice-cream-with-apples-in-hot-cherry-sauce",1,dish,250.9,196.3,1.7,22.8,11.5,0.3,14.2,7.1,32,26,Meals / Prepared Food,curated,"Cream, Cherries, Sugar, Ghee (Clarified Butter)"
1333,Indian Meals,Desserts,Vanilla Ice Cream with Egg,,"vanilla ice cream with egg, anda, malai, vanilla ice cream with eggs, vanilla-ice-cream-with-egg",1,ice cream cup,181.1,214.9,4.2,11.7,17,0,11.7,10.2,38,87,Meals / Prepared Food,curated,"Egg, Cream, Sugar, Ghee (Clarified Butter)"
1334,Indian Meals,Desserts,Vermicelli Kheer,,"vermicelli kheer, semiya/seviyan ki kheer, vermicelli kheers, vermicelli-kheer",1,bowl,232.4,120.1,3.4,15.9,5,0.5,12.8,2.9,23,2,Meals / Prepared Food,curated,"Vermicelli, Sugar, Ghee (Clarified Butter)"
1335,Indian Meals,Desserts,Wheat Flour and Moong Dal Burfi,,"wheat flour and moong dal burfi, atta, atta aur moong dal ki burfi, gehun, moong dal, wheat flour and moong dal burfis, wheat-flour-and-moong-dal-burfi",1,piece,26.3,441.1,9.8,60,18.4,6,31.1,9.2,5,35,Meals / Prepared Food,curated,"Moong Dal (Split Mung Bean), Lentils (Dal), Whole Wheat Flour (Atta), Wheat Flour, Wheat, Sugar, Ghee (Clarified Butter)"
1336,Indian Meals,Desserts,Wheat Flour and Nuts Ladoos,,"wheat flour and nuts ladoos, atta, atta nuts ladoos, gehun, wheat flour and nuts ladoo, wheat flour and nuts ladooses, wheat-flour-and-nuts-ladoos",1,ladoo,36.2,391.9,9.5,44.3,19.2,7.3,15.9,7.7,8,25,Meals / Prepared Food,curated,"Whole Wheat Flour (Atta), Wheat Flour, Wheat, Sugar, Ghee (Clarified Butter)"
1337,Indian Meals,Desserts,Wheat and Gram Flour Ladoo,,"wheat and gram flour ladoo, atta besan ladoo, besan, gehun, wheat and gram flour ladoos, wheat-and-gram-flour-ladoo",1,piece,30.2,501.7,9.4,50.5,29.9,6,18.5,15.3,27,61,Meals / Prepared Food,curated,"Chickpeas (Chana), Whole Wheat Flour (Atta), Wheat, Sugar, Ghee (Clarified Butter)"
1338,Indian Meals,Non-Vegetarian Mains,Afghani Chicken,,"afghani chicken, afghani chickens, afghani-chicken, murgi",1,plate,189.7,151.5,15.7,1.9,9.1,0.3,0.8,1.2,87,42,Meals / Prepared Food,curated,"Chicken, Onion, Tomato, Garlic, Ginger, Cooking Oil, Turmeric, Red Chili Powder, Coriander Powder, Cumin, Salt"
1339,Indian Meals,Non-Vegetarian Mains,Baked Egg,,"baked egg, anda, baked eggs, baked-egg",1,egg,101,218.8,11.9,15.4,12.7,1,1.7,6.2,523,204,Meals / Prepared Food,curated,"Egg, Onion, Tomato, Garlic, Ginger, Cooking Oil, Turmeric, Red Chili Powder, Coriander Powder, Cumin, Salt"
1340,Indian Meals,Non-Vegetarian Mains,Baked Eggs in Tomato Sauce,,"baked eggs in tomato sauce, anda, baked eggs in tomato sauces, baked-eggs-in-tomato-sauce, tamatar",1,plate,497.5,80,4.9,3.8,5.2,0,2,1.4,188,77,Meals / Prepared Food,curated,"Egg, Tomato, Onion, Garlic, Ginger, Cooking Oil, Turmeric, Red Chili Powder, Coriander Powder, Cumin, Salt"
1341,Indian Meals,Non-Vegetarian Mains,Baked Fish with Cheese Sauce,,"baked fish with cheese sauce, baked fish with cheese sauces, baked-fish-with-cheese-sauce, machli",1,bowl,353.8,114,8.6,4.1,7,0.1,3.2,4.2,209,21,Meals / Prepared Food,curated,"Fish, Cheese, Onion, Tomato, Garlic, Ginger, Cooking Oil, Turmeric, Red Chili Powder, Coriander Powder, Cumin, Salt"
1342,Indian Meals,Non-Vegetarian Mains,Baked Stuffed Fish,,"baked stuffed fish, baked stuffed fishes, baked-stuffed-fish, machli",1,fish,608.5,122,16.1,2.1,5.4,0.4,0.3,2.9,74,37,Meals / Prepared Food,curated,"Fish, Onion, Tomato, Garlic, Ginger, Cooking Oil, Turmeric, Red Chili Powder, Coriander Powder, Cumin, Salt"
1343,Indian Meals,Non-Vegetarian Mains,Bengal Fish Curry,,"bengal fish curry, bengal fish curries, bengal-fish-curry, bengali machli curry, machli",1,bowl,310.5,109.4,7.3,4.4,7,1.9,2.4,1.6,76,14,Meals / Prepared Food,curated,"Fish, Onion, Tomato, Garlic, Ginger, Cooking Oil, Turmeric, Red Chili Powder, Coriander Powder, Cumin, Salt"
1344,Indian Meals,Non-Vegetarian Mains,Boiled Egg,,"boiled egg, anda, boiled eggs, boiled-egg, ubla anda",1,egg,151,45.4,4.4,0.1,3,0.1,0,1,171,121,Meals / Prepared Food,curated,"Egg, Onion, Tomato, Garlic, Ginger, Cooking Oil, Turmeric, Red Chili Powder, Coriander Powder, Cumin, Salt"
1345,Indian Meals,Non-Vegetarian Mains,Boti Kebab,,"boti kebab, boti kebabs, boti-kebab",1,kebab,54.7,132.9,9.2,3.1,9.3,0.8,2.1,0.6,78,1,Meals / Prepared Food,curated,"Onion, Tomato, Garlic, Ginger, Cooking Oil, Turmeric, Red Chili Powder, Coriander Powder, Cumin, Salt"
1346,Indian Meals,Non-Vegetarian Mains,Broccoli Chicken Ala King,,"broccoli chicken ala king, broccoli chicken ala kings, broccoli-chicken-ala-king, murgi",1,bowl,236.1,119.6,8,5.3,7.6,1.9,2.5,3.6,104,28,Meals / Prepared Food,curated,"Chicken, Broccoli, Onion, Tomato, Garlic, Ginger, Cooking Oil, Turmeric, Red Chili Powder, Coriander Powder, Cumin, Salt"
1347,Indian Meals,Non-Vegetarian Mains,Butter Chicken,,"butter chicken, butter chickens, butter-chicken, makhan, murgi",1,large piece,275.2,137,10.9,3.7,8.7,1.3,2.4,3,26,39,Meals / Prepared Food,curated,"Chicken, Butter, Onion, Tomato, Garlic, Ginger, Cooking Oil, Turmeric, Red Chili Powder, Coriander Powder, Cumin, Salt"
1348,Indian Meals,Non-Vegetarian Mains,Cajun Chicken,,"cajun chicken, cajun chickens, cajun-chicken, murgi",1,chicken breast,167.5,184.9,12.7,1.9,14,0.9,1.1,5.1,1740,39,Meals / Prepared Food,curated,"Chicken, Onion, Tomato, Garlic, Ginger, Cooking Oil, Turmeric, Red Chili Powder, Coriander Powder, Cumin, Salt"
1349,Indian Meals,Non-Vegetarian Mains,Chicken Chowmein,,"chicken chowmein, chicken chowmeins, chicken-chowmein, murgi",1,plate,344.3,151.3,6.3,13.3,8.2,1.6,1.6,1,288,11,Meals / Prepared Food,curated,"Chicken, Onion, Tomato, Garlic, Ginger, Cooking Oil, Turmeric, Red Chili Powder, Coriander Powder, Cumin, Salt"
1350,Indian Meals,Non-Vegetarian Mains,Chicken Consomme,,"chicken consomme, chicken consommes, chicken-consomme, clear chicken soup, murgi",1,soup bowl,225.9,47.9,11.5,1.2,12,1.6,0.5,0.8,8954,17,Meals / Prepared Food,curated,"Chicken, Onion, Tomato, Garlic, Ginger, Cooking Oil, Turmeric, Red Chili Powder, Coriander Powder, Cumin, Salt"
1351,Indian Meals,Non-Vegetarian Mains,Chicken Curry,,"chicken curry, chicken curries, chicken-curry, murgi",1,bowl,247.9,129.2,11.8,3.4,7.6,1.4,1.8,0.8,108,31,Meals / Prepared Food,curated,"Chicken, Onion, Tomato, Garlic, Ginger, Cooking Oil, Turmeric, Red Chili Powder, Coriander Powder, Cumin, Salt"
1352,Indian Meals,Non-Vegetarian Mains,Chicken Kebab,,"chicken kebab, chicken kebabs, chicken-kebab, murgi",1,kabab,123.9,729.4,3.7,1.1,78.9,0.2,0.2,9.4,70,10,Meals / Prepared Food,curated,"Chicken, Onion, Tomato, Garlic, Ginger, Cooking Oil, Turmeric, Red Chili Powder, Coriander Powder, Cumin, Salt"
1353,Indian Meals,Non-Vegetarian Mains,Chicken Korma,,"chicken korma, chicken kormas, chicken-korma, murgi",1,bowl,347,148,9.8,5.4,9.7,1.8,3.3,1.9,119,24,Meals / Prepared Food,curated,"Chicken, Onion, Tomato, Garlic, Ginger, Cooking Oil, Turmeric, Red Chili Powder, Coriander Powder, Cumin, Salt"
1354,Indian Meals,Non-Vegetarian Mains,Chicken Lasagne,,"chicken lasagne, chicken lasagnes, chicken-lasagne, murgi",1,plate,514.5,187.5,10.5,13.9,10.4,0.1,2.7,5.1,239,50,Meals / Prepared Food,curated,"Chicken, Onion, Tomato, Garlic, Ginger, Cooking Oil, Turmeric, Red Chili Powder, Coriander Powder, Cumin, Salt"
1355,Indian Meals,Non-Vegetarian Mains,Chicken Manchurian,,"chicken manchurian, chicken manchurians, chicken-manchurian, murgi",1,plate,444.7,142.3,9.5,6.1,12,0.4,0.9,1.2,2415,38,Meals / Prepared Food,curated,"Chicken, Onion, Tomato, Garlic, Ginger, Cooking Oil, Turmeric, Red Chili Powder, Coriander Powder, Cumin, Salt"
1356,Indian Meals,Non-Vegetarian Mains,Chicken Stew,,"chicken stew, chicken stews, chicken-stew, murgi",1,bowl,296.9,127.5,7.2,4.4,8.9,1.8,1.4,2,80,32,Meals / Prepared Food,curated,"Chicken, Onion, Tomato, Garlic, Ginger, Cooking Oil, Turmeric, Red Chili Powder, Coriander Powder, Cumin, Salt"
1357,Indian Meals,Non-Vegetarian Mains,Chicken Sweet and Sour,,"chicken sweet and sour, chicken sweet and sours, chicken-sweet-and-sour, murgi",1,bowl,561.6,445.1,6.9,2.7,47.6,0.6,0.9,5.6,1810,32,Meals / Prepared Food,curated,"Chicken, Onion, Tomato, Garlic, Ginger, Cooking Oil, Turmeric, Red Chili Powder, Coriander Powder, Cumin, Salt"
1358,Indian Meals,Non-Vegetarian Mains,Chicken Walnut Sandwich,,"chicken walnut sandwich, akhrot, chicken aur akhrot ke sandwich, chicken walnut sandwiches, chicken-walnut-sandwich, murgi",1,sandwich,66.6,285.8,12.6,22.6,16.8,1.5,1.8,1.3,287,32,Meals / Prepared Food,curated,"Chicken, Walnut, Onion, Tomato, Garlic, Ginger, Cooking Oil, Turmeric, Red Chili Powder, Coriander Powder, Cumin, Salt"
1359,Indian Meals,Non-Vegetarian Mains,Chicken Yakhni,,"chicken yakhni, chicken yakhnis, chicken-yakhni, murgi",1,bowl,252.2,99,10.7,0.8,6.1,0.6,0.1,0.6,97,29,Meals / Prepared Food,curated,"Chicken, Onion, Tomato, Garlic, Ginger, Cooking Oil, Turmeric, Red Chili Powder, Coriander Powder, Cumin, Salt"
1360,Indian Meals,Non-Vegetarian Mains,Chicken and Cheese Souffle,,"chicken and cheese souffle, chicken and cheese souffles, chicken-and-cheese-souffle, murgi",1,souffle dish,195.5,182.4,9.1,3.5,14.7,0.3,2.5,7.7,121,89,Meals / Prepared Food,curated,"Chicken, Cheese, Onion, Tomato, Garlic, Ginger, Cooking Oil, Turmeric, Red Chili Powder, Coriander Powder, Cumin, Salt"
1361,Indian Meals,Non-Vegetarian Mains,Chicken and Corn Open Sandwich,,"chicken and corn open sandwich, bhutta, chicken and corn open sandwiches, chicken-and-corn-open-sandwich, makka, murgi",1,sandwich,108.4,188.2,8.6,19.2,8.8,1.7,2.5,3.9,227,32,Meals / Prepared Food,curated,"Chicken, Corn, Onion, Tomato, Garlic, Ginger, Cooking Oil, Turmeric, Red Chili Powder, Coriander Powder, Cumin, Salt"
1362,Indian Meals,Non-Vegetarian Mains,Chicken and Tomato Towers,,"chicken and tomato towers, chicken and tomato tower, chicken and tomato towerses, chicken-and-tomato-towers, murgi, tamatar",1,stuffed tomato,264.1,100.6,6.9,2.4,7,1.1,1.2,0.6,76,21,Meals / Prepared Food,curated,"Chicken, Tomato, Onion, Garlic, Ginger, Cooking Oil, Turmeric, Red Chili Powder, Coriander Powder, Cumin, Salt"
1363,Indian Meals,Non-Vegetarian Mains,Chilli Chicken,,"chilli chicken, chilli chickens, chilli-chicken, murgi",1,bowl,386.8,198.8,9.6,2.9,16.6,1,0.9,1.9,224,24,Meals / Prepared Food,curated,"Chicken, Onion, Tomato, Garlic, Ginger, Cooking Oil, Turmeric, Red Chili Powder, Coriander Powder, Cumin, Salt"
1364,Indian Meals,Non-Vegetarian Mains,Creamy Chicken,,"creamy chicken, creamy chickens, creamy-chicken, murgi",1,bowl,217.4,152.9,13.5,3.1,9.6,0.7,2.1,1.9,97,39,Meals / Prepared Food,curated,"Chicken, Onion, Tomato, Garlic, Ginger, Cooking Oil, Turmeric, Red Chili Powder, Coriander Powder, Cumin, Salt"
1365,Indian Meals,Non-Vegetarian Mains,Crispy Baked Fish,,"crispy baked fish, crispy baked fishes, crispy-baked-fish, machli",1,casserole dish,283,138.4,11,9.6,6.4,1.2,1.5,3.5,192,29,Meals / Prepared Food,curated,"Fish, Onion, Tomato, Garlic, Ginger, Cooking Oil, Turmeric, Red Chili Powder, Coriander Powder, Cumin, Salt"
1366,Indian Meals,Non-Vegetarian Mains,Deviled Egg,,"deviled egg, anda, deviled eggs, deviled-egg",1,egg,159.7,98.6,5,2.2,7.7,1.2,0.8,1.3,117,118,Meals / Prepared Food,curated,"Egg, Onion, Tomato, Garlic, Ginger, Cooking Oil, Turmeric, Red Chili Powder, Coriander Powder, Cumin, Salt"
1367,Indian Meals,Non-Vegetarian Mains,Egg Curry,,"egg curry, anda, anda curry, egg curries, egg-curry",1,bowl,151.6,117.5,5.4,4,8.8,2.1,1.9,1.7,142,121,Meals / Prepared Food,curated,"Egg, Onion, Tomato, Garlic, Ginger, Cooking Oil, Turmeric, Red Chili Powder, Coriander Powder, Cumin, Salt"
1368,Indian Meals,Non-Vegetarian Mains,Egg Sandwich,,"egg sandwich, anda, ande ka sandwich, egg sandwiches, egg-sandwich",1,triangle,50.8,286,8.7,29.2,15.8,1.9,1.9,8.4,462,122,Meals / Prepared Food,curated,"Egg, Onion, Tomato, Garlic, Ginger, Cooking Oil, Turmeric, Red Chili Powder, Coriander Powder, Cumin, Salt"
1369,Indian Meals,Non-Vegetarian Mains,Egg Sauce,,"egg sauce, anda, egg sauces, egg-sauce",1,serving,100,146.9,6,5.9,11.1,0.1,3.2,6.2,52,111,Meals / Prepared Food,curated,"Egg, Onion, Tomato, Garlic, Ginger, Cooking Oil, Turmeric, Red Chili Powder, Coriander Powder, Cumin, Salt"
1370,Indian Meals,Non-Vegetarian Mains,Egg and Tomato Sandwich,,"egg and tomato sandwich, anda, ande aur tamatar ka sandwich, egg and tomato sandwiches, egg-and-tomato-sandwich, tamatar",1,triangle,59.5,222.1,7.7,25.9,10.5,1.8,2.1,5.2,423,96,Meals / Prepared Food,curated,"Egg, Tomato, Onion, Garlic, Ginger, Cooking Oil, Turmeric, Red Chili Powder, Coriander Powder, Cumin, Salt"
1371,Indian Meals,Non-Vegetarian Mains,Egg in a Pepper,,"egg in a pepper, anda, egg in a peppers, egg-in-a-pepper",1,egg,582,128.8,12.6,0.2,8.7,0.2,0,2.8,184,346,Meals / Prepared Food,curated,"Egg, Onion, Tomato, Garlic, Ginger, Cooking Oil, Turmeric, Red Chili Powder, Coriander Powder, Cumin, Salt"
1372,Indian Meals,Non-Vegetarian Mains,Fish Curry,,"fish curry, fish curries, fish-curry, machli, machli curry",1,bowl,254,111.1,8.8,3.8,6.7,1.9,2,1.6,185,19,Meals / Prepared Food,curated,"Fish, Onion, Tomato, Garlic, Ginger, Cooking Oil, Turmeric, Red Chili Powder, Coriander Powder, Cumin, Salt"
1373,Indian Meals,Non-Vegetarian Mains,Fish Finger,,"fish finger, fish fingers, fish-finger, machli",1,fillet,443.6,542.9,5.7,4.5,55.8,0.3,0.2,7.3,104,30,Meals / Prepared Food,curated,"Fish, Onion, Tomato, Garlic, Ginger, Cooking Oil, Turmeric, Red Chili Powder, Coriander Powder, Cumin, Salt"
1374,Indian Meals,Non-Vegetarian Mains,Fish Orly,,"fish orly, fish orlies, fish-orly, machli",1,fillet,294,563.7,5.9,4.3,58.2,0.3,0.2,7.6,136,12,Meals / Prepared Food,curated,"Fish, Onion, Tomato, Garlic, Ginger, Cooking Oil, Turmeric, Red Chili Powder, Coriander Powder, Cumin, Salt"
1375,Indian Meals,Non-Vegetarian Mains,Fish Souffle,,"fish souffle, fish souffles, fish-souffle, machli",1,dish,295.3,139.7,10.5,5.1,8.5,0.2,2.1,4.6,92,85,Meals / Prepared Food,curated,"Fish, Onion, Tomato, Garlic, Ginger, Cooking Oil, Turmeric, Red Chili Powder, Coriander Powder, Cumin, Salt"
1376,Indian Meals,Non-Vegetarian Mains,Fish Tikka,,"fish tikka, fish tikkas, fish-tikka, machli",1,piece,35.5,117.3,16,3.9,4.1,1.2,1.2,0.8,503,33,Meals / Prepared Food,curated,"Fish, Onion, Tomato, Garlic, Ginger, Cooking Oil, Turmeric, Red Chili Powder, Coriander Powder, Cumin, Salt"
1377,Indian Meals,Non-Vegetarian Mains,Fish in Coconut Milk,,"fish in coconut milk, doodh, fish in coconut milks, fish-in-coconut-milk, machli, nariyal, nariyal ke doodh ke saath machli",1,dish,325.5,86.2,8.7,2.7,4.4,1.5,1.5,2.1,74,17,Meals / Prepared Food,curated,"Fish, Coconut, Milk, Coconut Milk, Onion, Tomato, Garlic, Ginger, Cooking Oil, Turmeric, Red Chili Powder, Coriander Powder, Cumin, Salt"
1378,Indian Meals,Non-Vegetarian Mains,Fried Chicken with Tomato Sauce,,"fried chicken with tomato sauce, fried chicken tamatar ki chutney kay saath, fried chicken with tomato sauces, fried-chicken-with-tomato-sauce, murgi, tamatar",1,piece,123.8,125,11.5,2.5,7.6,1.1,1.2,0.9,108,31,Meals / Prepared Food,curated,"Chicken, Tomato, Onion, Garlic, Ginger, Cooking Oil, Turmeric, Red Chili Powder, Coriander Powder, Cumin, Salt"
1379,Indian Meals,Non-Vegetarian Mains,Fried Egg,,"fried egg, anda, fried eggs, fried-egg",1,egg,57.8,223.7,11.6,0.3,19.6,0.3,0,4,447,317,Meals / Prepared Food,curated,"Egg, Onion, Tomato, Garlic, Ginger, Cooking Oil, Turmeric, Red Chili Powder, Coriander Powder, Cumin, Salt"
1380,Indian Meals,Non-Vegetarian Mains,Fried Fish,,"fried fish, fried fishes, fried-fish, indian style, machli, tali hui machli",1,piece,353.5,658.5,4.3,5.4,68.9,0.6,0.4,8.3,157,7,Meals / Prepared Food,curated,"Fish, Onion, Tomato, Garlic, Ginger, Cooking Oil, Turmeric, Red Chili Powder, Coriander Powder, Cumin, Salt"
1381,Indian Meals,Non-Vegetarian Mains,Fried Fish and Chips,,"fried fish and chips, english style, fried fish and chip, fried fish and chipses, fried-fish-and-chips, machli, tali hui machli aur chips",1,fillet,697.8,651.7,3.4,2.8,69.7,0.3,0.2,8.7,73,13,Meals / Prepared Food,curated,"Fish, Onion, Tomato, Garlic, Ginger, Cooking Oil, Turmeric, Red Chili Powder, Coriander Powder, Cumin, Salt"
1382,Indian Meals,Non-Vegetarian Mains,Ginger Chicken,,"ginger chicken, adrak, ginger chickens, ginger-chicken, murgi",1,bowl,383.9,129.2,8.2,5.6,8.2,1.2,1.9,0.9,366,19,Meals / Prepared Food,curated,"Chicken, Ginger, Onion, Tomato, Garlic, Cooking Oil, Turmeric, Red Chili Powder, Coriander Powder, Cumin, Salt"
1383,Indian Meals,Non-Vegetarian Mains,Handi Chicken,,"handi chicken, handi chickens, handi-chicken, murgi",1,plate,231.9,166,12.3,1.5,12.5,0.7,0.8,1.4,76,34,Meals / Prepared Food,curated,"Chicken, Onion, Tomato, Garlic, Ginger, Cooking Oil, Turmeric, Red Chili Powder, Coriander Powder, Cumin, Salt"
1384,Indian Meals,Non-Vegetarian Mains,Hariyali Fish Tikka,,"hariyali fish tikka, hariyali fish tikkas, hariyali-fish-tikka, machli",1,kebab,178.6,150.2,14,2.2,9.4,1,0.8,5.3,100,43,Meals / Prepared Food,curated,"Fish, Onion, Tomato, Garlic, Ginger, Cooking Oil, Turmeric, Red Chili Powder, Coriander Powder, Cumin, Salt"
1385,Indian Meals,Non-Vegetarian Mains,Home Made Egg Noodles,,"home made egg noodles, anda, home made egg noodl, home made egg noodleses, home-made-egg-noodles",1,curry bowl,225,240.8,6.5,42.9,4.4,1.6,1,0.8,177,38,Meals / Prepared Food,curated,"Egg, Onion, Tomato, Garlic, Ginger, Cooking Oil, Turmeric, Red Chili Powder, Coriander Powder, Cumin, Salt"
1386,Indian Meals,Non-Vegetarian Mains,Hot Fish Souffle,,"hot fish souffle, hot fish souffles, hot-fish-souffle, machli",1,bowl,366.8,142.9,11.2,3.7,9.2,0.1,1.7,4.8,111,123,Meals / Prepared Food,curated,"Fish, Onion, Tomato, Garlic, Ginger, Cooking Oil, Turmeric, Red Chili Powder, Coriander Powder, Cumin, Salt"
1387,Indian Meals,Non-Vegetarian Mains,Indian Lamb and Egg Curry,,"indian lamb and egg curry, anda, bakra, indian lamb and egg curries, indian-lamb-and-egg-curry, mutton, nargisi kofta",1,kofta,390.9,335.8,3.8,2.1,34.7,0.6,0.7,5,57,44,Meals / Prepared Food,curated,"Mutton/Lamb, Egg, Lamb, Onion, Tomato, Garlic, Ginger, Cooking Oil, Turmeric, Red Chili Powder, Coriander Powder, Cumin, Salt"
1388,Indian Meals,Non-Vegetarian Mains,Indian Style Egg Bhujia),,"indian style egg bhujia), anda, anda bhujia (indian style, indian style egg bhujia)s, indian-style-egg-bhujia)",1,small bowl,126,102.8,6.1,3.8,7,1.5,1.9,1.6,218,145,Meals / Prepared Food,curated,"Egg, Onion, Tomato, Garlic, Ginger, Cooking Oil, Turmeric, Red Chili Powder, Coriander Powder, Cumin, Salt"
1389,Indian Meals,Non-Vegetarian Mains,Kashmiri Mutton Koftas,,"kashmiri mutton koftas, bakra, gushtaba, kashmiri mutton kofta, kashmiri mutton koftases, kashmiri-mutton-koftas, mutton",1,gushtaba,304,97.4,6.3,3,6.8,0.6,2.1,2.9,130,25,Meals / Prepared Food,curated,"Mutton/Lamb, Mutton, Onion, Tomato, Garlic, Ginger, Cooking Oil, Turmeric, Red Chili Powder, Coriander Powder, Cumin, Salt"
1390,Indian Meals,Non-Vegetarian Mains,Keema Kofta Curry,,"keema kofta curry, keema kofta curries, keema-kofta-curry",1,kofta,41.3,154.5,9.8,5.6,10.4,1.5,2.1,3.3,312,58,Meals / Prepared Food,curated,"Onion, Tomato, Garlic, Ginger, Cooking Oil, Turmeric, Red Chili Powder, Coriander Powder, Cumin, Salt"
1391,Indian Meals,Non-Vegetarian Mains,Lasagne with Meat Sauce,,"lasagne with meat sauce, lasagne with meat sauces, lasagne-with-meat-sauce",1,dish,100,63.4,2.9,5.4,3.4,0.5,1,1.5,37,9,Meals / Prepared Food,curated,"Onion, Tomato, Garlic, Ginger, Cooking Oil, Turmeric, Red Chili Powder, Coriander Powder, Cumin, Salt"
1392,Indian Meals,Non-Vegetarian Mains,Lemon Butter Fish,,"lemon butter fish, lemon butter fishes, lemon-butter-fish, machli, makhan, nimbu",1,piece,200,160.2,16.4,0.8,10.3,0.4,0.2,5.2,188,46,Meals / Prepared Food,curated,"Fish, Butter, Lemons, Onion, Tomato, Garlic, Ginger, Cooking Oil, Turmeric, Red Chili Powder, Coriander Powder, Cumin, Salt"
1393,Indian Meals,Non-Vegetarian Mains,Lemon Chicken,,"lemon chicken, lemon chickens, lemon-chicken, murgi, nimbu",1,plate,286.6,169.8,20.2,0.6,9.7,0.2,0.2,1.6,80,60,Meals / Prepared Food,curated,"Chicken, Lemons, Onion, Tomato, Garlic, Ginger, Cooking Oil, Turmeric, Red Chili Powder, Coriander Powder, Cumin, Salt"
1394,Indian Meals,Non-Vegetarian Mains,Meat Consomme,,"meat consomme, meat consommes, meat-consomme, with mutton",1,bowl,619.9,29.8,14.9,0.5,13.7,0.7,0.2,0,12666,0,Meals / Prepared Food,curated,"Mutton/Lamb, Onion, Tomato, Garlic, Ginger, Cooking Oil, Turmeric, Red Chili Powder, Coriander Powder, Cumin, Salt"
1395,Indian Meals,Non-Vegetarian Mains,Meat and Macaroni Casserole,,"meat and macaroni casserole, meat and macaroni casseroles, meat-and-macaroni-casserole",1,small casserole dish,400.5,161.5,9.1,16.1,10.2,1.2,1,1,2512,2,Meals / Prepared Food,curated,"Pasta, Macaroni, Onion, Tomato, Garlic, Ginger, Cooking Oil, Turmeric, Red Chili Powder, Coriander Powder, Cumin, Salt"
1396,Indian Meals,Non-Vegetarian Mains,Minced Meat Ball Curry,,"minced meat ball curry, minced meat ball curries, minced-meat-ball-curry",1,bowl,373.1,109.8,6.8,2.9,7.8,1.5,1.3,2.4,170,25,Meals / Prepared Food,curated,"Onion, Tomato, Garlic, Ginger, Cooking Oil, Turmeric, Red Chili Powder, Coriander Powder, Cumin, Salt"
1397,Indian Meals,Non-Vegetarian Mains,Minced Meat Patties,,"minced meat patties, minced meat pattieses, minced meat patty, minced-meat-patties",1,patty,129.8,265.7,6.9,15.3,19.6,0.8,0.9,3.6,252,81,Meals / Prepared Food,curated,"Onion, Tomato, Garlic, Ginger, Cooking Oil, Turmeric, Red Chili Powder, Coriander Powder, Cumin, Salt"
1398,Indian Meals,Non-Vegetarian Mains,Mutton Chops,,"mutton chops, bakra, mutton, mutton chop, mutton chopses, mutton-chops",1,chop,349.6,663.6,4,1.5,71.3,0.2,0.4,8.4,51,13,Meals / Prepared Food,curated,"Mutton/Lamb, Mutton, Onion, Tomato, Garlic, Ginger, Cooking Oil, Turmeric, Red Chili Powder, Coriander Powder, Cumin, Salt"
1399,Indian Meals,Non-Vegetarian Mains,Mutton Do Piaza,,"mutton do piaza, bakra, mutton, mutton do piazas, mutton-do-piaza",1,bowl,329,183.3,9.4,4.1,14.4,1.9,2.9,5.6,119,78,Meals / Prepared Food,curated,"Mutton/Lamb, Mutton, Onion, Tomato, Garlic, Ginger, Cooking Oil, Turmeric, Red Chili Powder, Coriander Powder, Cumin, Salt"
1400,Indian Meals,Non-Vegetarian Mains,Mutton Korma,,"mutton korma, bakra, mutton, mutton kormas, mutton-korma",1,bowl,366.5,115.6,7.1,2.5,8.5,0.8,1.6,1.2,57,4,Meals / Prepared Food,curated,"Mutton/Lamb, Mutton, Onion, Tomato, Garlic, Ginger, Cooking Oil, Turmeric, Red Chili Powder, Coriander Powder, Cumin, Salt"
1401,Indian Meals,Non-Vegetarian Mains,Mutton Seekh Kebab,,"mutton seekh kebab, bakra, mutton, mutton seekh kebabs, mutton-seekh-kebab",1,kebab,45,133.9,11.3,3.1,8.4,1.9,1.4,0.1,102,0,Meals / Prepared Food,curated,"Mutton/Lamb, Mutton, Onion, Tomato, Garlic, Ginger, Cooking Oil, Turmeric, Red Chili Powder, Coriander Powder, Cumin, Salt"
1402,Indian Meals,Non-Vegetarian Mains,Mutton Yakhni,,"mutton yakhni, bakra, mutton, mutton yakhnis, mutton-yakhni",1,bowl,232.1,104.1,8.3,0.8,7.7,0.7,0.1,0.2,101,0,Meals / Prepared Food,curated,"Mutton/Lamb, Mutton, Onion, Tomato, Garlic, Ginger, Cooking Oil, Turmeric, Red Chili Powder, Coriander Powder, Cumin, Salt"
1403,Indian Meals,Non-Vegetarian Mains,Okra/Lady's Fingers Fry,,"okra/lady's fingers fry, bhindi, bhindi sabzi/sabji/subji, okra/lady's fingers fries, okra/lady's-fingers-fry",1,bowl,166.3,110.8,1.8,4.5,9.3,3.6,1.4,1.2,93,0,Meals / Prepared Food,curated,"Okra (Bhindi), Okra, Onion, Tomato, Garlic, Ginger, Cooking Oil, Turmeric, Red Chili Powder, Coriander Powder, Cumin, Salt"
1404,Indian Meals,Non-Vegetarian Mains,Paneer Shaslik/tikka,,"paneer shaslik/tikka, paneer, paneer shaslik/tikkas, paneer-shaslik/tikka",1,plate,438.7,93.8,5.1,8,4.5,1.2,4.6,2.2,103,0,Meals / Prepared Food,curated,"Paneer (Cottage Cheese), Onion, Tomato, Garlic, Ginger, Cooking Oil, Turmeric, Red Chili Powder, Coriander Powder, Cumin, Salt"
1405,Indian Meals,Non-Vegetarian Mains,Pea Keema Curry,,"pea keema curry, matar, matar keema ki sabzi, pea keema curries, pea-keema-curry",1,bowl,343.8,133,8.4,6.2,8.1,3,1.8,2.4,148,23,Meals / Prepared Food,curated,"Green Peas, Onion, Tomato, Garlic, Ginger, Cooking Oil, Turmeric, Red Chili Powder, Coriander Powder, Cumin, Salt"
1406,Indian Meals,Non-Vegetarian Mains,Pea Keema Sandwich,,"pea keema sandwich, matar, matar aur keema ka sandwich, pea keema sandwiches, pea-keema-sandwich, toasted",1,toasted triangle,84.6,171.8,11.1,20.3,5.6,2.5,1.9,2.2,290,27,Meals / Prepared Food,curated,"Green Peas, Onion, Tomato, Garlic, Ginger, Cooking Oil, Turmeric, Red Chili Powder, Coriander Powder, Cumin, Salt"
1407,Indian Meals,Non-Vegetarian Mains,Prawn Curry,,"prawn curry, jhinga, jhinga curry, prawn curries, prawn-curry, with coconut",1,bowl,286.1,109.5,8.5,3.1,6.9,1.6,2,2.5,376,37,Meals / Prepared Food,curated,"Prawns/Shrimp, Coconut, Onion, Tomato, Garlic, Ginger, Cooking Oil, Turmeric, Red Chili Powder, Coriander Powder, Cumin, Salt"
1408,Indian Meals,Non-Vegetarian Mains,Prawn Sandwich,,"prawn sandwich, jhinga, prawn sandwiches, prawn-sandwich",1,sandwich,228,169.6,10.4,11.9,9.3,1.6,1.2,1.2,213,41,Meals / Prepared Food,curated,"Prawns/Shrimp, Onion, Tomato, Garlic, Ginger, Cooking Oil, Turmeric, Red Chili Powder, Coriander Powder, Cumin, Salt"
1409,Indian Meals,Non-Vegetarian Mains,Roast Chicken,,"roast chicken, murgi, roast chickens, roast-chicken",1,joint,133.4,199.9,20.5,0.1,13.1,0,0,3.7,72,70,Meals / Prepared Food,curated,"Chicken, Onion, Tomato, Garlic, Ginger, Cooking Oil, Turmeric, Red Chili Powder, Coriander Powder, Cumin, Salt"
1410,Indian Meals,Non-Vegetarian Mains,Scotch Egg,,"scotch egg, anda, scotch eggs, scotch-egg",1,piece,342.5,676.9,4.1,1.9,72.6,0.4,0.3,9.4,91,49,Meals / Prepared Food,curated,"Egg, Onion, Tomato, Garlic, Ginger, Cooking Oil, Turmeric, Red Chili Powder, Coriander Powder, Cumin, Salt"
1411,Indian Meals,Non-Vegetarian Mains,Shahi Chicken Masala,,"shahi chicken masala, murgi, shahi chicken masalas, shahi-chicken-masala",1,bowl,349.1,163.7,9.8,4.1,12,1,2.9,2.9,143,25,Meals / Prepared Food,curated,"Chicken, Onion, Tomato, Garlic, Ginger, Cooking Oil, Turmeric, Red Chili Powder, Coriander Powder, Cumin, Salt"
1412,Indian Meals,Non-Vegetarian Mains,Shahi Keema Kofta Curry,,"shahi keema kofta curry, shahi keema kofta curries, shahi-keema-kofta-curry",1,bowl,617.1,418.1,4.1,1.7,43.8,0.9,0.8,6.2,105,15,Meals / Prepared Food,curated,"Onion, Tomato, Garlic, Ginger, Cooking Oil, Turmeric, Red Chili Powder, Coriander Powder, Cumin, Salt"
1413,Indian Meals,Non-Vegetarian Mains,Shammi Kebab,,"shammi kebab, shammi kebabs, shammi-kebab",1,kabab,171.2,685.7,4.5,3.5,72.6,1,0.3,9.5,54,25,Meals / Prepared Food,curated,"Onion, Tomato, Garlic, Ginger, Cooking Oil, Turmeric, Red Chili Powder, Coriander Powder, Cumin, Salt"
1414,Indian Meals,Non-Vegetarian Mains,Soya Seekh Kebab,,"soya seekh kebab, soya seekh kebabs, soya-seekh-kebab",1,kabab,57.1,115,5.4,10,5.9,2.2,0.5,0.7,92,0,Meals / Prepared Food,curated,"Soya/Tofu, Onion, Tomato, Garlic, Ginger, Cooking Oil, Turmeric, Red Chili Powder, Coriander Powder, Cumin, Salt"
1415,Indian Meals,Non-Vegetarian Mains,Spaghetti with Meat Balls and Tomato Sauce,,"spaghetti with meat balls and tomato sauce, spaghetti with meat balls and tomato sauces, spaghetti-with-meat-balls-and-tomato-sauce, tamatar",1,shallow dish,555.8,158.1,5.6,10.5,10.6,1.1,1.9,2.4,189,16,Meals / Prepared Food,curated,"Tomato, Pasta, Onion, Garlic, Ginger, Cooking Oil, Turmeric, Red Chili Powder, Coriander Powder, Cumin, Salt"
1416,Indian Meals,Non-Vegetarian Mains,Spinach Mushroom Scrambled Egg,,"spinach mushroom scrambled egg, anda, khumb, palak, palak mushroom bhurji, spinach mushroom scrambled eggs, spinach-mushroom-scrambled-egg",1,plate,116.5,158.8,13.3,0.6,11.5,0.4,0.1,5.2,228,277,Meals / Prepared Food,curated,"Egg, Spinach, Mushroom, Mushrooms, Onion, Tomato, Garlic, Ginger, Cooking Oil, Turmeric, Red Chili Powder, Coriander Powder, Cumin, Salt"
1417,Indian Meals,Non-Vegetarian Mains,Spinach Mutton,,"spinach mutton, bakra, mutton, palak, palak mutton, spinach muttons, spinach-mutton",1,bowl,486,80.3,5.7,3.4,4.7,2.2,1.4,0.4,121,1,Meals / Prepared Food,curated,"Mutton/Lamb, Spinach, Mutton, Onion, Tomato, Garlic, Ginger, Cooking Oil, Turmeric, Red Chili Powder, Coriander Powder, Cumin, Salt"
1418,Indian Meals,Non-Vegetarian Mains,Stuffed Egg Omelette/omlet,,"stuffed egg omelette/omlet, anda, stuffed egg omelette/omlets, stuffed-egg-omelette/omlet",1,omelette,262,203.5,8.6,2.3,17.8,0.8,1.6,4.8,267,154,Meals / Prepared Food,curated,"Egg, Onion, Tomato, Garlic, Ginger, Cooking Oil, Turmeric, Red Chili Powder, Coriander Powder, Cumin, Salt"
1419,Indian Meals,Non-Vegetarian Mains,Tandoori Chicken,,"tandoori chicken, murgi, tandoori chickens, tandoori-chicken",1,chicken,1440.8,145.2,16.3,2.3,7.9,0.5,1.6,1,158,44,Meals / Prepared Food,curated,"Chicken, Onion, Tomato, Garlic, Ginger, Cooking Oil, Turmeric, Red Chili Powder, Coriander Powder, Cumin, Salt"
1420,Indian Meals,Non-Vegetarian Mains,Tandoori Fish,,"tandoori fish, machli, tandoori fishes, tandoori-fish",1,piece,233.6,96,11.2,2.4,4.6,0.6,1.6,1.8,124,23,Meals / Prepared Food,curated,"Fish, Onion, Tomato, Garlic, Ginger, Cooking Oil, Turmeric, Red Chili Powder, Coriander Powder, Cumin, Salt"
1421,Indian Meals,Non-Vegetarian Mains,Tomato Chicken,,"tomato chicken, murgi, tamatar, tomato chickens, tomato-chicken",1,bowl,176.3,111.7,10.6,2.1,6.7,1.4,0.9,0.7,105,28,Meals / Prepared Food,curated,"Chicken, Tomato, Onion, Garlic, Ginger, Cooking Oil, Turmeric, Red Chili Powder, Coriander Powder, Cumin, Salt"
1422,Indian Meals,Non-Vegetarian Mains,Tomato Fish,,"tomato fish, machli, tamatar, tomato fishes, tomato-fish",1,bowl,967.9,489.8,2.4,3.2,51.9,0.7,1.4,6.6,91,5,Meals / Prepared Food,curated,"Fish, Tomato, Onion, Garlic, Ginger, Cooking Oil, Turmeric, Red Chili Powder, Coriander Powder, Cumin, Salt"
1423,Indian Meals,Non-Vegetarian Mains,Vegetable Seekh Kebab,,"vegetable seekh kebab, vegetable seekh kebabs, vegetable-seekh-kebab",1,kabab,164.5,690.7,1.6,5.3,73.7,0.6,0.7,9.2,84,0,Meals / Prepared Food,curated,"Onion, Tomato, Garlic, Ginger, Cooking Oil, Turmeric, Red Chili Powder, Coriander Powder, Cumin, Salt"
1424,Indian Meals,Non-Vegetarian Mains,Vegetables Stir Fry,,"vegetables stir fry, vegetables stir fries, vegetables-stir-fry",1,small bowl,388.5,30.8,1,3.2,1.5,1.4,0.9,0.2,55,0,Meals / Prepared Food,curated,"Onion, Tomato, Garlic, Ginger, Cooking Oil, Turmeric, Red Chili Powder, Coriander Powder, Cumin, Salt"
1425,Indian Meals,Non-Vegetarian Mains,Vegetarian Egg Kofta Curry,,"vegetarian egg kofta curry, anda, vegetarian egg kofta curries, vegetarian-egg-kofta-curry",1,bowl,741,627.4,1.3,4.3,67.2,0.6,1.2,8.3,96,0,Meals / Prepared Food,curated,"Egg, Onion, Tomato, Garlic, Ginger, Cooking Oil, Turmeric, Red Chili Powder, Coriander Powder, Cumin, Salt"
1426,Indian Meals,Non-Vegetarian Mains,Vegeterian Scotch Egg,,"vegeterian scotch egg, anda, vegeterian scotch eggs, vegeterian-scotch-egg",1,piece,334.1,681.7,2.2,4.6,72.8,0.6,0.2,8.9,93,34,Meals / Prepared Food,curated,"Egg, Onion, Tomato, Garlic, Ginger, Cooking Oil, Turmeric, Red Chili Powder, Coriander Powder, Cumin, Salt"
1427,Indian Meals,Rice Dishes,Black Channa Pulao/ Bengal Gram Pulao,,"black channa pulao/ bengal gram pulao, black channa pulao/ bengal gram pulaos, black-channa-pulao/-bengal-gram-pulao, kale chane ka pulao",1,plate,396.9,125.5,3.4,21.6,2.6,2.7,2,0.3,103,0,Meals / Prepared Food,curated,"Rice, Onion, Whole Spices (Cinnamon, Cardamom, Cloves), Cooking Oil, Salt"
1428,Indian Meals,Rice Dishes,Black Rice Kheer,,"black rice kheer, black rice kheers, black-rice-kheer, chak-hao kheer, chawal",1,bowl,207.7,147.9,4.4,22.9,4.9,0.8,12.6,2.2,26,0,Meals / Prepared Food,curated,"Rice, Onion, Whole Spices (Cinnamon, Cardamom, Cloves), Cooking Oil, Salt"
1429,Indian Meals,Rice Dishes,Boiled Rice,,"boiled rice, boiled rices, boiled-rice, chawal, uble chawal",1,plate,300,117.2,2.6,25.7,0.2,1.2,0.2,0,1,0,Meals / Prepared Food,curated,"Rice, Onion, Whole Spices (Cinnamon, Cardamom, Cloves), Cooking Oil, Salt"
1430,Indian Meals,Rice Dishes,Cereal Pulse Mix with Amylase Rice Flour,,"cereal pulse mix with amylase rice flour, cereal pulse mix with amylase rice flours, cereal-pulse-mix-with-amylase-rice-flour, chawal",1,serving,85,151.6,4.3,27.8,2.7,3.5,8.8,0.3,1,0,Meals / Prepared Food,curated,"Rice, Onion, Whole Spices (Cinnamon, Cardamom, Cloves), Cooking Oil, Salt"
1431,Indian Meals,Rice Dishes,Chicken Pulao,,"chicken pulao, chicken pulaos, chicken-pulao, murgi",1,plate,668.1,108.2,6.1,11.2,8.5,1.6,1,1.3,3093,12,Meals / Prepared Food,curated,"Chicken, Rice, Onion, Whole Spices (Cinnamon, Cardamom, Cloves), Cooking Oil, Salt"
1432,Indian Meals,Rice Dishes,Chinese Fried Rice,,"chinese fried rice, chawal, chinese fried rices, chinese-fried-rice",1,plate,351.3,120.6,4.1,13.4,5.4,2.3,1.5,1,248,52,Meals / Prepared Food,curated,"Rice, Onion, Whole Spices (Cinnamon, Cardamom, Cloves), Cooking Oil, Salt"
1433,Indian Meals,Rice Dishes,Cracked Wheat Khichri/khichdi,,"cracked wheat khichri/khichdi, cracked wheat khichri/khichdis, cracked-wheat-khichri/khichdi, dalia khichri/khichdi, gehun",1,serving,100,167.5,7.6,22.3,5.5,3.7,3.8,3.3,225,15,Meals / Prepared Food,curated,"Rice, Wheat, Onion, Whole Spices (Cinnamon, Cardamom, Cloves), Cooking Oil, Salt"
1434,Indian Meals,Rice Dishes,Cumin Pulao,,"cumin pulao, cumin pulaos, cumin-pulao, jeera, jeera/zeera pulao",1,plate,270.5,135.2,2.5,23.6,3.2,1.4,0.6,0.4,220,0,Meals / Prepared Food,curated,"Rice, Onion, Whole Spices (Cinnamon, Cardamom, Cloves), Cooking Oil, Salt"
1435,Indian Meals,Rice Dishes,Curd Rice,,"curd rice, chawal, curd rices, curd-rice, dahi, dahi bhaat/dahi chawal/ perugu annam/daddojanam/thayir saadam",1,plate,216.2,195.7,5.8,32.9,4.3,2.1,3.9,1.6,213,3,Meals / Prepared Food,curated,"Rice, Yogurt (Curd), Onion, Whole Spices (Cinnamon, Cardamom, Cloves), Cooking Oil, Salt"
1436,Indian Meals,Rice Dishes,Eggplant/Brinjal Rice,,"eggplant/brinjal rice, baingan, chawal, eggplant/brinjal rices, eggplant/brinjal-rice, vangi bhat",1,plate,291.2,184.8,5.3,31.7,3.7,4.4,4.4,0.5,59,0,Meals / Prepared Food,curated,"Eggplant (Brinjal), Rice, Eggplant, Onion, Whole Spices (Cinnamon, Cardamom, Cloves), Cooking Oil, Salt"
1437,Indian Meals,Rice Dishes,Green Chickpeas Pulao,,"green chickpeas pulao, chana, chole, choliya pulao/hare chane ka pulao, green chickpeas pulaos, green-chickpeas-pulao",1,plate,357.9,173.4,4.9,27.6,4.8,3.2,2.5,0.6,170,0,Meals / Prepared Food,curated,"Chickpeas (Chana), Rice, Chickpeas, Onion, Whole Spices (Cinnamon, Cardamom, Cloves), Cooking Oil, Salt"
1438,Indian Meals,Rice Dishes,Lemon Rice,,"lemon rice, chawal, lemon rices, lemon-rice, nimbu, pulihora, elumichai sadam, chitranna",1,plate,319.2,176.3,4.3,21.6,7.9,2.5,0.8,1.2,187,0,Meals / Prepared Food,curated,"Rice, Lemons, Onion, Whole Spices (Cinnamon, Cardamom, Cloves), Cooking Oil, Salt"
1439,Indian Meals,Rice Dishes,Meringue and Rice Pudding,,"meringue and rice pudding, chawal, meringue and rice puddings, meringue-and-rice-pudding",1,bowl,224,112.9,4.8,14.6,4.1,0.2,10.9,2.1,44,41,Meals / Prepared Food,curated,"Rice, Onion, Whole Spices (Cinnamon, Cardamom, Cloves), Cooking Oil, Salt"
1440,Indian Meals,Rice Dishes,Mexican Rice,,"mexican rice, chawal, mexican rices, mexican-rice",1,plate,517.8,120.6,4.6,14.2,4.9,1.6,1.4,1.3,93,12,Meals / Prepared Food,curated,"Rice, Onion, Whole Spices (Cinnamon, Cardamom, Cloves), Cooking Oil, Salt"
1441,Indian Meals,Rice Dishes,Mixed Vegetable Pulao,,"mixed vegetable pulao, mixed vegetable pulaos, mixed-vegetable-pulao",1,plate,438.4,113,2.7,17.5,3.3,2.7,1.4,0.4,188,0,Meals / Prepared Food,curated,"Rice, Onion, Whole Spices (Cinnamon, Cardamom, Cloves), Cooking Oil, Salt"
1442,Indian Meals,Rice Dishes,Mushroom Pulao,,"mushroom pulao, khumb, mushroom pulaos, mushroom-pulao",1,plate,358.4,124.3,2.5,19,4,1.9,1,0.5,222,0,Meals / Prepared Food,curated,"Mushroom, Rice, Mushrooms, Onion, Whole Spices (Cinnamon, Cardamom, Cloves), Cooking Oil, Salt"
1443,Indian Meals,Rice Dishes,Mutton Biryani/biriyani,,"mutton biryani/biriyani, bakra, mutton, mutton biryani/biriyanis, mutton-biryani/biriyani",1,plate,207.8,190.8,7.4,22.5,7.7,2.4,2.4,0.7,263,0,Meals / Prepared Food,curated,"Mutton/Lamb, Rice, Mutton, Onion, Whole Spices (Cinnamon, Cardamom, Cloves), Cooking Oil, Salt"
1444,Indian Meals,Rice Dishes,Mutton Pulao,,"mutton pulao, bakra, mutton, mutton pulaos, mutton-pulao",1,plate,662.6,130.8,6.5,11.3,10.8,1.7,1,1.2,3116,2,Meals / Prepared Food,curated,"Mutton/Lamb, Rice, Mutton, Onion, Whole Spices (Cinnamon, Cardamom, Cloves), Cooking Oil, Salt"
1445,Indian Meals,Rice Dishes,Navratan Pulao,,"navratan pulao, navratan pulaos, navratan-pulao",1,plate,183.1,261.7,6.2,37,9.5,3.8,2.5,1.7,334,0,Meals / Prepared Food,curated,"Rice, Onion, Whole Spices (Cinnamon, Cardamom, Cloves), Cooking Oil, Salt"
1446,Indian Meals,Rice Dishes,Paneer Pulao,,"paneer pulao, paneer, paneer pulaos, paneer-pulao",1,plate,837.9,581.9,2,8.8,59.8,0.6,1.1,7.6,72,0,Meals / Prepared Food,curated,"Paneer (Cottage Cheese), Rice, Onion, Whole Spices (Cinnamon, Cardamom, Cloves), Cooking Oil, Salt"
1447,Indian Meals,Rice Dishes,Peanut Pulao,,"peanut pulao, moongphali, mungfali, peanut pulaos, peanut-pulao",1,plate,357.9,193.3,5.3,21.2,9.5,2.9,1.6,1.6,168,0,Meals / Prepared Food,curated,"Rice, Peanuts, Onion, Whole Spices (Cinnamon, Cardamom, Cloves), Cooking Oil, Salt"
1448,Indian Meals,Rice Dishes,Peas Pulao,,"peas pulao, matar, matar pulao, peas pulaos, peas-pulao",1,plate,471.9,108.9,3.9,18.4,1.9,3.2,1.3,0.3,86,0,Meals / Prepared Food,curated,"Green Peas, Rice, Peas, Onion, Whole Spices (Cinnamon, Cardamom, Cloves), Cooking Oil, Salt"
1449,Indian Meals,Rice Dishes,Plain Pulao,,"plain pulao, plain pulaos, plain-pulao",1,plate,307.9,140.2,2.3,21.8,4.6,1.7,1.1,0.6,194,0,Meals / Prepared Food,curated,"Rice, Onion, Whole Spices (Cinnamon, Cardamom, Cloves), Cooking Oil, Salt"
1450,Indian Meals,Rice Dishes,Poshtik Khichdi/khichri,,"poshtik khichdi/khichri, poshtik khichdi/khichris, poshtik-khichdi/khichri",1,plate,360.3,93.4,3,15.6,1.9,2,0.3,0.3,42,0,Meals / Prepared Food,curated,"Rice, Onion, Whole Spices (Cinnamon, Cardamom, Cloves), Cooking Oil, Salt"
1451,Indian Meals,Rice Dishes,Quinoa Khichdi/khichri,,"quinoa khichdi/khichri, quinoa khichdi/khichris, quinoa-khichdi/khichri",1,bowl,318.2,64,3.2,8.8,1.6,2.6,0.7,0.7,70,3,Meals / Prepared Food,curated,"Rice, Quinoa, Onion, Whole Spices (Cinnamon, Cardamom, Cloves), Cooking Oil, Salt"
1452,Indian Meals,Rice Dishes,Rice Dal Porridge,,"rice dal porridge, chawal, chawal dal ki khichdi/khichri, rice dal porridges, rice-dal-porridge",1,serving,33.3,383.3,10.8,65,8.3,4.5,26.5,1.7,12,0,Meals / Prepared Food,curated,"Lentils (Dal), Rice, Onion, Whole Spices (Cinnamon, Cardamom, Cloves), Cooking Oil, Salt"
1453,Indian Meals,Rice Dishes,Rice Flakes,,"rice flakes, chawal, chiwda/aval, rice flak, rice flakeses, rice-flakes",1,bowl,278,112.4,3.6,15.6,4,0.4,7.3,2.4,22,0,Meals / Prepared Food,curated,"Rice, Onion, Whole Spices (Cinnamon, Cardamom, Cloves), Cooking Oil, Salt"
1454,Indian Meals,Rice Dishes,Rice Flakes and Roasted Channa,,"rice flakes and roasted channa, chawal, rice flakes and roasted channas, rice-flakes-and-roasted-channa",1,serving,100,333.4,10.6,71.9,2.9,8.8,1.3,0.2,206,0,Meals / Prepared Food,curated,"Rice, Onion, Whole Spices (Cinnamon, Cardamom, Cloves), Cooking Oil, Salt"
1455,Indian Meals,Rice Dishes,Rice Kheer,,"rice kheer, chawal, chawal ki kheer, rice kheers, rice-kheer",1,bowl,401.1,75,2.3,10,3,0.2,8,1.7,16,0,Meals / Prepared Food,curated,"Rice, Onion, Whole Spices (Cinnamon, Cardamom, Cloves), Cooking Oil, Salt"
1456,Indian Meals,Rice Dishes,Rice Moong Dal Cheela,,"rice moong dal cheela, chawal, chawal aur moong dal ka cheela, moong dal, rice moong dal cheelas, rice-moong-dal-cheela",1,cheela,145.7,798.3,2.7,11.1,82.4,1.2,0.2,9.9,143,0,Meals / Prepared Food,curated,"Moong Dal (Split Mung Bean), Lentils (Dal), Rice, Onion, Whole Spices (Cinnamon, Cardamom, Cloves), Cooking Oil, Salt"
1457,Indian Meals,Rice Dishes,Rice Murukku,,"rice murukku, chawal, rice murukkus, rice-murukku",1,piece,30.9,594,5.4,33.3,48.2,2.2,0.2,6.8,63,5,Meals / Prepared Food,curated,"Rice, Onion, Whole Spices (Cinnamon, Cardamom, Cloves), Cooking Oil, Salt"
1458,Indian Meals,Rice Dishes,Rice Puttu,,"rice puttu, ari puttu, chawal, rice puttus, rice-puttu",1,puttu,420.1,82,1.3,11.8,3.1,0.8,0.3,2.1,48,0,Meals / Prepared Food,curated,"Rice, Onion, Whole Spices (Cinnamon, Cardamom, Cloves), Cooking Oil, Salt"
1459,Indian Meals,Rice Dishes,Rice Upma,,"rice upma, chawal, rice upmas, rice-upma",1,bowl,106.3,151.3,2.6,18,7.5,2.1,1.1,0.9,102,0,Meals / Prepared Food,curated,"Rice, Semolina (Rava/Sooji), Onion, Whole Spices (Cinnamon, Cardamom, Cloves), Cooking Oil, Salt"
1460,Indian Meals,Rice Dishes,Spanish Rice,,"spanish rice, chawal, spanish rices, spanish-rice",1,plate,217.5,164.2,4.2,31.1,2.2,2.8,1.3,0.3,97,0,Meals / Prepared Food,curated,"Rice, Onion, Whole Spices (Cinnamon, Cardamom, Cloves), Cooking Oil, Salt"
1461,Indian Meals,Rice Dishes,Split Bengal Gram Dal and Vegetable Pulao,,"split bengal gram dal and vegetable pulao, channa dal and vegetable pulao, split bengal gram dal and vegetable pulaos, split-bengal-gram-dal-and-vegetable-pulao",1,plate,441.9,116.5,3.6,19.7,2.3,3.2,1.6,0.3,98,0,Meals / Prepared Food,curated,"Lentils (Dal), Rice, Onion, Whole Spices (Cinnamon, Cardamom, Cloves), Cooking Oil, Salt"
1462,Indian Meals,Rice Dishes,Split Bengal Gram Sweet Rice,,"split bengal gram sweet rice, channa dal sweet rice, chawal, split bengal gram sweet rices, split-bengal-gram-sweet-rice",1,plate,220,190.2,4.2,41.1,0.6,2.2,19.4,0.1,8,0,Meals / Prepared Food,curated,"Lentils (Dal), Rice, Onion, Whole Spices (Cinnamon, Cardamom, Cloves), Cooking Oil, Salt"
1463,Indian Meals,Rice Dishes,Sprouted Moong Pulao,,"sprouted moong pulao, moong dal, sprouted moong pulaos, sprouted-moong-pulao",1,plate,407.9,113,2.2,17.5,3.6,1.8,1.4,0.5,153,0,Meals / Prepared Food,curated,"Moong Dal (Split Mung Bean), Lentils (Dal), Rice, Onion, Whole Spices (Cinnamon, Cardamom, Cloves), Cooking Oil, Salt"
1464,Indian Meals,Rice Dishes,Sweet Rice,,"sweet rice, chawal, meethe chawal, sweet rices, sweet-rice",1,plate,347.8,215.4,2.1,42.6,4.6,1.1,24.8,2.4,3,10,Meals / Prepared Food,curated,"Rice, Onion, Whole Spices (Cinnamon, Cardamom, Cloves), Cooking Oil, Salt"
1465,Indian Meals,Rice Dishes,Tamarind Rice,,"tamarind rice, chawal, chintapandu pulihora/puliyodharai/puli sadam/huli anna, imli, tamarind rices, tamarind-rice",1,plate,127.8,373,7.5,65.1,8.5,5.1,11.6,2.6,162,8,Meals / Prepared Food,curated,"Tamarind, Rice, Tamarinds, Onion, Whole Spices (Cinnamon, Cardamom, Cloves), Cooking Oil, Salt"
1466,Indian Meals,Rice Dishes,Vegetable Biryani/biriyani,,"vegetable biryani/biriyani, vegetable biryani/biriyanis, vegetable-biryani/biriyani",1,plate,301.6,174.6,3.2,18.6,9.5,3.3,2.1,1.3,184,0,Meals / Prepared Food,curated,"Rice, Onion, Whole Spices (Cinnamon, Cardamom, Cloves), Cooking Oil, Salt"
1467,Indian Meals,Rice Dishes,Vegetable Khichdi/khichri,,"vegetable khichdi/khichri, vegetable khichdi/khichris, vegetable-khichdi/khichri",1,serving,100,143.2,5.6,19.6,4.5,2.5,3.7,2.7,194,12,Meals / Prepared Food,curated,"Rice, Onion, Whole Spices (Cinnamon, Cardamom, Cloves), Cooking Oil, Salt"
1468,Indian Meals,Salads,Banana Raita,,"banana raita, banana raitas, banana-raita, kela, kele ka raita",1,bowl,158.8,89,4.1,13.5,2.1,1,10.1,1.2,135,7,Meals / Prepared Food,curated,"Banana, Onion, Tomato, Lemon Juice, Salt"
1469,Indian Meals,Salads,Bathua Raita,,"bathua raita, bathua raitas, bathua-raita",1,bowl,203.2,54.4,4.1,5.3,1.8,2.2,4.1,1,111,5,Meals / Prepared Food,curated,"Onion, Tomato, Lemon Juice, Salt"
1470,Indian Meals,Salads,Beetroot and Egg Salad,,"beetroot and egg salad, anda, beetroot and egg salads, beetroot-and-egg-salad, chukandar, chukandar aur ande ka salad",1,small bowl,222.5,84.9,3.4,3.4,6.5,0.6,2,0.7,110,82,Meals / Prepared Food,curated,"Egg, Onion, Tomato, Lemon Juice, Salt"
1471,Indian Meals,Salads,Boondi Raita,,"boondi raita, boondi raitas, boondi-raita",1,bowl,328.9,687.7,2.2,4,73.8,0.5,1.9,9.2,99,3,Meals / Prepared Food,curated,"Onion, Tomato, Lemon Juice, Salt"
1472,Indian Meals,Salads,Bottle Gourd Raita,,"bottle gourd raita, bottle gourd raitas, bottle-gourd-raita, ghiya, ghiya/lauki ka raita, lauki",1,bowl,152.7,56.3,4,5.8,2.1,0.9,5.2,1.3,188,7,Meals / Prepared Food,curated,"Bottle Gourd (Lauki), Gourd, Onion, Tomato, Lemon Juice, Salt"
1473,Indian Meals,Salads,Cabbage Raita,,"cabbage raita, band gobi, cabbage raitas, cabbage-raita, patta gobi, pattagobhi raita",1,bowl,232.2,84.8,3.2,5.2,5.8,0.9,4.2,3.2,125,16,Meals / Prepared Food,curated,"Cauliflower, Cabbage, Onion, Tomato, Lemon Juice, Salt"
1474,Indian Meals,Salads,Carrot Raita,,"carrot raita, carrot raitas, carrot-raita, gajar, gajar ka raita",1,bowl,157.7,64.8,4.1,7.2,2.2,1.7,6,1.2,274,7,Meals / Prepared Food,curated,"Carrot, Carrots, Onion, Tomato, Lemon Juice, Salt"
1475,Indian Meals,Salads,Carrot and Spinach Raita,,"carrot and spinach raita, carrot and spinach raitas, carrot-and-spinach-raita, gajar, gajar aur palak ka raita, palak",1,bowl,177.7,56.8,4,5.8,2,1.4,4.9,1.1,181,6,Meals / Prepared Food,curated,"Spinach, Carrot, Carrots, Onion, Tomato, Lemon Juice, Salt"
1476,Indian Meals,Salads,Chicken Salad,,"chicken salad, chicken salads, chicken-salad, murgi",1,bowl,247,338.2,15.3,1.3,30.3,2,1,2.4,51,48,Meals / Prepared Food,curated,"Chicken, Onion, Tomato, Lemon Juice, Salt"
1477,Indian Meals,Salads,Cucumber Raita,,"cucumber raita, cucumber raitas, cucumber-raita, kheera, kheere ka raita",1,bowl,152.7,59.1,4,6.3,2.1,0.9,5.2,1.3,190,7,Meals / Prepared Food,curated,"Cucumber, Onion, Tomato, Lemon Juice, Salt"
1478,Indian Meals,Salads,Cucumber and Yogurt Salad,,"cucumber and yogurt salad, cucumber and yogurt salads, cucumber-and-yogurt-salad, dahi, kheera, kheere aur dahi ka salad",1,small plate,115.1,36.1,2.1,4.7,0.9,1.7,2.3,0.6,142,3,Meals / Prepared Food,curated,"Yogurt (Curd), Cucumber, Yogurt, Onion, Tomato, Lemon Juice, Salt"
1479,Indian Meals,Salads,Frozen Frosty Fruit Salad,,"frozen frosty fruit salad, frozen frosty fruit salads, frozen-frosty-fruit-salad, phalon ka salaad",1,slice,233,103.5,1.7,15.6,4.2,0.3,14.4,2.5,13,26,Meals / Prepared Food,curated,"Fruit Salad, Onion, Tomato, Lemon Juice, Salt"
1480,Indian Meals,Salads,Fruit Salad,,"fruit salad, fruit salads, fruit-salad, phalon ka salaad",1,bowl,304,78.1,0.9,16,1.2,1.6,9.8,0.7,7,3,Meals / Prepared Food,curated,"Fruit Salad, Onion, Tomato, Lemon Juice, Salt"
1481,Indian Meals,Salads,Grapes Raita,,"grapes raita, angoor, angoor ka raita, grapes raitas, grapes-raita",1,bowl,158.8,72.6,4,9.7,2.1,0.7,8.5,1.2,136,7,Meals / Prepared Food,curated,"Grapes, Onion, Tomato, Lemon Juice, Salt"
1482,Indian Meals,Salads,Green Chilli Raita,,"green chilli raita, green chilli raitas, green-chilli-raita, hari mirch, hari mirch ka raita, mirch",1,bowl,102.5,77.1,5.6,7.7,2.9,0.3,7.5,1.8,161,11,Meals / Prepared Food,curated,"Onion, Tomato, Lemon Juice, Salt"
1483,Indian Meals,Salads,Guava Raita,,"guava raita, amarood ka raita, amrud, guava raitas, guava-raita",1,bowl,158.8,64.4,4.2,7.3,2.1,3,6.7,1.2,136,7,Meals / Prepared Food,curated,"Guava, Onion, Tomato, Lemon Juice, Salt"
1484,Indian Meals,Salads,Hawain Salad,,"hawain salad, hawain salads, hawain-salad",1,bowl,389.6,175.2,4.3,14.4,11.4,3.9,5.2,6.4,65,4,Meals / Prepared Food,curated,"Onion, Tomato, Lemon Juice, Salt"
1485,Indian Meals,Salads,Jellied Sunshine Fruit Salad,,"jellied sunshine fruit salad, jellied sunshine fruit salads, jellied-sunshine-fruit-salad",1,small mould,248.5,48.9,5.9,4.2,0.8,1.8,2.9,0.1,74,0,Meals / Prepared Food,curated,"Fruit Salad, Onion, Tomato, Lemon Juice, Salt"
1486,Indian Meals,Salads,Kale Salad,,"kale salad, kale salads, kale-salad",1,bowl,53.7,177.7,4.9,5,15.3,1.4,3.3,3,292,6,Meals / Prepared Food,curated,"Kale, Onion, Tomato, Lemon Juice, Salt"
1487,Indian Meals,Salads,Mango Raita,,"mango raita, aam, aam ka raita, mango raitas, mango-raita",1,bowl,158.8,67.4,3.9,8.2,2.1,0.9,7.9,1.3,135,7,Meals / Prepared Food,curated,"Mango, Onion, Tomato, Lemon Juice, Salt"
1488,Indian Meals,Salads,Mint Raita,,"mint raita, mint raitas, mint-raita, pudina, pudinay ka raita",1,bowl,104.7,77.6,5.6,7.6,3,0.3,7.5,1.8,274,11,Meals / Prepared Food,curated,"Onion, Tomato, Lemon Juice, Salt"
1489,Indian Meals,Salads,Mint and Peanut Raita,,"mint and peanut raita, mint and peanut raitas, mint-and-peanut-raita, moongphali, mungfali, pudina, pudinay aur moongfali ka raita",1,bowl,133.2,112,7,7.3,6.2,1.8,6.2,2.1,223,8,Meals / Prepared Food,curated,"Peanuts, Onion, Tomato, Lemon Juice, Salt"
1490,Indian Meals,Salads,Mixed Pulse and Vegetable Salad,,"mixed pulse and vegetable salad, mixed pulse and vegetable salads, mixed-pulse-and-vegetable-salad",1,bowl,169.9,83.1,4.7,14,0.8,3,1.4,0.1,128,0,Meals / Prepared Food,curated,"Vegetable Salad, Onion, Tomato, Lemon Juice, Salt"
1491,Indian Meals,Salads,Mixed Vegetable Salad with Curd Sauce,,"mixed vegetable salad with curd sauce, dahi, mixed vegetable salad with curd sauces, mixed-vegetable-salad-with-curd-sauce",1,bowl,215.4,60.3,4.2,7,1.5,3.8,2.2,0.9,117,4,Meals / Prepared Food,curated,"Yogurt (Curd), Vegetable Salad, Onion, Tomato, Lemon Juice, Salt"
1492,Indian Meals,Salads,Onion Raita,,"onion raita, onion raitas, onion-raita, pyaaz, pyaaz ka raita, pyaz",1,bowl,156.5,71.6,4.9,7.9,2.4,0.6,7.1,1.5,190,9,Meals / Prepared Food,curated,"Onion, Tomato, Lemon Juice, Salt"
1493,Indian Meals,Salads,"Paneer, Apple and Pineapple Salad",,"paneer, apple and pineapple salad, ananas, paneer, paneer, apple and pineapple salads, paneer,-apple-and-pineapple-salad, seb",1,bowl,257.7,95.1,3.9,8.3,5.1,1.6,6.4,2.6,177,7,Meals / Prepared Food,curated,"Paneer (Cottage Cheese), Pineapple, Apple, Onion, Tomato, Lemon Juice, Salt"
1494,Indian Meals,Salads,Pasta Salad,,"pasta salad, pasta salads, pasta-salad",1,bowl,215.7,190.4,4.2,12.7,13.9,1,2.6,2.7,152,13,Meals / Prepared Food,curated,"Pasta, Onion, Tomato, Lemon Juice, Salt"
1495,Indian Meals,Salads,Peanut Raita,,"peanut raita, moongphali, mungfali, mungfali ka raita, peanut raitas, peanut-raita",1,bowl,122.7,150.4,8.6,9.3,9,1.9,7.1,2.9,236,9,Meals / Prepared Food,curated,"Peanuts, Onion, Tomato, Lemon Juice, Salt"
1496,Indian Meals,Salads,Pineapple Raita,,"pineapple raita, ananas, ananas ka raita, pineapple raitas, pineapple-raita",1,bowl,158.8,67.7,3.9,8.6,2,1.4,8.1,1.2,135,7,Meals / Prepared Food,curated,"Pineapple, Onion, Tomato, Lemon Juice, Salt"
1497,Indian Meals,Salads,Pomegranate Raita,,"pomegranate raita, anaar ka raita, anar, pomegranate raitas, pomegranate-raita",1,bowl,144.3,72.6,4,7.2,3.2,0.6,7,2,195,5,Meals / Prepared Food,curated,"Pomegranate, Onion, Tomato, Lemon Juice, Salt"
1498,Indian Meals,Salads,Potato Raita,,"potato raita, aloo, aloo ka raita, potato raitas, potato-raita",1,bowl,157.7,75.4,4.2,10.2,2,0.8,5.1,1.2,183,7,Meals / Prepared Food,curated,"Potato, Onion, Tomato, Lemon Juice, Salt"
1499,Indian Meals,Salads,Pumpkin Raita,,"pumpkin raita, kaddu, kaddu ka raita, kohla, pumpkin raitas, pumpkin-raita",1,bowl,170,55.6,3.7,6,1.9,1,5.5,1.1,129,6,Meals / Prepared Food,curated,"Pumpkin, Onion, Tomato, Lemon Juice, Salt"
1500,Indian Meals,Salads,Russian Salad,,"russian salad, russian salads, russian-salad",1,bowl,316.5,114.8,4.3,6.5,7.8,2.6,1.7,1.5,101,64,Meals / Prepared Food,curated,"Onion, Tomato, Lemon Juice, Salt"
1501,Indian Meals,Salads,Sour Cream Potato Salad,,"sour cream potato salad, aloo, malai, sour cream potato salads, sour-cream-potato-salad",1,small bowl,226.8,121.9,2.9,9.1,8.1,1.2,0.8,0.7,103,47,Meals / Prepared Food,curated,"Potato, Cream, Potato Salad, Onion, Tomato, Lemon Juice, Salt"
1502,Indian Meals,Salads,Spinach Raita,,"spinach raita, palak, palak ka raita, spinach raitas, spinach-raita",1,bowl,203.2,52.8,3.9,5.1,1.9,1.4,4,1,127,5,Meals / Prepared Food,curated,"Spinach, Onion, Tomato, Lemon Juice, Salt"
1503,Indian Meals,Salads,Spring Basket Salad,,"spring basket salad, spring basket salads, spring-basket-salad",1,basket,210,160.5,3.4,11.6,11.3,3.1,1.5,0.9,26,8,Meals / Prepared Food,curated,"Onion, Tomato, Lemon Juice, Salt"
1504,Indian Meals,Salads,Sprouted Moong Raita,,"sprouted moong raita, moong dal, sprouted moong raitas, sprouted-moong-raita",1,bowl,152.7,60.9,4.6,6.1,2.2,0.2,5.6,1.3,189,7,Meals / Prepared Food,curated,"Moong Dal (Split Mung Bean), Lentils (Dal), Onion, Tomato, Lemon Juice, Salt"
1505,Indian Meals,Salads,Sprouted Moong Salad,,"sprouted moong salad, moong dal, sprouted moong salads, sprouted-moong-salad",1,bowl,203.7,37.8,2.3,5.5,0.7,0.9,2.1,0.4,116,2,Meals / Prepared Food,curated,"Moong Dal (Split Mung Bean), Lentils (Dal), Onion, Tomato, Lemon Juice, Salt"
1506,Indian Meals,Salads,Sweet Raita,,"sweet raita, meetha raita, sweet raitas, sweet-raita",1,bowl,192,99.2,3.2,17.9,1.8,1,15.4,1.1,43,6,Meals / Prepared Food,curated,"Onion, Tomato, Lemon Juice, Salt"
1507,Indian Meals,Salads,Tomato Onion Raita,,"tomato onion raita, pyaaz, pyaz, tamatar, tamatar aur pyaaz ka raita, tomato onion raitas, tomato-onion-raita",1,bowl,177.7,59,3.7,7.1,1.8,1,6,1.1,165,6,Meals / Prepared Food,curated,"Onion, Tomato, Lemon Juice, Salt"
1508,Indian Meals,Salads,Tossed Green Salad,,"tossed green salad, tossed green salads, tossed-green-salad",1,small bowl,218,49.9,1.3,3.8,3.2,1.3,1.9,0.1,65,0,Meals / Prepared Food,curated,"Onion, Tomato, Lemon Juice, Salt"
1509,Indian Meals,Salads,Tossed Salad,,"tossed salad, tossed salads, tossed-salad",1,bowl,341,63,1,5,4.2,2.1,1.6,0.6,78,0,Meals / Prepared Food,curated,"Onion, Tomato, Lemon Juice, Salt"
1510,Indian Meals,Salads,Waldroff Salad,,"waldroff salad, waldroff salads, waldroff-salad",1,bowl,246.5,141.8,1.5,11,10.1,1.9,8.2,2.2,13,10,Meals / Prepared Food,curated,"Onion, Tomato, Lemon Juice, Salt"
1511,Indian Meals,Snacks & Street Food,Cauliflower Pakora/pakoda,,"cauliflower pakora/pakoda, cauliflower pakora/pakodas, cauliflower-pakora/pakoda, gobi, phool gobi, phoolgobhi ke pakode",1,plate,674.5,671.6,2,4.5,71.9,1.3,0.2,8.6,67,0,Meals / Prepared Food,curated,"Cauliflower, Chickpeas (Chana), Onion, Cooking Oil, Spices"
1512,Indian Meals,Snacks & Street Food,Chicken Pakora/pakoda,,"chicken pakora/pakoda, chicken pakora/pakodas, chicken-pakora/pakoda, murgi",1,pakora,68.5,590.1,6,4.6,61,1,0.2,7.3,103,12,Meals / Prepared Food,curated,"Chicken, Chickpeas (Chana), Onion, Cooking Oil, Spices"
1513,Indian Meals,Snacks & Street Food,Dahi Vadas/Dahi Bhalla,,"dahi vadas/dahi bhalla, dahi vadas/dahi bhallas, dahi-vadas/dahi-bhalla",1,vada,172.3,667.7,3,5.5,70.4,1,1.8,8.8,79,2,Meals / Prepared Food,curated,"Yogurt (Curd), Cooking Oil, Spices"
1514,Indian Meals,Snacks & Street Food,Egg Cutlet,,"egg cutlet, anda, anda cutlet, egg cutlets, egg-cutlet",1,cutlet,203.3,575,2.4,5.8,60.2,0.6,0.2,7.5,79,45,Meals / Prepared Food,curated,"Egg, Cooking Oil, Spices"
1515,Indian Meals,Snacks & Street Food,Egg Pakora/pakoda,,"egg pakora/pakoda, anda, ande ke pakode, egg pakora/pakodas, egg-pakora/pakoda",1,plate,644.5,710.5,2.8,4.5,75.9,0.9,0.2,9.3,75,28,Meals / Prepared Food,curated,"Egg, Chickpeas (Chana), Onion, Cooking Oil, Spices"
1516,Indian Meals,Snacks & Street Food,Fermented Bengal Gram Vada,,"fermented bengal gram vada, fermented bengal gram vadas, fermented-bengal-gram-vada, khameerikrit/ufna hua channa dal ka vada",1,vada,90.1,657.6,4.1,8.7,67.2,2.7,0.4,8.1,64,0,Meals / Prepared Food,curated,"Lentils (Dal), Urad Dal (Split Black Gram), Cooking Oil, Spices"
1517,Indian Meals,Snacks & Street Food,Fish Cutlet,,"fish cutlet, fish cutlets, fish-cutlet, machli, machli ka cutlet",1,cutlet,349,654.6,2.8,3.1,70.1,0.5,0.3,8.7,75,11,Meals / Prepared Food,curated,"Fish, Cooking Oil, Spices"
1518,Indian Meals,Snacks & Street Food,Fish Pakora/pakoda,,"fish pakora/pakoda, fish pakora/pakodas, fish-pakora/pakoda, machli",1,pakora,68.5,577,6,4.6,59.5,1,0.2,7.2,112,9,Meals / Prepared Food,curated,"Fish, Chickpeas (Chana), Onion, Cooking Oil, Spices"
1519,Indian Meals,Snacks & Street Food,Flattened Rice Cutlet,,"flattened rice cutlet, chawal, chirwa cutlet/chivda cutlet/poha cutlet, flattened rice cutlets, flattened-rice-cutlet",1,cutlet,331.3,701.7,1.8,7.4,73.9,0.9,0.3,9,77,7,Meals / Prepared Food,curated,"Rice, Poha (Flattened Rice), Cooking Oil, Spices"
1520,Indian Meals,Snacks & Street Food,Idli,,"idli, idlis",1,idli,25.1,137.5,4.6,28.2,0.3,2.3,0.3,0.1,101,0,Meals / Prepared Food,curated,"Rice, Urad Dal (Split Black Gram), Cooking Oil, Spices"
1521,Indian Meals,Snacks & Street Food,Instant Idli,,"instant idli, instant idlis, instant-idli, with semolina",1,idli,35.3,247.3,9.2,43.4,3.6,7.1,3.4,0.9,1505,3,Meals / Prepared Food,curated,"Semolina (Rava/Sooji), Rice, Urad Dal (Split Black Gram), Cooking Oil, Spices"
1522,Indian Meals,Snacks & Street Food,Jowar Dosa,,"jowar dosa, jowar dosas, jowar-dosa",1,dosa,33,294.3,8.5,40.5,10.3,5.6,0.6,1.3,97,0,Meals / Prepared Food,curated,"Rice, Urad Dal (Split Black Gram), Cooking Oil, Spices"
1523,Indian Meals,Snacks & Street Food,Khakhra Chaat,,"khakhra chaat, khakhra chaats, khakhra-chaat",1,plate,835.5,358.7,4.5,16.6,30.6,3,3.3,3.7,103,0,Meals / Prepared Food,curated,"Puffed Rice/Sev, Tamarind Chutney, Cooking Oil, Spices"
1524,Indian Meals,Snacks & Street Food,Khasta Kachori,,"khasta kachori, khasta kachoris, khasta-kachori",1,kachori,100.7,712.7,2.5,12.8,72.3,1,0.3,8.7,91,0,Meals / Prepared Food,curated,"Refined Flour (Maida), Lentils (Dal), Cooking Oil, Spices"
1525,Indian Meals,Snacks & Street Food,Masala Dosa,,"masala dosa, masala dosas, masala-dosa",1,dosa,209.7,164.6,3.3,19.6,7.8,2.5,1.3,1,191,0,Meals / Prepared Food,curated,"Rice, Urad Dal (Split Black Gram), Cooking Oil, Spices"
1526,Indian Meals,Snacks & Street Food,Masala Dosa Mixed Vegetable Fillings,,"masala dosa mixed vegetable fillings, masala dosa mixed vegetable filling, masala dosa mixed vegetable fillingses, masala-dosa-mixed-vegetable-fillings",1,dosa,277.3,144.5,4.8,23,3.3,4.3,1.5,1.5,122,5,Meals / Prepared Food,curated,"Rice, Urad Dal (Split Black Gram), Cooking Oil, Spices"
1527,Indian Meals,Snacks & Street Food,Masala Dosa Paneer Fillings,,"masala dosa paneer fillings, masala dosa paneer filling, masala dosa paneer fillingses, masala-dosa-paneer-fillings, paneer",1,dosa,197.3,243.1,10.3,29.8,8.8,3.1,4.8,4.7,160,7,Meals / Prepared Food,curated,"Paneer (Cottage Cheese), Rice, Urad Dal (Split Black Gram), Cooking Oil, Spices"
1528,Indian Meals,Snacks & Street Food,Masala Green Chilli Pakora/pakoda,,"masala green chilli pakora/pakoda, hari mirch, hari mirch kay pakode, masala green chilli pakora/pakodas, masala-green-chilli-pakora/pakoda, mirch",1,pakora,68.6,668.8,2.2,5.5,71,1.3,0.3,8.5,121,0,Meals / Prepared Food,curated,"Chickpeas (Chana), Onion, Cooking Oil, Spices"
1529,Indian Meals,Snacks & Street Food,Masala Onion Pakora/pakoda,,"masala onion pakora/pakoda, masala onion pakora/pakodas, masala-onion-pakora/pakoda, pyaaz, pyaaz ke pakode, pyaz",1,pakora,70.5,551.6,2,6.5,57.6,1.4,1.6,6.9,99,0,Meals / Prepared Food,curated,"Onion, Chickpeas (Chana), Cooking Oil, Spices"
1530,Indian Meals,Snacks & Street Food,Masala Urad Dal Vada,,"masala urad dal vada, masala urad dal vadas, masala-urad-dal-vada, urad dal",1,vada,85.5,703.8,4.3,9.9,71.6,2.7,0.7,9.3,61,0,Meals / Prepared Food,curated,"Urad Dal (Split Black Gram), Lentils (Dal), Cooking Oil, Spices"
1531,Indian Meals,Snacks & Street Food,Masala Vada,,"masala vada, masala vadas, masala-vada",1,vada,269.8,826,1.7,4.1,89.2,1.1,0.2,10.7,75,0,Meals / Prepared Food,curated,"Urad Dal (Split Black Gram), Cooking Oil, Spices"
1532,Indian Meals,Snacks & Street Food,Methi Pakora/pakoda,,"methi pakora/pakoda, methi ke pakode, methi pakora/pakodas, methi-pakora/pakoda",1,plate,634.5,713.3,2.1,4.7,76.4,1.2,0.2,9.2,70,0,Meals / Prepared Food,curated,"Fenugreek Leaves (Methi), Chickpeas (Chana), Onion, Cooking Oil, Spices"
1533,Indian Meals,Snacks & Street Food,Minced Meat Cutlet,,"minced meat cutlet, minced meat cutlets, minced-meat-cutlet",1,cutlet,233.3,531.9,5.1,5.6,54.5,0.4,0.3,7.5,96,16,Meals / Prepared Food,curated,"Refined Flour (Maida), Potato, Cooking Oil, Spices"
1534,Indian Meals,Snacks & Street Food,Minced Meat Samosa,,"minced meat samosa, keema ka samosa, minced meat samosas, minced-meat-samosa",1,samosa,134.9,621,4.4,6.1,64.3,0.4,0.5,9,89,17,Meals / Prepared Food,curated,"Refined Flour (Maida), Potato, Green Peas, Cooking Oil, Spices"
1535,Indian Meals,Snacks & Street Food,Mixed Vegetable Pakora/pakoda,,"mixed vegetable pakora/pakoda, mixed vegetable pakora/pakodas, mixed-vegetable-pakora/pakoda",1,plate,674.5,673.8,1.9,5.1,71.9,1.1,0.4,8.6,65,0,Meals / Prepared Food,curated,"Chickpeas (Chana), Onion, Cooking Oil, Spices"
1536,Indian Meals,Snacks & Street Food,Moong Bean Dosa,,"moong bean dosa, moong bean dosas, moong dal, moong-bean-dosa, pesarattu",1,pesarattu,26.6,286,12.3,31.9,11.7,6,2.9,4.9,61,18,Meals / Prepared Food,curated,"Moong Dal (Split Mung Bean), Lentils (Dal), Rice, Urad Dal (Split Black Gram), Beans, Cooking Oil, Spices"
1537,Indian Meals,Snacks & Street Food,Onion Pakora/pakoda,,"onion pakora/pakoda, onion pakora/pakodas, onion-pakora/pakoda, pyaaz, pyaaz ke pakode, pyaz",1,plate,674.5,674.6,1.9,5.4,71.8,1.1,0.9,8.6,64,0,Meals / Prepared Food,curated,"Onion, Chickpeas (Chana), Cooking Oil, Spices"
1538,Indian Meals,Snacks & Street Food,Onion Tomato Uttapam,,"onion tomato uttapam, onion tomato uttapams, onion-tomato-uttapam, pyaaz, pyaz, tamatar",1,uttapam,139.5,462,1.9,11.3,45.3,1.3,0.8,5.5,144,0,Meals / Prepared Food,curated,"Onion, Tomato, Rice, Urad Dal (Split Black Gram), Cooking Oil, Spices"
1539,Indian Meals,Snacks & Street Food,Paneer Cutlet,,"paneer cutlet, paneer, paneer cutlets, paneer-cutlet",1,cutlet,180.8,672.2,4.6,7.6,69.4,0.4,2.5,9.7,91,0,Meals / Prepared Food,curated,"Paneer (Cottage Cheese), Cooking Oil, Spices"
1540,Indian Meals,Snacks & Street Food,Paneer Pakora/pakoda,,"paneer pakora/pakoda, paneer, paneer pakora/pakodas, paneer-pakora/pakoda",1,plate,646.7,718.1,3.3,5.5,76.1,0.9,1.1,9.7,132,0,Meals / Prepared Food,curated,"Paneer (Cottage Cheese), Chickpeas (Chana), Onion, Cooking Oil, Spices"
1541,Indian Meals,Snacks & Street Food,Paneer Potato Cutlet,,"paneer potato cutlet, aloo, paneer, paneer aloo cutlet, paneer potato cutlets, paneer-potato-cutlet",1,cutlet,343.2,672.9,2.5,5.2,71.4,0.4,1,9.2,86,13,Meals / Prepared Food,curated,"Paneer (Cottage Cheese), Potato, Cooking Oil, Spices"
1542,Indian Meals,Snacks & Street Food,Paneer and Pea Samosa,,"paneer and pea samosa, matar, paneer, paneer and pea samosas, paneer matar ka samosa, paneer-and-pea-samosa",1,samosa,134.9,623.8,4,8.5,63.6,1,1.7,8.5,78,0,Meals / Prepared Food,curated,"Paneer (Cottage Cheese), Green Peas, Refined Flour (Maida), Potato, Cooking Oil, Spices"
1543,Indian Meals,Snacks & Street Food,Pav Bhaji,,"pav bhaji, pav bhajis, pav-bhaji",1,serving,581.2,96.5,2.7,12,4.3,2,2.1,2.2,164,9,Meals / Prepared Food,curated,"Refined Flour (Maida), Chickpeas (Chana), Onion, Cooking Oil, Spices"
1544,Indian Meals,Snacks & Street Food,Pav Bhaji Masala,,"pav bhaji masala, pav bhaji masalas, pav-bhaji-masala",1,gm,100,230.5,9.1,29.1,11,24.3,1.5,1,1815,0,Meals / Prepared Food,curated,"Refined Flour (Maida), Chickpeas (Chana), Onion, Cooking Oil, Spices"
1545,Indian Meals,Snacks & Street Food,Peanut Cutlet,,"peanut cutlet, moongphali, mungfali, mungfali ke cutlet, peanut cutlets, peanut-cutlet",1,cutlet,338.8,698.8,2.6,5.7,74,1.2,0.5,9.2,84,7,Meals / Prepared Food,curated,"Peanuts, Cooking Oil, Spices"
1546,Indian Meals,Snacks & Street Food,Peanut Sago Vada,,"peanut sago vada, moongphali, mungfali, peanut sago vadas, peanut-sago-vada, sabudana mungfali vada",1,vada,305.6,749.9,1,7.1,79.8,0.6,0.2,9.7,71,0,Meals / Prepared Food,curated,"Sabudana (Sago), Urad Dal (Split Black Gram), Peanuts, Cooking Oil, Spices"
1547,Indian Meals,Snacks & Street Food,Peas Kachori,,"peas kachori, matar, matar kachori, peas kachoris, peas-kachori",1,kachori,108.1,584.7,3.2,13.2,57.5,2,0.5,6.9,55,0,Meals / Prepared Food,curated,"Green Peas, Refined Flour (Maida), Lentils (Dal), Peas, Cooking Oil, Spices"
1548,Indian Meals,Snacks & Street Food,Plain Dosa,,"plain dosa, plain dosas, plain-dosa",1,dosa,36.1,380.9,10.3,64.1,8.4,5.2,0.7,5,143,20,Meals / Prepared Food,curated,"Rice, Urad Dal (Split Black Gram), Cooking Oil, Spices"
1549,Indian Meals,Snacks & Street Food,Plain Urad Dal Vada,,"plain urad dal vada, plain urad dal vadas, plain-urad-dal-vada, urad dal, uzunne vada/minapa garelu/ulundu vadai/medu vada",1,vada,78.9,745.5,4.4,9.7,76.3,2.3,0.2,9.2,66,0,Meals / Prepared Food,curated,"Urad Dal (Split Black Gram), Lentils (Dal), Cooking Oil, Spices"
1550,Indian Meals,Snacks & Street Food,Poshtik Cutlet,,"poshtik cutlet, poshtik cutlets, poshtik-cutlet",1,cutlet,240.8,496.4,2,7.4,50.9,1.3,0.3,6.2,57,0,Meals / Prepared Food,curated,"Refined Flour (Maida), Potato, Cooking Oil, Spices"
1551,Indian Meals,Snacks & Street Food,Potato Pakora/pakoda,,"potato pakora/pakoda, aloo, aloo pakoda, potato pakora/pakodas, potato-pakora/pakoda",1,plate,674.5,677.2,1.9,6,71.8,1,0.2,8.6,63,0,Meals / Prepared Food,curated,"Potato, Chickpeas (Chana), Onion, Cooking Oil, Spices"
1552,Indian Meals,Snacks & Street Food,Potato Samosa,,"potato samosa, aloo, aloo ka samosa, potato samosas, potato-samosa",1,samosa,140.9,577.4,1.7,9.2,59.2,1.2,0.3,7.6,77,2,Meals / Prepared Food,curated,"Potato, Refined Flour (Maida), Green Peas, Cooking Oil, Spices"
1553,Indian Meals,Snacks & Street Food,Sago Cutlet/vadas,,"sago cutlet/vadas, sabudana cutlet/vadas, sago cutlet/vada, sago cutlet/vadases, sago-cutlet/vadas",1,cutlet,210.8,558.8,0.6,11.2,57,0.5,0.1,6.9,48,0,Meals / Prepared Food,curated,"Sabudana (Sago), Urad Dal (Split Black Gram), Cooking Oil, Spices"
1554,Indian Meals,Snacks & Street Food,Semolina Carrot Vada,,"semolina carrot vada, gajar, rava, semolina carrot vadas, semolina-carrot-vada, suji, suji gajar vada",1,vada,162.8,699.5,1.6,6.5,74.1,1.1,1.2,9.1,73,1,Meals / Prepared Food,curated,"Carrot, Semolina (Rava/Sooji), Urad Dal (Split Black Gram), Carrots, Cooking Oil, Spices"
1555,Indian Meals,Snacks & Street Food,Semolina Dosa,,"semolina dosa, rava, semolina dosas, semolina-dosa, suji, suji/rava dosa",1,dosa,73.4,227.1,7.3,32.8,7.1,4,4.4,1.5,202,5,Meals / Prepared Food,curated,"Semolina (Rava/Sooji), Rice, Urad Dal (Split Black Gram), Cooking Oil, Spices"
1556,Indian Meals,Snacks & Street Food,Semolina Idli,,"semolina idli, rava, semolina idlis, semolina-idli, suji, suji/rava idli",1,idli,29.6,206.4,9.3,33.7,3.5,5.8,3.4,1.1,185,3,Meals / Prepared Food,curated,"Semolina (Rava/Sooji), Rice, Urad Dal (Split Black Gram), Cooking Oil, Spices"
1557,Indian Meals,Snacks & Street Food,Soyabean Tikki,,"soyabean tikki, soyabean tikkis, soyabean-tikki",1,tikki,165.6,698.2,3.5,4.4,74,2.2,0.3,8.9,89,0,Meals / Prepared Food,curated,"Refined Flour (Maida), Potato, Cooking Oil, Spices"
1558,Indian Meals,Snacks & Street Food,Spicy Corn Chaat,,"spicy corn chaat, bhutta, makka, spicy corn chaats, spicy-corn-chaat",1,plate,554.2,479.8,4.6,11.4,46.6,2.2,0.9,6.4,86,4,Meals / Prepared Food,curated,"Corn, Puffed Rice/Sev, Tamarind Chutney, Cooking Oil, Spices"
1559,Indian Meals,Snacks & Street Food,Spinach Chickpeas Cutlet,,"spinach chickpeas cutlet, chana, chole, palak, palak channa dal cutlet, spinach chickpeas cutlets, spinach-chickpeas-cutlet",1,cutlet,327.8,688,1.4,4.9,73.6,0.9,0.2,8.9,79,7,Meals / Prepared Food,curated,"Chickpeas (Chana), Lentils (Dal), Spinach, Chickpeas, Cooking Oil, Spices"
1560,Indian Meals,Snacks & Street Food,Spinach Pakora/pakoda,,"spinach pakora/pakoda, palak, palak pakoda, spinach pakora/pakodas, spinach-pakora/pakoda",1,plate,634.5,712.6,2,4.7,76.4,1,0.2,9.2,70,0,Meals / Prepared Food,curated,"Spinach, Chickpeas (Chana), Onion, Cooking Oil, Spices"
1561,Indian Meals,Snacks & Street Food,Uttapam,,"uttapam, uttapams",1,uttapam,68,255.9,6.2,36.3,9,4.4,1.5,3.2,229,11,Meals / Prepared Food,curated,"Rice, Urad Dal (Split Black Gram), Cooking Oil, Spices"
1562,Indian Meals,Snacks & Street Food,Vegetable Cutlet,,"vegetable cutlet, vegetable cutlets, vegetable-cutlet",1,cutlet,337.8,665.5,1.2,4.7,71.3,0.9,0.3,8.6,85,7,Meals / Prepared Food,curated,"Refined Flour (Maida), Potato, Cooking Oil, Spices"
1563,Indian Meals,Snacks & Street Food,Vegetable Samosa,,"vegetable samosa, vegetable samosas, vegetable-samosa",1,samosa,100.9,443.1,2.2,13.2,42.2,1.5,0.7,5.9,108,4,Meals / Prepared Food,curated,"Refined Flour (Maida), Potato, Green Peas, Cooking Oil, Spices"
1564,Indian Meals,Soups,Almond Soup,,"almond soup, almond soups, almond-soup, badam, badam ka soup",1,bowl,477,78.7,10.1,3.7,13.8,0.9,1.9,2.6,8377,28,Meals / Prepared Food,curated,"Almonds, Onion, Garlic, Black Pepper, Salt, Stock/Water"
1565,Indian Meals,Soups,Baked Potato Soup,,"baked potato soup, aloo, baked potato soups, baked-potato-soup",1,bowl,523.5,147.1,5.7,5.9,11.2,0.3,3.4,6.2,269,26,Meals / Prepared Food,curated,"Potato, Onion, Garlic, Black Pepper, Salt, Stock/Water"
1566,Indian Meals,Soups,Bottle Gourd Soup,,"bottle gourd soup, bottle gourd soups, bottle-gourd-soup, ghiya, ghiya/lauki soup, lauki",1,bowl,295.1,23,0.5,1.2,1.8,1,0.4,0.4,54,1,Meals / Prepared Food,curated,"Bottle Gourd (Lauki), Gourd, Onion, Garlic, Black Pepper, Salt, Stock/Water"
1567,Indian Meals,Soups,Chicken Sweet Corn Soup,,"chicken sweet corn soup, bhutta, chicken sweet corn soups, chicken-sweet-corn-soup, makka, murgi",1,soup bowl,241.8,28.3,14.5,1.6,12.6,0.5,0.3,0.1,12205,6,Meals / Prepared Food,curated,"Chicken, Corn, Onion, Garlic, Black Pepper, Salt, Stock/Water"
1568,Indian Meals,Soups,Chinese Cabbage and Meat Ball Soup,,"chinese cabbage and meat ball soup, band gobi, chinese cabbage and meat ball soups, chinese-cabbage-and-meat-ball-soup, patta gobi",1,soup bowl,465.5,484.3,5.2,1.4,56.6,0.6,0.4,6.5,4249,6,Meals / Prepared Food,curated,"Cauliflower, Cabbage, Onion, Garlic, Black Pepper, Salt, Stock/Water"
1569,Indian Meals,Soups,Clear Tomato Soup,,"clear tomato soup, clear tomato soups, clear-tomato-soup, tamatar, tamatar ka soup",1,soup bowl,397.6,80.1,4.8,3.5,12.2,2,1.4,0.9,5136,0,Meals / Prepared Food,curated,"Tomato, Onion, Garlic, Black Pepper, Salt, Stock/Water"
1570,Indian Meals,Soups,Cold Cucumber Cream Soup,,"cold cucumber cream soup, cold cucumber cream soups, cold-cucumber-cream-soup, kheera, malai",1,bowl,382.5,11.9,0.3,1.8,0.3,0.7,0.5,0.2,208,1,Meals / Prepared Food,curated,"Cream, Cucumber, Onion, Garlic, Black Pepper, Salt, Stock/Water"
1571,Indian Meals,Soups,Cold Cucumber Soup,,"cold cucumber soup, cold cucumber soups, cold-cucumber-soup, kheera, thanda kheere ka soup",1,soup bowl,187.7,48,3,4.6,2,0.9,3.3,1.2,121,7,Meals / Prepared Food,curated,"Cucumber, Onion, Garlic, Black Pepper, Salt, Stock/Water"
1572,Indian Meals,Soups,Cold Summer Garden Soup,,"cold summer garden soup, cold summer garden soups, cold-summer-garden-soup",1,soup bowl,307,49.2,8.6,2.6,14.1,1.9,0.5,2.5,9920,10,Meals / Prepared Food,curated,"Onion, Garlic, Black Pepper, Salt, Stock/Water"
1573,Indian Meals,Soups,Cold Tomato Soup,,"cold tomato soup, cold tomato soups, cold-tomato-soup, tamatar",1,bowl,274.5,16.9,0.1,0.6,1.6,0.2,0.2,1,287,4,Meals / Prepared Food,curated,"Tomato, Onion, Garlic, Black Pepper, Salt, Stock/Water"
1574,Indian Meals,Soups,Cream of Broccoli Soup,,"cream of broccoli soup, cream of broccoli soups, cream-of-broccoli-soup",1,bowl,460.7,56.1,9,3.7,12.7,1.9,1.6,2.3,8792,8,Meals / Prepared Food,curated,"Cream, Broccoli, Onion, Garlic, Black Pepper, Salt, Stock/Water"
1575,Indian Meals,Soups,Cream of Carrot Soup,,"cream of carrot soup, cream of carrot soups, cream-of-carrot-soup, gajar",1,bowl,465.7,59.8,8.3,5.7,12.4,2,1.8,2.1,8695,7,Meals / Prepared Food,curated,"Carrot, Cream, Carrots, Onion, Garlic, Black Pepper, Salt, Stock/Water"
1576,Indian Meals,Soups,Cream of Green Peas Soup,,"cream of green peas soup, cream of green peas soups, cream-of-green-peas-soup, matar",1,soup bowl,408.5,127.8,7.1,6.8,14.8,3,1.6,2.7,5000,6,Meals / Prepared Food,curated,"Green Peas, Cream, Peas, Onion, Garlic, Black Pepper, Salt, Stock/Water"
1577,Indian Meals,Soups,Cream of Mixed Vegetable Soup,,"cream of mixed vegetable soup, cream of mixed vegetable soups, cream-of-mixed-vegetable-soup",1,soup bowl,362.4,59.6,6.8,4.9,9,2.1,2.1,2,5655,7,Meals / Prepared Food,curated,"Cream, Onion, Garlic, Black Pepper, Salt, Stock/Water"
1578,Indian Meals,Soups,Cream of Spinach Soup,,"cream of spinach soup, cream of spinach soups, cream-of-spinach-soup, palak",1,soup bowl,462.6,100.5,5.2,3.4,13.3,1.7,1.1,2.4,4430,5,Meals / Prepared Food,curated,"Spinach, Cream, Onion, Garlic, Black Pepper, Salt, Stock/Water"
1579,Indian Meals,Soups,Cream of Tomato Soup,,"cream of tomato soup, cream of tomato soups, cream-of-tomato-soup, tamatar",1,soup bowl,462.4,97.8,4.6,3.9,13.1,1.4,1.8,2.4,4461,5,Meals / Prepared Food,curated,"Tomato, Cream, Onion, Garlic, Black Pepper, Salt, Stock/Water"
1580,Indian Meals,Soups,French Onion Soup,,"french onion soup, french onion soups, french-onion-soup, pyaaz, pyaz",1,soup bowl,351.9,55.6,11.4,4.3,14.4,1,1.5,2.4,11203,11,Meals / Prepared Food,curated,"Onion, Garlic, Black Pepper, Salt, Stock/Water"
1581,Indian Meals,Soups,Garlic Chickpea Soup,,"garlic chickpea soup, chana, chole, garlic chickpea soups, garlic-chickpea-soup, lahasun aur chane ka shoraba, lasan, lehsun",1,soup bowl,318.2,89.5,4.4,13.9,2,2.8,2.7,0.2,80,0,Meals / Prepared Food,curated,"Chickpeas (Chana), Chickpeas, Garlic, Onion, Black Pepper, Salt, Stock/Water"
1582,Indian Meals,Soups,Garlic Soup,,"garlic soup, garlic soups, garlic-soup, lasan, lehsun",1,bowl,144,194.9,2.4,7,17.6,1.7,2.4,6.5,179,23,Meals / Prepared Food,curated,"Garlic, Onion, Black Pepper, Salt, Stock/Water"
1583,Indian Meals,Soups,Ham and Bean Soup,,"ham and bean soup, ham and bean soups, ham-and-bean-soup",1,bowl,150.8,96,10.6,4.2,4.2,0.5,1.4,0.9,378,26,Meals / Prepared Food,curated,"Pork, Beans, Ham, Onion, Garlic, Black Pepper, Salt, Stock/Water"
1584,Indian Meals,Soups,Hot and Sour Soup,,"hot and sour soup, hot and sour soups, hot-and-sour-soup",1,soup bowl,393,31.5,3.1,1.8,1.3,0.6,0.7,0.2,163,18,Meals / Prepared Food,curated,"Onion, Garlic, Black Pepper, Salt, Stock/Water"
1585,Indian Meals,Soups,Lemon Coriander Soup,,"lemon coriander soup, dhaniya, lemon coriander soups, lemon-coriander-soup, nimbu",1,bowl,48.6,108.1,2.3,10.3,6.3,6.8,2.2,0.7,219,0,Meals / Prepared Food,curated,"Lemons, Onion, Garlic, Black Pepper, Salt, Stock/Water"
1586,Indian Meals,Soups,Lentil Soup,,"lentil soup, dal, lentil soups, lentil-soup",1,soup bowl,389.2,31.2,9.7,3.9,11.7,2.6,1.1,0.6,10419,2,Meals / Prepared Food,curated,"Lentils (Dal), Lentils, Onion, Garlic, Black Pepper, Salt, Stock/Water"
1587,Indian Meals,Soups,Millet Soup,,"millet soup, bajra, millet soups, millet-soup",1,bowl,231.5,56,11.3,8.2,12.6,2.8,1.5,0.4,10919,1,Meals / Prepared Food,curated,"Millet, Onion, Garlic, Black Pepper, Salt, Stock/Water"
1588,Indian Meals,Soups,Mixed Vegetable Soup,,"mixed vegetable soup, mixed vegetable soups, mixed-vegetable-soup",1,bowl,440.7,35.7,8.2,2.9,11.7,1.6,1.6,1.3,9202,4,Meals / Prepared Food,curated,"Onion, Garlic, Black Pepper, Salt, Stock/Water"
1589,Indian Meals,Soups,Mulligatawny Soup,,"mulligatawny soup, mulligatawny soups, mulligatawny-soup",1,bowl,348.8,54.4,11.3,8.2,13.3,2.6,1.3,0.8,11602,3,Meals / Prepared Food,curated,"Onion, Garlic, Black Pepper, Salt, Stock/Water"
1590,Indian Meals,Soups,Paneer Soup,,"paneer soup, paneer, paneer soups, paneer-soup",1,bowl,610.7,47.9,3.2,2.4,2.8,0.3,2,1.5,68,0,Meals / Prepared Food,curated,"Paneer (Cottage Cheese), Onion, Garlic, Black Pepper, Salt, Stock/Water"
1591,Indian Meals,Soups,Pumpkin Soup,,"pumpkin soup, kaddu, kohla, pumpkin soups, pumpkin-soup",1,bowl,318.4,40,0.5,2.1,3.2,1.2,1.5,0.6,45,1,Meals / Prepared Food,curated,"Pumpkin, Onion, Garlic, Black Pepper, Salt, Stock/Water"
1592,Indian Meals,Soups,Spinach Soup,,"spinach soup, palak, palak ka soup, spinach soups, spinach-soup",1,bowl,502.8,32.6,10.5,3,14.3,2,0.3,1.1,12088,4,Meals / Prepared Food,curated,"Spinach, Onion, Garlic, Black Pepper, Salt, Stock/Water"
1593,Indian Meals,Soups,Spinach Soup in Milk,,"spinach soup in milk, doodh, palak, spinach soup in milks, spinach-soup-in-milk",1,serving,100,56.7,2.9,4,3.2,0.8,3.3,1.9,31,0,Meals / Prepared Food,curated,"Spinach, Milk, Onion, Garlic, Black Pepper, Salt, Stock/Water"
1594,Indian Meals,Soups,Sweet Corn Soup,,"sweet corn soup, bhutta, makka, sweet corn soups, sweet-corn-soup",1,bowl,392.2,32.2,1,3.6,1.6,0.3,0.9,0.2,22,0,Meals / Prepared Food,curated,"Corn, Onion, Garlic, Black Pepper, Salt, Stock/Water"
1595,Indian Meals,Soups,Talaumein Soup,,"talaumein soup, talaumein soups, talaumein-soup",1,soup bowl,369.1,35.6,10.1,4.2,12.8,1.9,0.8,0.3,11088,12,Meals / Prepared Food,curated,"Onion, Garlic, Black Pepper, Salt, Stock/Water"
1596,Indian Meals,Soups,Whey Soup,,"whey soup, whey soups, whey-soup",1,bowl,223.4,68.9,3.5,6.3,3.3,0.8,5.9,1.4,87,1,Meals / Prepared Food,curated,"Onion, Garlic, Black Pepper, Salt, Stock/Water"
1597,Indian Meals,Vegetarian Mains & Curries,Al Yakhani,,"al yakhani, al yakhanis, al-yakhani",1,bowl,232,147.5,2.9,4.6,13.1,1.3,3.6,2.3,206,5,Meals / Prepared Food,curated,"Onion, Tomato, Garlic, Ginger, Cooking Oil, Turmeric, Red Chili Powder, Coriander Powder, Cumin, Salt"
1598,Indian Meals,Vegetarian Mains & Curries,American Frosting,,"american frosting, american frostings, american-frosting",1,serving,100,257.6,1.1,67.5,0,0,67.5,0,19,0,Meals / Prepared Food,curated,"Onion, Tomato, Garlic, Ginger, Cooking Oil, Turmeric, Red Chili Powder, Coriander Powder, Cumin, Salt"
1599,Indian Meals,Vegetarian Mains & Curries,Appam,,"appam, appams",1,appam,152.9,267.7,3.1,13.3,22.6,6.2,4.2,15.3,27,0,Meals / Prepared Food,curated,"Onion, Tomato, Garlic, Ginger, Cooking Oil, Turmeric, Red Chili Powder, Coriander Powder, Cumin, Salt"
1600,Indian Meals,Vegetarian Mains & Curries,Apple Jam,,"apple jam, apple jams, apple-jam, seb, seb ka murabba",1,serving,100,188.8,0.1,48.6,0.3,1.3,46.8,0.1,3,0,Meals / Prepared Food,curated,"Apple, Onion, Tomato, Garlic, Ginger, Cooking Oil, Turmeric, Red Chili Powder, Coriander Powder, Cumin, Salt"
1601,Indian Meals,Vegetarian Mains & Curries,Apple Jelly,,"apple jelly, apple jellies, apple-jelly, seb, seb ki jelly",1,serving,100,152.1,0.1,39.4,0.2,0.9,38.2,0.1,2,0,Meals / Prepared Food,curated,"Apple, Onion, Tomato, Garlic, Ginger, Cooking Oil, Turmeric, Red Chili Powder, Coriander Powder, Cumin, Salt"
1602,Indian Meals,Vegetarian Mains & Curries,Apple Mousse,,"apple mousse, apple mousses, apple-mousse, seb",1,bowl,365,106.9,4.2,12.8,4.3,1.6,10.6,2.2,29,58,Meals / Prepared Food,curated,"Apple, Onion, Tomato, Garlic, Ginger, Cooking Oil, Turmeric, Red Chili Powder, Coriander Powder, Cumin, Salt"
1603,Indian Meals,Vegetarian Mains & Curries,Apple Snowballs,,"apple snowballs, apple snowball, apple snowballses, apple-snowballs, seb",1,piece,259.5,101.5,0.9,24.6,0.3,1.2,19.4,0.1,13,0,Meals / Prepared Food,curated,"Apple, Onion, Tomato, Garlic, Ginger, Cooking Oil, Turmeric, Red Chili Powder, Coriander Powder, Cumin, Salt"
1604,Indian Meals,Vegetarian Mains & Curries,Apricot Fool,,"apricot fool, apricot fools, apricot-fool, khubani",1,tall stemmed glass,228.5,240.8,1.5,33.6,11.3,1,21.3,6.7,8,28,Meals / Prepared Food,curated,"Apricot, Onion, Tomato, Garlic, Ginger, Cooking Oil, Turmeric, Red Chili Powder, Coriander Powder, Cumin, Salt"
1605,Indian Meals,Vegetarian Mains & Curries,Arhar with Spinach,,"arhar with spinach, arhar dal aur palak, arhar with spinaches, arhar-with-spinach, palak",1,curry bowl,403.3,52.8,2.1,4.8,2.8,1.3,0.2,1.5,110,6,Meals / Prepared Food,curated,"Toor Dal (Split Pigeon Pea), Lentils (Dal), Spinach, Onion, Tomato, Garlic, Ginger, Cooking Oil, Turmeric, Cumin, Salt"
1606,Indian Meals,Vegetarian Mains & Curries,Avial,,"avial, avials",1,bowl,335.1,124.6,2.5,8.5,8.9,5.4,3.8,6.2,81,0,Meals / Prepared Food,curated,"Onion, Tomato, Garlic, Ginger, Cooking Oil, Turmeric, Red Chili Powder, Coriander Powder, Cumin, Salt"
1607,Indian Meals,Vegetarian Mains & Curries,Baked Brinjal in Tomato Sauce,,"baked brinjal in tomato sauce, baingan, baked brinjal in tomato sauces, baked-brinjal-in-tomato-sauce, tamatar",1,bowl,430.9,38.6,1.6,4.1,1.6,2.3,2.2,0.4,80,0,Meals / Prepared Food,curated,"Eggplant (Brinjal), Tomato, Onion, Garlic, Ginger, Cooking Oil, Turmeric, Red Chili Powder, Coriander Powder, Cumin, Salt"
1608,Indian Meals,Vegetarian Mains & Curries,Baked Custard,,"baked custard, baked custards, baked-custard",1,bowl,213,106.5,5.4,9.5,5.3,0,9.4,2.6,47,86,Meals / Prepared Food,curated,"Onion, Tomato, Garlic, Ginger, Cooking Oil, Turmeric, Red Chili Powder, Coriander Powder, Cumin, Salt"
1609,Indian Meals,Vegetarian Mains & Curries,Baked Potato with Skin,,"baked potato with skin, aloo, baked potato with skins, baked-potato-with-skin",1,bowl,78.4,135.8,3.4,11.1,8.5,1.2,1.7,5.2,355,22,Meals / Prepared Food,curated,"Potato, Onion, Tomato, Garlic, Ginger, Cooking Oil, Turmeric, Red Chili Powder, Coriander Powder, Cumin, Salt"
1610,Indian Meals,Vegetarian Mains & Curries,Baked Vegetables,,"baked vegetables, baked vegetabl, baked vegetableses, baked-vegetables",1,bowl,302.5,89,3.7,8.4,4.4,2.3,2.6,2.7,125,8,Meals / Prepared Food,curated,"Onion, Tomato, Garlic, Ginger, Cooking Oil, Turmeric, Red Chili Powder, Coriander Powder, Cumin, Salt"
1611,Indian Meals,Vegetarian Mains & Curries,Baked Vegetables with Spinach,,"baked vegetables with spinach, baked vegetables with spinaches, baked-vegetables-with-spinach, palak",1,bowl,423.5,77.8,3.2,6.9,4,2.3,2.1,2.2,123,7,Meals / Prepared Food,curated,"Spinach, Onion, Tomato, Garlic, Ginger, Cooking Oil, Turmeric, Red Chili Powder, Coriander Powder, Cumin, Salt"
1612,Indian Meals,Vegetarian Mains & Curries,Banana Appam,,"banana appam, banana appams, banana-appam, kela",1,appam,290.4,469.8,1.2,20.1,42.5,0.7,9.9,5.7,20,0,Meals / Prepared Food,curated,"Banana, Onion, Tomato, Garlic, Ginger, Cooking Oil, Turmeric, Red Chili Powder, Coriander Powder, Cumin, Salt"
1613,Indian Meals,Vegetarian Mains & Curries,Banana Groundnut Paste/puree,,"banana groundnut paste/puree, banana groundnut paste/purees, banana-groundnut-paste/puree, kela",1,serving,100,213.2,4.3,36.2,5.5,1.7,31.7,1.7,17,0,Meals / Prepared Food,curated,"Banana, Onion, Tomato, Garlic, Ginger, Cooking Oil, Turmeric, Red Chili Powder, Coriander Powder, Cumin, Salt"
1614,Indian Meals,Vegetarian Mains & Curries,Barbeque Sauce,,"barbeque sauce, barbeque sauces, barbeque-sauce",1,serving,100,121.9,1,20.5,4.5,0.7,18.9,0.5,505,0,Meals / Prepared Food,curated,"Onion, Tomato, Garlic, Ginger, Cooking Oil, Turmeric, Red Chili Powder, Coriander Powder, Cumin, Salt"
1615,Indian Meals,Vegetarian Mains & Curries,Bathua Bhujia,,"bathua bhujia, bathua bhujias, bathua-bhujia",1,bowl,198.4,90.9,2.3,3.6,7.3,3.8,1.1,0.9,82,0,Meals / Prepared Food,curated,"Onion, Tomato, Garlic, Ginger, Cooking Oil, Turmeric, Red Chili Powder, Coriander Powder, Cumin, Salt"
1616,Indian Meals,Vegetarian Mains & Curries,Beans Foogath,,"beans foogath, beans foogaths, beans-foogath",1,small bowl,181.2,105.1,2,3.3,9.2,4.1,1.7,3,81,0,Meals / Prepared Food,curated,"Green Beans, Beans, Onion, Tomato, Garlic, Ginger, Cooking Oil, Turmeric, Red Chili Powder, Coriander Powder, Cumin, Salt"
1617,Indian Meals,Vegetarian Mains & Curries,Beans and Macaroni,,"beans and macaroni, beans and macaronis, beans-and-macaroni",1,plate,254.2,136.1,4.6,14.2,7,2,1.7,4.2,183,20,Meals / Prepared Food,curated,"Green Beans, Pasta, Macaroni, Beans, Onion, Tomato, Garlic, Ginger, Cooking Oil, Turmeric, Red Chili Powder, Coriander Powder, Cumin, Salt"
1618,Indian Meals,Vegetarian Mains & Curries,Beans with Coconut,,"beans with coconut, beans with coconuts, beans-with-coconut, nariyal, nariyal aur sem/phali; beans thoran",1,bowl,149.5,131.6,2.6,4.4,11.4,5.6,2.1,4.5,272,0,Meals / Prepared Food,curated,"Green Beans, Coconut, Beans, Onion, Tomato, Garlic, Ginger, Cooking Oil, Turmeric, Red Chili Powder, Coriander Powder, Cumin, Salt"
1619,Indian Meals,Vegetarian Mains & Curries,Bengal 5 Spice Blend,,"bengal 5 spice blend, bengal 5 spice blends, bengal-5-spice-blend, panch phoran",1,serving,100,289.8,18.3,20,22.2,18.4,1.4,0.8,51,0,Meals / Prepared Food,curated,"Onion, Tomato, Garlic, Ginger, Cooking Oil, Turmeric, Red Chili Powder, Coriander Powder, Cumin, Salt"
1620,Indian Meals,Vegetarian Mains & Curries,Besan Bathua Chilla/cheela,,"besan bathua chilla/cheela, besan, besan bathua chilla/cheelas, besan-bathua-chilla/cheela",1,cheela,30.1,373.8,11.5,40.6,18.6,7.8,1.4,10,166,41,Meals / Prepared Food,curated,"Chickpeas (Chana), Onion, Tomato, Garlic, Ginger, Cooking Oil, Turmeric, Red Chili Powder, Coriander Powder, Cumin, Salt"
1621,Indian Meals,Vegetarian Mains & Curries,Besan Gatte Curry,,"besan gatte curry, besan, besan gatte curries, besan-gatte-curry",1,bowl,255.7,189.4,7.8,16.3,10.7,3.2,4.5,2.2,356,3,Meals / Prepared Food,curated,"Chickpeas (Chana), Onion, Tomato, Garlic, Ginger, Cooking Oil, Turmeric, Red Chili Powder, Coriander Powder, Cumin, Salt"
1622,Indian Meals,Vegetarian Mains & Curries,Besan Kadhi with Pakodies,,"besan kadhi with pakodies, besan, besan kadhi with pakodieses, besan kadhi with pakody, besan-kadhi-with-pakodies",1,bowl,586.8,403.3,1.6,3.6,42.6,0.8,0.9,5.3,61,1,Meals / Prepared Food,curated,"Chickpeas (Chana), Onion, Tomato, Garlic, Ginger, Cooking Oil, Turmeric, Red Chili Powder, Coriander Powder, Cumin, Salt"
1623,Indian Meals,Vegetarian Mains & Curries,Bhel Puri,,"bhel puri, bhel puris, bhel-puri",1,plate,700.9,509.9,3.5,16.5,47.9,2.2,3.4,5.8,94,0,Meals / Prepared Food,curated,"Whole Wheat Flour (Atta), Puffed Rice/Sev, Tamarind Chutney, Onion, Tomato, Garlic, Ginger, Cooking Oil, Turmeric, Red Chili Powder, Coriander Powder, Cumin, Salt"
1624,Indian Meals,Vegetarian Mains & Curries,Black Channa Curry/Bengal Gram Curry,,"black channa curry/bengal gram curry, black channa curry/bengal gram curries, black-channa-curry/bengal-gram-curry, kale chane ki curry",1,bowl,119.9,140.7,5.7,14.1,6.6,8,2.4,0.8,359,0,Meals / Prepared Food,curated,"Onion, Tomato, Garlic, Ginger, Cooking Oil, Turmeric, Red Chili Powder, Coriander Powder, Cumin, Salt"
1625,Indian Meals,Vegetarian Mains & Curries,Brinjal Bhartha,,"brinjal bhartha, baingan, baingan ka bhartha, brinjal bharthas, brinjal-bhartha",1,bowl,325.8,65.1,1.4,4.4,4.5,3.3,1.8,0.6,132,0,Meals / Prepared Food,curated,"Eggplant (Brinjal), Onion, Tomato, Garlic, Ginger, Cooking Oil, Turmeric, Red Chili Powder, Coriander Powder, Cumin, Salt"
1626,Indian Meals,Vegetarian Mains & Curries,Broccoli Delight,,"broccoli delight, broccoli delights, broccoli-delight",1,bowl,199.5,40.7,2.5,2.3,2.5,2.8,1.1,0.3,59,0,Meals / Prepared Food,curated,"Broccoli, Onion, Tomato, Garlic, Ginger, Cooking Oil, Turmeric, Red Chili Powder, Coriander Powder, Cumin, Salt"
1627,Indian Meals,Vegetarian Mains & Curries,Brown Sauce,,"brown sauce, brown sauces, brown-sauce",1,serving,100,109.2,11.9,5.4,23.7,1.7,0.1,1.1,14175,0,Meals / Prepared Food,curated,"Onion, Tomato, Garlic, Ginger, Cooking Oil, Turmeric, Red Chili Powder, Coriander Powder, Cumin, Salt"
1628,Indian Meals,Vegetarian Mains & Curries,Butter Icing,,"butter icing, butter icings, butter-icing, makhan",1,tablespoon,16.2,500.7,0.2,71.6,25.4,0,71.6,16.1,6,66,Meals / Prepared Food,curated,"Butter, Onion, Tomato, Garlic, Ginger, Cooking Oil, Turmeric, Red Chili Powder, Coriander Powder, Cumin, Salt"
1629,Indian Meals,Vegetarian Mains & Curries,Cabbage Kofta Curry,,"cabbage kofta curry, band gobi, cabbage kofta curries, cabbage-kofta-curry, patta gobi, pattagobhi kofta curry",1,bowl,713.2,639.8,1,2.9,69.4,0.9,0.9,8.4,93,0,Meals / Prepared Food,curated,"Cauliflower, Cabbage, Onion, Tomato, Garlic, Ginger, Cooking Oil, Turmeric, Red Chili Powder, Coriander Powder, Cumin, Salt"
1630,Indian Meals,Vegetarian Mains & Curries,Cabbage Manchurian,,"cabbage manchurian, band gobi, cabbage manchurians, cabbage-manchurian, patta gobi, pattagobhi manchurian",1,bowl,740.4,224.3,0.6,4.8,22.5,0.4,0.3,2.7,75,0,Meals / Prepared Food,curated,"Cauliflower, Cabbage, Onion, Tomato, Garlic, Ginger, Cooking Oil, Turmeric, Red Chili Powder, Coriander Powder, Cumin, Salt"
1631,Indian Meals,Vegetarian Mains & Curries,Cabbage and Peas,,"cabbage and peas, band gobi, cabbage and pea, cabbage and peases, cabbage-and-peas, matar, patta gobi, pattagobhi aur matar",1,bowl,166.2,63.9,3.2,6.2,2.6,4,1,0.3,254,0,Meals / Prepared Food,curated,"Cauliflower, Cabbage, Green Peas, Peas, Onion, Tomato, Garlic, Ginger, Cooking Oil, Turmeric, Red Chili Powder, Coriander Powder, Cumin, Salt"
1632,Indian Meals,Vegetarian Mains & Curries,Caramel Custard,,"caramel custard, baked, caramel custards, caramel-custard, steamed",1,bowl,228.8,122.1,5,15,4.9,0,15,2.4,44,80,Meals / Prepared Food,curated,"Onion, Tomato, Garlic, Ginger, Cooking Oil, Turmeric, Red Chili Powder, Coriander Powder, Cumin, Salt"
1633,Indian Meals,Vegetarian Mains & Curries,Carrot Apple Sandwich,,"carrot apple sandwich, carrot apple sandwiches, carrot-apple-sandwich, gajar, gajar aur seb ka sandwich, seb",1,triangle,97.2,214.1,5.3,29,9.1,3.7,5.3,5.2,303,21,Meals / Prepared Food,curated,"Carrot, Carrots, Apple, Onion, Tomato, Garlic, Ginger, Cooking Oil, Turmeric, Red Chili Powder, Coriander Powder, Cumin, Salt"
1634,Indian Meals,Vegetarian Mains & Curries,Carrot Murabba,,"carrot murabba, carrot murabbas, carrot-murabba, gajar, gajar ka murabba",1,serving,100,175.2,0.3,45.6,0.2,1.4,44.8,0,20,0,Meals / Prepared Food,curated,"Carrot, Carrots, Onion, Tomato, Garlic, Ginger, Cooking Oil, Turmeric, Red Chili Powder, Coriander Powder, Cumin, Salt"
1635,Indian Meals,Vegetarian Mains & Curries,Carrot and Cabbage with Coconut,,"carrot and cabbage with coconut, band gobi, carrot and cabbage with coconuts, carrot-and-cabbage-with-coconut, gajar, nariyal, nariyal ke saath pattagobhi aur gajar, patta gobi",1,bowl,199.5,106.6,1.8,5,8.6,4.5,2.4,3.4,220,0,Meals / Prepared Food,curated,"Cauliflower, Cabbage, Carrot, Coconut, Carrots, Onion, Tomato, Garlic, Ginger, Cooking Oil, Turmeric, Red Chili Powder, Coriander Powder, Cumin, Salt"
1636,Indian Meals,Vegetarian Mains & Curries,Carrot and Fenugreek Leaves,,"carrot and fenugreek leaves, carrot and fenugreek leav, carrot and fenugreek leaveses, carrot-and-fenugreek-leaves, gajar, gajar methi, methi",1,bowl,190.7,61.9,2.1,4.2,3.8,4.4,2.1,0.5,263,0,Meals / Prepared Food,curated,"Fenugreek Leaves (Methi), Carrot, Carrots, Onion, Tomato, Garlic, Ginger, Cooking Oil, Turmeric, Red Chili Powder, Coriander Powder, Cumin, Salt"
1637,Indian Meals,Vegetarian Mains & Curries,Cauliflower Au Gratin,,"cauliflower au gratin, cauliflower au gratins, cauliflower-au-gratin, gobi, phool gobi",1,bowl,336.3,145.9,4.5,9.1,10.2,1.4,3,6.2,165,22,Meals / Prepared Food,curated,"Cauliflower, Onion, Tomato, Garlic, Ginger, Cooking Oil, Turmeric, Red Chili Powder, Coriander Powder, Cumin, Salt"
1638,Indian Meals,Vegetarian Mains & Curries,Cauliflower Basket,,"cauliflower basket, cauliflower baskets, cauliflower-basket, gobi, phool gobi",1,portion,241.5,90.9,5.2,4,5.9,2.4,1.5,3.3,194,51,Meals / Prepared Food,curated,"Cauliflower, Onion, Tomato, Garlic, Ginger, Cooking Oil, Turmeric, Red Chili Powder, Coriander Powder, Cumin, Salt"
1639,Indian Meals,Vegetarian Mains & Curries,Cauliflower Kofta Curry,,"cauliflower kofta curry, cauliflower kofta curries, cauliflower-kofta-curry, gobi, phool gobi, phoolgobhi kofta curry",1,bowl,711.2,641.1,1,2.6,69.6,1,0.8,8.4,94,0,Meals / Prepared Food,curated,"Cauliflower, Onion, Tomato, Garlic, Ginger, Cooking Oil, Turmeric, Red Chili Powder, Coriander Powder, Cumin, Salt"
1640,Indian Meals,Vegetarian Mains & Curries,Cauliflower Musallam,,"cauliflower musallam, cauliflower musallams, cauliflower-musallam, gobi, phool gobi, phoolgobhi musallam",1,bowl,216,58.8,1.9,4.5,3.5,3.1,1.7,0.5,123,0,Meals / Prepared Food,curated,"Cauliflower, Onion, Tomato, Garlic, Ginger, Cooking Oil, Turmeric, Red Chili Powder, Coriander Powder, Cumin, Salt"
1641,Indian Meals,Vegetarian Mains & Curries,Cauliflower with Coconut,,"cauliflower with coconut, cauliflower with coconuts, cauliflower-with-coconut, gobi, nariyal, nariyal ke saath phoolgobhi, phool gobi",1,bowl,149.5,132.1,2.6,4,11.6,5.3,1.7,4.5,286,0,Meals / Prepared Food,curated,"Cauliflower, Coconut, Onion, Tomato, Garlic, Ginger, Cooking Oil, Turmeric, Red Chili Powder, Coriander Powder, Cumin, Salt"
1642,Indian Meals,Vegetarian Mains & Curries,"Cauliflower, Pea and Potato Bhujia",,"cauliflower, pea and potato bhujia, aloo, cauliflower, pea and potato bhujias, cauliflower,-pea-and-potato-bhujia, gobi, matar, phool gobi, phoolgobhi, matar aur aloo bhujia",1,bowl,191.2,95.7,2.8,8.2,5.5,3.3,1.5,0.7,86,0,Meals / Prepared Food,curated,"Potato, Cauliflower, Green Peas, Onion, Tomato, Garlic, Ginger, Cooking Oil, Turmeric, Red Chili Powder, Coriander Powder, Cumin, Salt"
1643,Indian Meals,Vegetarian Mains & Curries,Cereal Mix,,"cereal mix, cereal mixes, cereal-mix",1,serving,125,120.8,3.3,21.8,2,2,10.7,0.4,9,0,Meals / Prepared Food,curated,"Onion, Tomato, Garlic, Ginger, Cooking Oil, Turmeric, Red Chili Powder, Coriander Powder, Cumin, Salt"
1644,Indian Meals,Vegetarian Mains & Curries,Channa Murmura Premix,,"channa murmura premix, channa murmura premixes, channa-murmura-premix",1,serving,100,339.1,10.6,72.6,3.3,8.2,1.5,0,206,0,Meals / Prepared Food,curated,"Onion, Tomato, Garlic, Ginger, Cooking Oil, Turmeric, Red Chili Powder, Coriander Powder, Cumin, Salt"
1645,Indian Meals,Vegetarian Mains & Curries,Charlotte Rousse,,"charlotte rousse, charlotte rousses, charlotte-rousse",1,bowl,253,188.3,4,34.1,4.8,1,20.5,2.7,56,47,Meals / Prepared Food,curated,"Onion, Tomato, Garlic, Ginger, Cooking Oil, Turmeric, Red Chili Powder, Coriander Powder, Cumin, Salt"
1646,Indian Meals,Vegetarian Mains & Curries,Chat Masala,,"chat masala, chat masalas, chat-masala",1,serving,100,222.6,8.2,23.9,9.9,18.6,0.8,0.3,11874,0,Meals / Prepared Food,curated,"Onion, Tomato, Garlic, Ginger, Cooking Oil, Turmeric, Red Chili Powder, Coriander Powder, Cumin, Salt"
1647,Indian Meals,Vegetarian Mains & Curries,Checker Board Sandwich,,"checker board sandwich, checker board sandwiches, checker-board-sandwich",1,square,36.8,348.4,7.4,25.9,24.7,2.2,2.9,14.9,358,64,Meals / Prepared Food,curated,"Onion, Tomato, Garlic, Ginger, Cooking Oil, Turmeric, Red Chili Powder, Coriander Powder, Cumin, Salt"
1648,Indian Meals,Vegetarian Mains & Curries,Cheese Balls,,"cheese balls, cheese ball, cheese ballses, cheese-balls",1,piece,59.1,681.3,2.2,4.8,72.6,0.2,0.6,11.1,121,38,Meals / Prepared Food,curated,"Cheese, Onion, Tomato, Garlic, Ginger, Cooking Oil, Turmeric, Red Chili Powder, Coriander Powder, Cumin, Salt"
1649,Indian Meals,Vegetarian Mains & Curries,Cheese Noodle Ring,,"cheese noodle ring, cheese noodle rings, cheese-noodle-ring",1,plate,397.5,133.7,6.2,14,6.1,1.3,2.8,3.3,242,56,Meals / Prepared Food,curated,"Noodles, Cheese, Onion, Tomato, Garlic, Ginger, Cooking Oil, Turmeric, Red Chili Powder, Coriander Powder, Cumin, Salt"
1650,Indian Meals,Vegetarian Mains & Curries,Cheese Open Sandwich,,"cheese open sandwich, cheese open sandwiches, cheese-open-sandwich",1,sandwich,55,274.1,9.8,28.4,14.2,1.7,3.2,4.4,504,28,Meals / Prepared Food,curated,"Cheese, Onion, Tomato, Garlic, Ginger, Cooking Oil, Turmeric, Red Chili Powder, Coriander Powder, Cumin, Salt"
1651,Indian Meals,Vegetarian Mains & Curries,Cheese Patties,,"cheese patties, cheese pattieses, cheese patty, cheese-patties",1,patty,104,324,7.4,22.2,22.7,1.2,3.9,4.5,295,0,Meals / Prepared Food,curated,"Cheese, Onion, Tomato, Garlic, Ginger, Cooking Oil, Turmeric, Red Chili Powder, Coriander Powder, Cumin, Salt"
1652,Indian Meals,Vegetarian Mains & Curries,Cheese Straws,,"cheese straws, cheese straw, cheese strawses, cheese-straws",1,straw,9.6,382,9.8,30.6,24.3,1.3,1.8,14.1,587,202,Meals / Prepared Food,curated,"Cheese, Onion, Tomato, Garlic, Ginger, Cooking Oil, Turmeric, Red Chili Powder, Coriander Powder, Cumin, Salt"
1653,Indian Meals,Vegetarian Mains & Curries,Cheese Toast,,"cheese toast, cheese toasts, cheese-toast",1,toast,145,785.4,2,5.5,84.1,0.3,0.5,10.6,121,12,Meals / Prepared Food,curated,"Cheese, Onion, Tomato, Garlic, Ginger, Cooking Oil, Turmeric, Red Chili Powder, Coriander Powder, Cumin, Salt"
1654,Indian Meals,Vegetarian Mains & Curries,Cheese and Chilli Sandwich,,"cheese and chilli sandwich, cheese and chilli sandwiches, cheese-and-chilli-sandwich",1,triangle,55.8,218.1,6.8,27.4,9.8,2.1,2.4,5.3,438,23,Meals / Prepared Food,curated,"Cheese, Onion, Tomato, Garlic, Ginger, Cooking Oil, Turmeric, Red Chili Powder, Coriander Powder, Cumin, Salt"
1655,Indian Meals,Vegetarian Mains & Curries,Cheese and Mushroom Omelette/omlet,,"cheese and mushroom omelette/omlet, cheese and mushroom omelette/omlets, cheese-and-mushroom-omelette/omlet, khumb",1,egg,128,205.6,9.7,1.7,17.8,0.9,1.1,10.1,400,185,Meals / Prepared Food,curated,"Mushroom, Cheese, Mushrooms, Onion, Tomato, Garlic, Ginger, Cooking Oil, Turmeric, Red Chili Powder, Coriander Powder, Cumin, Salt"
1656,Indian Meals,Vegetarian Mains & Curries,Cheese and Mushroom Tart,,"cheese and mushroom tart, cheese and mushroom tarts, cheese-and-mushroom-tart, khumb",1,tart,67.3,246.1,5.5,21.4,15.3,1.2,3.2,9.5,212,38,Meals / Prepared Food,curated,"Mushroom, Cheese, Mushrooms, Onion, Tomato, Garlic, Ginger, Cooking Oil, Turmeric, Red Chili Powder, Coriander Powder, Cumin, Salt"
1657,Indian Meals,Vegetarian Mains & Curries,Cheese and Pineapple Sandwich,,"cheese and pineapple sandwich, ananas, cheese and pineapple sandwiches, cheese aur ananas ka sandwich, cheese-and-pineapple-sandwich",1,triangle,55.7,257.7,8.2,29.1,12.8,2.3,4.1,7.3,572,34,Meals / Prepared Food,curated,"Cheese, Pineapple, Onion, Tomato, Garlic, Ginger, Cooking Oil, Turmeric, Red Chili Powder, Coriander Powder, Cumin, Salt"
1658,Indian Meals,Vegetarian Mains & Curries,Cheese and Tomato Sandwich,,"cheese and tomato sandwich, cheese and tomato sandwiches, cheese aur tamatar ke sandwich, cheese aur tamatar ke sandwich (toasted, cheese-and-tomato-sandwich, tamatar, toasted",1,triangle,67,233.9,7.4,24.2,12.6,1.9,2.8,7.2,504,34,Meals / Prepared Food,curated,"Tomato, Cheese, Onion, Garlic, Ginger, Cooking Oil, Turmeric, Red Chili Powder, Coriander Powder, Cumin, Salt"
1659,Indian Meals,Vegetarian Mains & Curries,Chenna Murki,,"chenna murki, chenna murkis, chenna-murki",1,bowl,90.1,252.7,10.5,36,8.2,0,35.5,4.9,11,0,Meals / Prepared Food,curated,"Onion, Tomato, Garlic, Ginger, Cooking Oil, Turmeric, Red Chili Powder, Coriander Powder, Cumin, Salt"
1660,Indian Meals,Vegetarian Mains & Curries,Chhena Poda,,"chhena poda, chhena podas, chhena-poda",1,slice,74.2,344.6,13.7,33.6,17.9,1.4,30.7,6.8,13,3,Meals / Prepared Food,curated,"Onion, Tomato, Garlic, Ginger, Cooking Oil, Turmeric, Red Chili Powder, Coriander Powder, Cumin, Salt"
1661,Indian Meals,Vegetarian Mains & Curries,Chickpeas Curry,,"chickpeas curry, chana, chickpeas curries, chickpeas-curry, chole, safed channa curry",1,bowl,119.9,163.4,6.1,20,6.8,4.7,4.8,0.8,358,0,Meals / Prepared Food,curated,"Chickpeas (Chana), Chickpeas, Onion, Tomato, Garlic, Ginger, Cooking Oil, Turmeric, Red Chili Powder, Coriander Powder, Cumin, Salt"
1662,Indian Meals,Vegetarian Mains & Curries,Chilli Paneer,,"chilli paneer, chilli paneers, chilli-paneer, paneer",1,bowl,296.9,777.5,2.1,3.3,84,0.5,1.5,10.8,89,0,Meals / Prepared Food,curated,"Paneer (Cottage Cheese), Onion, Tomato, Garlic, Ginger, Cooking Oil, Turmeric, Red Chili Powder, Coriander Powder, Cumin, Salt"
1663,Indian Meals,Vegetarian Mains & Curries,Chocolate Butter Icing,,"chocolate butter icing, chocolate butter icings, chocolate-butter-icing, makhan",1,tablespoon,19.4,469.6,3.2,61.7,24.8,0,59.8,15.5,5,55,Meals / Prepared Food,curated,"Butter, Onion, Tomato, Garlic, Ginger, Cooking Oil, Turmeric, Red Chili Powder, Coriander Powder, Cumin, Salt"
1664,Indian Meals,Vegetarian Mains & Curries,Chocolate Cream Shells,,"chocolate cream shells, chocolate cream shell, chocolate cream shellses, chocolate-cream-shells, malai",1,shell,23,427.2,5.1,59.3,19.3,0.9,34.7,11.8,127,81,Meals / Prepared Food,curated,"Cream, Onion, Tomato, Garlic, Ginger, Cooking Oil, Turmeric, Red Chili Powder, Coriander Powder, Cumin, Salt"
1665,Indian Meals,Vegetarian Mains & Curries,Chocolate Eclairs,,"chocolate eclairs, chocolate eclair, chocolate eclairses, chocolate-eclairs",1,éclair,169.3,239.4,4.2,26.2,13.5,0.3,17.3,8.1,86,86,Meals / Prepared Food,curated,"Onion, Tomato, Garlic, Ginger, Cooking Oil, Turmeric, Red Chili Powder, Coriander Powder, Cumin, Salt"
1666,Indian Meals,Vegetarian Mains & Curries,Chocolate Glace Icing,,"chocolate glace icing, chocolate glace icings, chocolate-glace-icing",1,tablespoon,23.9,436.3,3.2,62.4,20.8,0,59.9,13,9,44,Meals / Prepared Food,curated,"Onion, Tomato, Garlic, Ginger, Cooking Oil, Turmeric, Red Chili Powder, Coriander Powder, Cumin, Salt"
1667,Indian Meals,Vegetarian Mains & Curries,Chocolate Sauce,,"chocolate sauce, chocolate sauces, chocolate-sauce",1,tablespoon,16.7,263.2,1.9,43.2,10.4,0,42.1,6.5,3,21,Meals / Prepared Food,curated,"Onion, Tomato, Garlic, Ginger, Cooking Oil, Turmeric, Red Chili Powder, Coriander Powder, Cumin, Salt"
1668,Indian Meals,Vegetarian Mains & Curries,Chocolate Souffle,,"chocolate souffle, chocolate souffles, chocolate-souffle",1,souffle cup,220,189.3,7.9,14.7,11.4,0,12.7,6.6,56,108,Meals / Prepared Food,curated,"Onion, Tomato, Garlic, Ginger, Cooking Oil, Turmeric, Red Chili Powder, Coriander Powder, Cumin, Salt"
1669,Indian Meals,Vegetarian Mains & Curries,Choux Swans,,"choux swans, choux swan, choux swanses, choux-swans",1,swan,171.2,216.3,4.4,14.9,15.6,0.3,6.1,9.4,145,92,Meals / Prepared Food,curated,"Onion, Tomato, Garlic, Ginger, Cooking Oil, Turmeric, Red Chili Powder, Coriander Powder, Cumin, Salt"
1670,Indian Meals,Vegetarian Mains & Curries,Chum Chum,,"chum chum, chum chums, chum-chum",1,piece,311.7,130.1,1.5,28.3,1.9,0,27.8,1.2,17,0,Meals / Prepared Food,curated,"Onion, Tomato, Garlic, Ginger, Cooking Oil, Turmeric, Red Chili Powder, Coriander Powder, Cumin, Salt"
1671,Indian Meals,Vegetarian Mains & Curries,Club Sandwich,,"club sandwich, club sandwiches, club-sandwich",1,triangle,87.9,235.3,7.3,18.5,15.1,1.8,2,6.1,462,31,Meals / Prepared Food,curated,"Onion, Tomato, Garlic, Ginger, Cooking Oil, Turmeric, Red Chili Powder, Coriander Powder, Cumin, Salt"
1672,Indian Meals,Vegetarian Mains & Curries,Coconut Finger,,"coconut finger, coconut fingers, coconut-finger, nariyal",1,finger,71.5,274.9,7.1,42.6,8.9,1.9,28.6,4.8,47,128,Meals / Prepared Food,curated,"Coconut, Onion, Tomato, Garlic, Ginger, Cooking Oil, Turmeric, Red Chili Powder, Coriander Powder, Cumin, Salt"
1673,Indian Meals,Vegetarian Mains & Curries,Cold Chocolate Souffle,,"cold chocolate souffle, cold chocolate souffles, cold-chocolate-souffle",1,souffle dish,243,187.5,6.4,17.2,10.9,0,15.3,6.3,48,98,Meals / Prepared Food,curated,"Onion, Tomato, Garlic, Ginger, Cooking Oil, Turmeric, Red Chili Powder, Coriander Powder, Cumin, Salt"
1674,Indian Meals,Vegetarian Mains & Curries,Cold Lemon Souffle,,"cold lemon souffle, cold lemon souffles, cold-lemon-souffle, nimbu",1,souffle dish,242.5,169.9,5.9,15.6,9.8,0,13.9,5.6,46,98,Meals / Prepared Food,curated,"Lemons, Onion, Tomato, Garlic, Ginger, Cooking Oil, Turmeric, Red Chili Powder, Coriander Powder, Cumin, Salt"
1675,Indian Meals,Vegetarian Mains & Curries,Cold Orange Souffle,,"cold orange souffle, cold orange souffles, cold-orange-souffle, santra",1,souffle dish,241.3,173.2,5.9,16.3,9.8,0.1,14.4,5.7,47,99,Meals / Prepared Food,curated,"Orange, Onion, Tomato, Garlic, Ginger, Cooking Oil, Turmeric, Red Chili Powder, Coriander Powder, Cumin, Salt"
1676,Indian Meals,Vegetarian Mains & Curries,Cold Pineapple Souffle,,"cold pineapple souffle, ananas, cold pineapple souffles, cold-pineapple-souffle",1,souffle dish,228,181.2,6.2,16.8,10.4,0,15,6,49,104,Meals / Prepared Food,curated,"Pineapple, Onion, Tomato, Garlic, Ginger, Cooking Oil, Turmeric, Red Chili Powder, Coriander Powder, Cumin, Salt"
1677,Indian Meals,Vegetarian Mains & Curries,Cold Vanilla Souffle,,"cold vanilla souffle, cold vanilla souffles, cold-vanilla-souffle",1,souffle dish,236,179.5,6.2,16.3,10.3,0,14.5,5.9,49,101,Meals / Prepared Food,curated,"Onion, Tomato, Garlic, Ginger, Cooking Oil, Turmeric, Red Chili Powder, Coriander Powder, Cumin, Salt"
1678,Indian Meals,Vegetarian Mains & Curries,Consomme Au Julienne,,"consomme au julienne, consomme au juliennes, consomme-au-julienne",1,bowl,769.9,27.8,12.5,1.5,10.7,1.4,0.8,0.1,10208,6,Meals / Prepared Food,curated,"Onion, Tomato, Garlic, Ginger, Cooking Oil, Turmeric, Red Chili Powder, Coriander Powder, Cumin, Salt"
1679,Indian Meals,Vegetarian Mains & Curries,Consomme Au Vermicelli,,"consomme au vermicelli, consomme au vermicellis, consomme-au-vermicelli",1,bowl,626.9,29.9,15.2,1.3,13,0.8,0.3,0.1,12525,8,Meals / Prepared Food,curated,"Vermicelli, Onion, Tomato, Garlic, Ginger, Cooking Oil, Turmeric, Red Chili Powder, Coriander Powder, Cumin, Salt"
1680,Indian Meals,Vegetarian Mains & Curries,Corn Omelette/omlet,,"corn omelette/omlet, bhutta, corn omelette/omlets, corn-omelette/omlet, makka",1,omelette,194.3,166.9,11.4,1.6,12.9,0,0.4,6.1,166,253,Meals / Prepared Food,curated,"Corn, Onion, Tomato, Garlic, Ginger, Cooking Oil, Turmeric, Red Chili Powder, Coriander Powder, Cumin, Salt"
1681,Indian Meals,Vegetarian Mains & Curries,Cornflakes with Milk,,"cornflakes with milk, cornflakes with milks, cornflakes-with-milk, doodh",1,bowl,278,117.3,3.6,14.9,5.1,0.8,10,2.8,27,0,Meals / Prepared Food,curated,"Milk, Onion, Tomato, Garlic, Ginger, Cooking Oil, Turmeric, Red Chili Powder, Coriander Powder, Cumin, Salt"
1682,Indian Meals,Vegetarian Mains & Curries,Cracked Wheat Porridge,,"cracked wheat porridge, cracked wheat porridges, cracked-wheat-porridge, gehun, meetha daliya",1,bowl,403,81.6,2.6,8.9,4.1,0.6,5.1,1.8,16,0,Meals / Prepared Food,curated,"Wheat, Onion, Tomato, Garlic, Ginger, Cooking Oil, Turmeric, Red Chili Powder, Coriander Powder, Cumin, Salt"
1683,Indian Meals,Vegetarian Mains & Curries,Cracked Wheat and Green Gram Dal Premix,,"cracked wheat and green gram dal premix, cracked wheat and green gram dal premixes, cracked-wheat-and-green-gram-dal-premix, dalia moong dal premix, gehun, moong dal",1,serving,100,362.2,15.9,64.7,5.1,11.7,0.6,0.9,3,0,Meals / Prepared Food,curated,"Moong Dal (Split Mung Bean), Lentils (Dal), Wheat, Onion, Tomato, Garlic, Ginger, Cooking Oil, Turmeric, Cumin, Salt"
1684,Indian Meals,Vegetarian Mains & Curries,Cream Horns,,"cream horns, cream horn, cream hornses, cream-horns, malai",1,horn,115.1,408.2,3.4,23.1,33.6,0.6,7.1,20.4,57,93,Meals / Prepared Food,curated,"Cream, Onion, Tomato, Garlic, Ginger, Cooking Oil, Turmeric, Red Chili Powder, Coriander Powder, Cumin, Salt"
1685,Indian Meals,Vegetarian Mains & Curries,Cream Puffs,,"cream puffs, cream puff, cream puffses, cream-puffs, malai",1,puff,72.4,221.3,4.7,16,15.5,0.4,5.9,9.3,99,100,Meals / Prepared Food,curated,"Cream, Onion, Tomato, Garlic, Ginger, Cooking Oil, Turmeric, Red Chili Powder, Coriander Powder, Cumin, Salt"
1686,Indian Meals,Vegetarian Mains & Curries,Creamed Spinach,,"creamed spinach, creamed spinaches, creamed-spinach, palak",1,small bowl,385.6,96.9,5.2,4.4,6.4,1.3,1.6,3.5,156,60,Meals / Prepared Food,curated,"Spinach, Onion, Tomato, Garlic, Ginger, Cooking Oil, Turmeric, Red Chili Powder, Coriander Powder, Cumin, Salt"
1687,Indian Meals,Vegetarian Mains & Curries,Creamed Spinach and Mushroom,,"creamed spinach and mushroom, creamed spinach and mushrooms, creamed-spinach-and-mushroom, khumb, palak",1,bowl,595,419.6,2.3,3.2,44.1,1,1.2,6.8,90,7,Meals / Prepared Food,curated,"Spinach, Mushroom, Mushrooms, Onion, Tomato, Garlic, Ginger, Cooking Oil, Turmeric, Red Chili Powder, Coriander Powder, Cumin, Salt"
1688,Indian Meals,Vegetarian Mains & Curries,Creamy Chocolate Mousse,,"creamy chocolate mousse, creamy chocolate mousses, creamy-chocolate-mousse",1,dish,202.8,230.5,6.9,9.5,18.2,0,9,10.7,49,129,Meals / Prepared Food,curated,"Onion, Tomato, Garlic, Ginger, Cooking Oil, Turmeric, Red Chili Powder, Coriander Powder, Cumin, Salt"
1689,Indian Meals,Vegetarian Mains & Curries,Crispy Okra/Crispy Lady's Fingers,,"crispy okra/crispy lady's fingers, bhindi, crispy okra/crispy lady's finger, crispy okra/crispy lady's fingerses, crispy-okra/crispy-lady's-fingers, karare bhindi",1,small bowl,342.8,657.8,1.9,4.3,70.4,1.8,0.3,8.5,40,0,Meals / Prepared Food,curated,"Okra (Bhindi), Okra, Onion, Tomato, Garlic, Ginger, Cooking Oil, Turmeric, Red Chili Powder, Coriander Powder, Cumin, Salt"
1690,Indian Meals,Vegetarian Mains & Curries,Cucumber Sandwich,,"cucumber sandwich, cucumber sandwiches, cucumber-sandwich, kheera, kheere ka sandwich",1,triangle,60.8,188.6,4.8,25.8,8,2.4,1.6,4.3,363,18,Meals / Prepared Food,curated,"Cucumber, Onion, Tomato, Garlic, Ginger, Cooking Oil, Turmeric, Red Chili Powder, Coriander Powder, Cumin, Salt"
1691,Indian Meals,Vegetarian Mains & Curries,Cumin Seeds Baghar,,"cumin seeds baghar, cumin seeds baghars, cumin-seeds-baghar, jeera, jeera baghar/tadka",1,serving,100,736.8,3.3,5.2,78.8,6,0.5,45.1,178,189,Meals / Prepared Food,curated,"Cumin Seeds, Onion, Tomato, Garlic, Ginger, Cooking Oil, Turmeric, Red Chili Powder, Coriander Powder, Cumin, Salt"
1692,Indian Meals,Vegetarian Mains & Curries,Curd Dip,,"curd dip, curd dips, curd-dip, dahi",1,serving,100,80,5,7.9,3.4,0.1,7.1,1.9,301,11,Meals / Prepared Food,curated,"Yogurt (Curd), Onion, Tomato, Garlic, Ginger, Cooking Oil, Turmeric, Red Chili Powder, Coriander Powder, Cumin, Salt"
1693,Indian Meals,Vegetarian Mains & Curries,Curd Mint Dip,,"curd mint dip, curd mint dips, curd-mint-dip, dahi, pudina",1,tablespoon,33,76.1,4.8,9.1,2.4,0.8,7.8,1.5,223,8,Meals / Prepared Food,curated,"Yogurt (Curd), Onion, Tomato, Garlic, Ginger, Cooking Oil, Turmeric, Red Chili Powder, Coriander Powder, Cumin, Salt"
1694,Indian Meals,Vegetarian Mains & Curries,Curd Vegetable Dip,,"curd vegetable dip, curd vegetable dips, curd-vegetable-dip, dahi",1,tablespoon,27.8,56.2,3.9,6,1.9,0.6,5.4,1.2,132,7,Meals / Prepared Food,curated,"Yogurt (Curd), Onion, Tomato, Garlic, Ginger, Cooking Oil, Turmeric, Red Chili Powder, Coriander Powder, Cumin, Salt"
1695,Indian Meals,Vegetarian Mains & Curries,Curd with Potatoes,,"curd with potatoes, aloo, curd with potato, curd with potatoeses, curd-with-potatoes, dahi, dahi aloo",1,bowl,379.3,59.9,1.6,7.1,2.7,1.2,1.8,0.5,52,1,Meals / Prepared Food,curated,"Potato, Yogurt (Curd), Potatoes, Onion, Tomato, Garlic, Ginger, Cooking Oil, Turmeric, Red Chili Powder, Coriander Powder, Cumin, Salt"
1696,Indian Meals,Vegetarian Mains & Curries,Custard Tart,,"custard tart, custard tarts, custard-tart",1,tart,71.7,225.6,3.7,28.7,10.7,0.9,9.3,6.6,60,22,Meals / Prepared Food,curated,"Onion, Tomato, Garlic, Ginger, Cooking Oil, Turmeric, Red Chili Powder, Coriander Powder, Cumin, Salt"
1697,Indian Meals,Vegetarian Mains & Curries,Dal Dhokli,,"dal dhokli, dal dhoklis, dal-dhokli",1,bowl,336.7,68.7,3,8.5,2.5,1.9,1.1,0.4,38,0,Meals / Prepared Food,curated,"Lentils (Dal), Onion, Tomato, Garlic, Ginger, Cooking Oil, Turmeric, Cumin, Salt"
1698,Indian Meals,Vegetarian Mains & Curries,Dal Makhani,,"dal makhani, dal makhanis, dal-makhani",1,bowl,353.4,74,3.3,8,3.1,2.3,0.8,1.8,42,7,Meals / Prepared Food,curated,"Lentils (Dal), Onion, Tomato, Garlic, Ginger, Cooking Oil, Turmeric, Cumin, Salt"
1699,Indian Meals,Vegetarian Mains & Curries,Dal Moong,,"dal moong, dal moongs, dal-moong, moong dal",1,serving,100,43.7,2.2,4.9,1.6,1.1,0.1,0.9,118,4,Meals / Prepared Food,curated,"Moong Dal (Split Mung Bean), Lentils (Dal), Onion, Tomato, Garlic, Ginger, Cooking Oil, Turmeric, Cumin, Salt"
1700,Indian Meals,Vegetarian Mains & Curries,Dalma,,"dalma, dalmas",1,bowl,263.8,118.9,4.9,15,4.6,2.2,3.1,0.5,49,0,Meals / Prepared Food,curated,"Onion, Tomato, Garlic, Ginger, Cooking Oil, Turmeric, Red Chili Powder, Coriander Powder, Cumin, Salt"
1701,Indian Meals,Vegetarian Mains & Curries,Danish Luncheon Sandwich,,"danish luncheon sandwich, danish luncheon sandwiches, danish-luncheon-sandwich",1,sandwich,86.4,193.8,9,17.8,10.1,1.5,1.1,4.6,366,124,Meals / Prepared Food,curated,"Onion, Tomato, Garlic, Ginger, Cooking Oil, Turmeric, Red Chili Powder, Coriander Powder, Cumin, Salt"
1702,Indian Meals,Vegetarian Mains & Curries,Dhansak,,"dhansak, dhansaks, vegetarian",1,bowl,241,82.8,3.3,7.3,4.2,4.2,0.9,0.9,34,0,Meals / Prepared Food,curated,"Onion, Tomato, Garlic, Ginger, Cooking Oil, Turmeric, Red Chili Powder, Coriander Powder, Cumin, Salt"
1703,Indian Meals,Vegetarian Mains & Curries,Dhokla,,"dhokla, dhoklas",1,piece,40,216.5,13.4,30.7,5.3,4.9,4.8,1.3,376,5,Meals / Prepared Food,curated,"Onion, Tomato, Garlic, Ginger, Cooking Oil, Turmeric, Red Chili Powder, Coriander Powder, Cumin, Salt"
1704,Indian Meals,Vegetarian Mains & Curries,Dil Bahar,,"dil bahar, dil bahars, dil-bahar",1,piece,311.7,130.1,1.5,28.3,1.9,0,27.8,1.2,17,0,Meals / Prepared Food,curated,"Onion, Tomato, Garlic, Ginger, Cooking Oil, Turmeric, Red Chili Powder, Coriander Powder, Cumin, Salt"
1705,Indian Meals,Vegetarian Mains & Curries,Dry Arbi,,"dry arbi, dry arbis, dry-arbi, sookhi arbi",1,bowl,200.6,134.9,2.1,11.1,9,2.5,1.6,1.1,81,0,Meals / Prepared Food,curated,"Onion, Tomato, Garlic, Ginger, Cooking Oil, Turmeric, Red Chili Powder, Coriander Powder, Cumin, Salt"
1706,Indian Meals,Vegetarian Mains & Curries,Dry Masala Chops,,"dry masala chops, dry masala chop, dry masala chopses, dry-masala-chops",1,chops,147.6,135.1,9.1,3.3,9.5,0.9,2.3,0.8,83,2,Meals / Prepared Food,curated,"Onion, Tomato, Garlic, Ginger, Cooking Oil, Turmeric, Red Chili Powder, Coriander Powder, Cumin, Salt"
1707,Indian Meals,Vegetarian Mains & Curries,Dry Potato,,"dry potato, aloo, dry potatos, dry-potato, sookhe aloo",1,bowl,105.7,103.1,1.6,14.4,4.2,1.9,0.3,0.5,200,0,Meals / Prepared Food,curated,"Potato, Onion, Tomato, Garlic, Ginger, Cooking Oil, Turmeric, Red Chili Powder, Coriander Powder, Cumin, Salt"
1708,Indian Meals,Vegetarian Mains & Curries,Dry Washed Urad,,"dry washed urad, dry washed urads, dry-washed-urad, urad dal",1,bowl,143.2,124.7,6.8,15.7,3.5,4.1,0.7,0.4,296,0,Meals / Prepared Food,curated,"Urad Dal (Split Black Gram), Lentils (Dal), Onion, Tomato, Garlic, Ginger, Cooking Oil, Turmeric, Cumin, Salt"
1709,Indian Meals,Vegetarian Mains & Curries,Ducheese Potato,,"ducheese potato, aloo, ducheese potatos, ducheese-potato",1,potato,43,140.5,3.6,10.9,9,1.3,0.3,5.1,104,85,Meals / Prepared Food,curated,"Potato, Onion, Tomato, Garlic, Ginger, Cooking Oil, Turmeric, Red Chili Powder, Coriander Powder, Cumin, Salt"
1710,Indian Meals,Vegetarian Mains & Curries,Dum Aloo,,"dum aloo, dum aloos, dum-aloo",1,bowl,670.6,682.3,0.7,3.3,74,0.7,0.7,9.1,184,0,Meals / Prepared Food,curated,"Potato, Onion, Tomato, Garlic, Ginger, Cooking Oil, Turmeric, Red Chili Powder, Coriander Powder, Cumin, Salt"
1711,Indian Meals,Vegetarian Mains & Curries,Fettuccine with Spinach Sauce,,"fettuccine with spinach sauce, fettuccine with spinach sauces, fettuccine-with-spinach-sauce, palak",1,plate,355.1,129.2,3.1,12.2,7.8,0.8,1.2,2.9,154,10,Meals / Prepared Food,curated,"Spinach, Onion, Tomato, Garlic, Ginger, Cooking Oil, Turmeric, Red Chili Powder, Coriander Powder, Cumin, Salt"
1712,Indian Meals,Vegetarian Mains & Curries,French Omelette/omlet,,"french omelette/omlet, french omelette/omlets, french-omelette/omlet",1,egg,68,211,10,0.4,18.9,0.4,0.1,9.8,382,300,Meals / Prepared Food,curated,"Onion, Tomato, Garlic, Ginger, Cooking Oil, Turmeric, Red Chili Powder, Coriander Powder, Cumin, Salt"
1713,Indian Meals,Vegetarian Mains & Curries,French Sandwich,,"french sandwich, french sandwiches, french-sandwich, toasted",1,sandwich,111.6,186.7,6.8,14.8,11.5,1.4,1.8,6.2,275,105,Meals / Prepared Food,curated,"Onion, Tomato, Garlic, Ginger, Cooking Oil, Turmeric, Red Chili Powder, Coriander Powder, Cumin, Salt"
1714,Indian Meals,Vegetarian Mains & Curries,Fricassee of Mushroom,,"fricassee of mushroom, fricassee of mushrooms, fricassee-of-mushroom, khumb",1,dish,280.8,106.7,3.7,8.1,6.6,1.2,2.5,4,119,14,Meals / Prepared Food,curated,"Mushroom, Mushrooms, Onion, Tomato, Garlic, Ginger, Cooking Oil, Turmeric, Red Chili Powder, Coriander Powder, Cumin, Salt"
1715,Indian Meals,Vegetarian Mains & Curries,Fruit Delight,,"fruit delight, fruit delights, fruit-delight",1,small mould,342,107.1,2.1,9.1,7.1,0.1,9,4.4,17,12,Meals / Prepared Food,curated,"Onion, Tomato, Garlic, Ginger, Cooking Oil, Turmeric, Red Chili Powder, Coriander Powder, Cumin, Salt"
1716,Indian Meals,Vegetarian Mains & Curries,Fruit Flan,,"fruit flan, fruit flans, fruit-flan",1,flan,465.3,261.4,3.3,34.7,12.5,0.7,9.5,7.7,110,50,Meals / Prepared Food,curated,"Onion, Tomato, Garlic, Ginger, Cooking Oil, Turmeric, Red Chili Powder, Coriander Powder, Cumin, Salt"
1717,Indian Meals,Vegetarian Mains & Curries,Fruit Loaf,,"fruit loaf, fruit loafs, fruit-loaf",1,slice,55.9,324.2,5.4,46.5,13.3,0.9,24.5,7.8,161,90,Meals / Prepared Food,curated,"Onion, Tomato, Garlic, Ginger, Cooking Oil, Turmeric, Red Chili Powder, Coriander Powder, Cumin, Salt"
1718,Indian Meals,Vegetarian Mains & Curries,Fruit Puree Tart,,"fruit puree tart, fruit puree tarts, fruit-puree-tart",1,tart,55.6,286.5,3.3,30.4,16.8,1.3,9.8,10.5,50,43,Meals / Prepared Food,curated,"Onion, Tomato, Garlic, Ginger, Cooking Oil, Turmeric, Red Chili Powder, Coriander Powder, Cumin, Salt"
1719,Indian Meals,Vegetarian Mains & Curries,Garam Masala,,"garam masala, garam masalas, garam-masala",1,serving,100,254.2,9.9,26.2,11,35.6,1.8,0.9,58,0,Meals / Prepared Food,curated,"Onion, Tomato, Garlic, Ginger, Cooking Oil, Turmeric, Red Chili Powder, Coriander Powder, Cumin, Salt"
1720,Indian Meals,Vegetarian Mains & Curries,Ghiya/Lauki Kofta Curry,,"ghiya/lauki kofta curry, ghiya/lauki kofta curries, ghiya/lauki-kofta-curry",1,bowl,713.2,638.7,0.9,2.7,69.4,0.8,0.8,8.4,91,0,Meals / Prepared Food,curated,"Bottle Gourd (Lauki), Onion, Tomato, Garlic, Ginger, Cooking Oil, Turmeric, Red Chili Powder, Coriander Powder, Cumin, Salt"
1721,Indian Meals,Vegetarian Mains & Curries,Ghujia/Lavang Latika,,"ghujia/lavang latika, ghujia/lavang latikas, ghujia/lavang-latika",1,gunjia,106.5,769,1.9,13,78.9,0.5,6.1,11.4,3,5,Meals / Prepared Food,curated,"Onion, Tomato, Garlic, Ginger, Cooking Oil, Turmeric, Red Chili Powder, Coriander Powder, Cumin, Salt"
1722,Indian Meals,Vegetarian Mains & Curries,Ginger Candy,,"ginger candy, adrak, adrak ki candy, ginger candies, ginger-candy",1,serving,100,195.7,0.7,50.4,0.3,1.7,48,0.1,5,0,Meals / Prepared Food,curated,"Ginger, Onion, Tomato, Garlic, Cooking Oil, Turmeric, Red Chili Powder, Coriander Powder, Cumin, Salt"
1723,Indian Meals,Vegetarian Mains & Curries,Glace Icing,,"glace icing, glace icings, glace-icing",1,serving,100,323.5,0,86.3,0,0,85.4,0,10,0,Meals / Prepared Food,curated,"Onion, Tomato, Garlic, Ginger, Cooking Oil, Turmeric, Red Chili Powder, Coriander Powder, Cumin, Salt"
1724,Indian Meals,Vegetarian Mains & Curries,Gobi 65,,"gobi 65, gobi 65s, gobi-65",1,plate,857.5,278.3,0.6,3.6,29.1,0.6,0.3,3.5,69,0,Meals / Prepared Food,curated,"Cauliflower, Onion, Tomato, Garlic, Ginger, Cooking Oil, Turmeric, Red Chili Powder, Coriander Powder, Cumin, Salt"
1725,Indian Meals,Vegetarian Mains & Curries,Gooseberry Marmalade,,"gooseberry marmalade, amla murabba, gooseberry marmalades, gooseberry-marmalade",1,serving,100,123.2,0.1,32.3,0,0,28.6,0,217,0,Meals / Prepared Food,curated,"Gooseberries, Onion, Tomato, Garlic, Ginger, Cooking Oil, Turmeric, Red Chili Powder, Coriander Powder, Cumin, Salt"
1726,Indian Meals,Vegetarian Mains & Curries,Gram Flour Chilla/cheela,,"gram flour chilla/cheela, besan, besan chilla/cheela, gram flour chilla/cheelas, gram-flour-chilla/cheela",1,cheela,52.1,135.9,7.8,21,2.9,4.3,1.9,0.4,136,0,Meals / Prepared Food,curated,"Chickpeas (Chana), Onion, Tomato, Garlic, Ginger, Cooking Oil, Turmeric, Red Chili Powder, Coriander Powder, Cumin, Salt"
1727,Indian Meals,Vegetarian Mains & Curries,Gram Flour and Semolina Dhokla,,"gram flour and semolina dhokla, besan, besan suji dhokla, gram flour and semolina dhoklas, gram-flour-and-semolina-dhokla, rava, suji",1,piece,98.8,198.9,8.5,25.9,7.1,4.6,2.6,1.1,197,1,Meals / Prepared Food,curated,"Chickpeas (Chana), Semolina (Rava/Sooji), Onion, Tomato, Garlic, Ginger, Cooking Oil, Turmeric, Red Chili Powder, Coriander Powder, Cumin, Salt"
1728,Indian Meals,Vegetarian Mains & Curries,Grape and Orange Whip,,"grape and orange whip, angoor, grape and orange whips, grape-and-orange-whip, santra",1,orange case,121,57.4,1.4,6.7,2.6,1,5.7,1.6,14,7,Meals / Prepared Food,curated,"Orange, Onion, Tomato, Garlic, Ginger, Cooking Oil, Turmeric, Red Chili Powder, Coriander Powder, Cumin, Salt"
1729,Indian Meals,Vegetarian Mains & Curries,Gravy For Kofta,,"gravy for kofta, gravy for koftas, gravy-for-kofta",1,bowl,139.2,125.6,1.7,6.3,10.3,2,3.7,1.4,313,1,Meals / Prepared Food,curated,"Onion, Tomato, Garlic, Ginger, Cooking Oil, Turmeric, Red Chili Powder, Coriander Powder, Cumin, Salt"
1730,Indian Meals,Vegetarian Mains & Curries,Green Chilli Sauce,,"green chilli sauce, green chilli sauces, green-chilli-sauce, hari mirch, mirch",1,serving,100,46.1,1.2,7.4,0.3,1.8,5.4,0,1037,0,Meals / Prepared Food,curated,"Onion, Tomato, Garlic, Ginger, Cooking Oil, Turmeric, Red Chili Powder, Coriander Powder, Cumin, Salt"
1731,Indian Meals,Vegetarian Mains & Curries,Green Gram Whole with Baghar,,"green gram whole with baghar, green gram whole with baghars, green-gram-whole-with-baghar, moong dal, sabut moong dal with tadka",1,bowl,225.7,63.4,3.2,6.8,2.5,3,0.1,1.4,182,5,Meals / Prepared Food,curated,"Moong Dal (Split Mung Bean), Lentils (Dal), Onion, Tomato, Garlic, Ginger, Cooking Oil, Turmeric, Cumin, Salt"
1732,Indian Meals,Vegetarian Mains & Curries,Guava Jelly,,"guava jelly, amrood ki jelly, amrud, guava jellies, guava-jelly",1,serving,100,115.7,1.1,28.2,0.2,6.6,27.4,0,3,0,Meals / Prepared Food,curated,"Guava, Onion, Tomato, Garlic, Ginger, Cooking Oil, Turmeric, Red Chili Powder, Coriander Powder, Cumin, Salt"
1733,Indian Meals,Vegetarian Mains & Curries,Gujarati Handvo,,"gujarati handvo, gujarati handvos, gujarati-handvo",1,cake,696.6,207.1,8.2,31.9,4.8,5,2.5,0.9,309,2,Meals / Prepared Food,curated,"Onion, Tomato, Garlic, Ginger, Cooking Oil, Turmeric, Red Chili Powder, Coriander Powder, Cumin, Salt"
1734,Indian Meals,Vegetarian Mains & Curries,Gum Icing,,"gum icing, gum icings, gum-icing",1,serving,100,223.1,5.9,53.2,0,0,52.6,0,29,0,Meals / Prepared Food,curated,"Onion, Tomato, Garlic, Ginger, Cooking Oil, Turmeric, Red Chili Powder, Coriander Powder, Cumin, Salt"
1735,Indian Meals,Vegetarian Mains & Curries,Gunjia,,"gunjia, gunjias",1,gunjia,174.8,667.3,3,5.7,70.3,1.1,2,9.3,78,2,Meals / Prepared Food,curated,"Onion, Tomato, Garlic, Ginger, Cooking Oil, Turmeric, Red Chili Powder, Coriander Powder, Cumin, Salt"
1736,Indian Meals,Vegetarian Mains & Curries,Home Made Plain Noodles,,"home made plain noodles, home made plain noodl, home made plain noodleses, home-made-plain-noodles",1,serving,100,238.8,6.2,44.5,3.6,1.7,1.1,0.5,182,0,Meals / Prepared Food,curated,"Onion, Tomato, Garlic, Ginger, Cooking Oil, Turmeric, Red Chili Powder, Coriander Powder, Cumin, Salt"
1737,Indian Meals,Vegetarian Mains & Curries,Honey Banana Cream,,"honey banana cream, honey banana creams, honey-banana-cream, kela, malai, shahad",1,tall stemmed glass,331,125.5,2.8,13.6,6.7,0.7,10.5,4.1,16,14,Meals / Prepared Food,curated,"Banana, Cream, Sugar/Jaggery, Honey, Onion, Tomato, Garlic, Ginger, Cooking Oil, Turmeric, Red Chili Powder, Coriander Powder, Cumin, Salt"
1738,Indian Meals,Vegetarian Mains & Curries,Horsegram Dal,,"horsegram dal, horsegram dals, horsegram-dal, kulthi dal",1,bowl,360.8,55.6,2.9,8.2,1.1,1.5,0.7,0.1,64,0,Meals / Prepared Food,curated,"Lentils (Dal), Onion, Tomato, Garlic, Ginger, Cooking Oil, Turmeric, Cumin, Salt"
1739,Indian Meals,Vegetarian Mains & Curries,Hot Cheese Souffle,,"hot cheese souffle, hot cheese souffles, hot-cheese-souffle",1,bowl,296.8,177.1,9.2,5.4,13.2,0.1,2.9,7.3,287,149,Meals / Prepared Food,curated,"Cheese, Onion, Tomato, Garlic, Ginger, Cooking Oil, Turmeric, Red Chili Powder, Coriander Powder, Cumin, Salt"
1740,Indian Meals,Vegetarian Mains & Curries,Hot Cherry Sauce,,"hot cherry sauce, hot cherry sauces, hot-cherry-sauce",1,serving,100,252.7,0.1,67.9,0.1,0,17.7,0,106,0,Meals / Prepared Food,curated,"Cherries, Onion, Tomato, Garlic, Ginger, Cooking Oil, Turmeric, Red Chili Powder, Coriander Powder, Cumin, Salt"
1741,Indian Meals,Vegetarian Mains & Curries,Hot Chocolate Souffle,,"hot chocolate souffle, hot chocolate souffles, hot-chocolate-souffle",1,bowl,142,226.1,6.7,26.2,11.1,0.1,22.9,5.9,54,139,Meals / Prepared Food,curated,"Onion, Tomato, Garlic, Ginger, Cooking Oil, Turmeric, Red Chili Powder, Coriander Powder, Cumin, Salt"
1742,Indian Meals,Vegetarian Mains & Curries,Hot Lemon Souffle,,"hot lemon souffle, hot lemon souffles, hot-lemon-souffle, nimbu",1,bowl,121.5,155.3,5.3,16.3,7.9,0.1,12.1,4.1,48,117,Meals / Prepared Food,curated,"Lemons, Onion, Tomato, Garlic, Ginger, Cooking Oil, Turmeric, Red Chili Powder, Coriander Powder, Cumin, Salt"
1743,Indian Meals,Vegetarian Mains & Curries,Hot Orange Souffle,,"hot orange souffle, hot orange souffles, hot-orange-souffle, santra",1,bowl,122,180,6.9,18.8,8.9,0.3,14.9,4.4,59,160,Meals / Prepared Food,curated,"Orange, Onion, Tomato, Garlic, Ginger, Cooking Oil, Turmeric, Red Chili Powder, Coriander Powder, Cumin, Salt"
1744,Indian Meals,Vegetarian Mains & Curries,Hot Potato Souffle,,"hot potato souffle, aloo, hot potato souffles, hot-potato-souffle",1,bowl,366.7,125.6,5.5,8.6,7.6,0.7,1.8,4,97,109,Meals / Prepared Food,curated,"Potato, Onion, Tomato, Garlic, Ginger, Cooking Oil, Turmeric, Red Chili Powder, Coriander Powder, Cumin, Salt"
1745,Indian Meals,Vegetarian Mains & Curries,Hot Spinach Souffle,,"hot spinach souffle, hot spinach souffles, hot-spinach-souffle, palak",1,bowl,396.8,104.2,5.4,4.2,7.2,1,1.6,3.7,105,101,Meals / Prepared Food,curated,"Spinach, Spinach Souffle, Onion, Tomato, Garlic, Ginger, Cooking Oil, Turmeric, Red Chili Powder, Coriander Powder, Cumin, Salt"
1746,Indian Meals,Vegetarian Mains & Curries,Hot Vanilla Souffle,,"hot vanilla souffle, hot vanilla souffles, hot-vanilla-souffle",1,bowl,127.5,192.9,6.9,21.8,9.1,0.1,18.2,4.6,60,154,Meals / Prepared Food,curated,"Onion, Tomato, Garlic, Ginger, Cooking Oil, Turmeric, Red Chili Powder, Coriander Powder, Cumin, Salt"
1747,Indian Meals,Vegetarian Mains & Curries,Instant Dhokla,,"instant dhokla, instant dhoklas, instant-dhokla",1,dhokla,42.5,207.1,7.7,24.1,9.4,3.6,6.9,2.1,764,3,Meals / Prepared Food,curated,"Onion, Tomato, Garlic, Ginger, Cooking Oil, Turmeric, Red Chili Powder, Coriander Powder, Cumin, Salt"
1748,Indian Meals,Vegetarian Mains & Curries,Jackfruit Fritters,,"jackfruit fritters, jackfruit fritter, jackfruit fritterses, jackfruit-fritters, kathal, ponsa mulik/kathal ka pakora",1,mulik/fritter,26.8,597.8,2.3,24,54.4,1.5,11.5,7.9,46,0,Meals / Prepared Food,curated,"Jackfruit, Chickpeas (Chana), Onion, Tomato, Garlic, Ginger, Cooking Oil, Turmeric, Red Chili Powder, Coriander Powder, Cumin, Salt"
1749,Indian Meals,Vegetarian Mains & Curries,Jackfruit Kofta Curry,,"jackfruit kofta curry, jackfruit kofta curries, jackfruit-kofta-curry, kathal, kathal ka kofta curry",1,bowl,750.3,321.1,0.8,3.2,33.8,1,2.4,4.3,40,4,Meals / Prepared Food,curated,"Jackfruit, Onion, Tomato, Garlic, Ginger, Cooking Oil, Turmeric, Red Chili Powder, Coriander Powder, Cumin, Salt"
1750,Indian Meals,Vegetarian Mains & Curries,Jackfruit Sabzi,,"jackfruit sabzi, jackfruit sabzis, jackfruit-sabzi, kathal, kathal ki sabzi",1,bowl,361.2,625.4,0.7,3.4,67.6,1,2.6,8.1,59,0,Meals / Prepared Food,curated,"Jackfruit, Onion, Tomato, Garlic, Ginger, Cooking Oil, Turmeric, Red Chili Powder, Coriander Powder, Cumin, Salt"
1751,Indian Meals,Vegetarian Mains & Curries,Jackfruit/Kathal,,"jackfruit/kathal, dry, jackfruit/kathals, kathal",1,bowl,483.4,489,0.9,4.6,51.8,1.3,3.5,6.2,34,0,Meals / Prepared Food,curated,"Jackfruit, Onion, Tomato, Garlic, Ginger, Cooking Oil, Turmeric, Red Chili Powder, Coriander Powder, Cumin, Salt"
1752,Indian Meals,Vegetarian Mains & Curries,Jal Jeera,,"jal jeera, jal jeeras, jal-jeera",1,juice glass,140,30.2,0.4,6.7,0.3,1,5.7,0,216,0,Meals / Prepared Food,curated,"Onion, Tomato, Garlic, Ginger, Cooking Oil, Turmeric, Red Chili Powder, Coriander Powder, Cumin, Salt"
1753,Indian Meals,Vegetarian Mains & Curries,Jam Filling,,"jam filling, jam fillings, jam-filling",1,tablespoon,16.2,184.6,0,46.2,0,0,41.5,0,0,0,Meals / Prepared Food,curated,"Onion, Tomato, Garlic, Ginger, Cooking Oil, Turmeric, Red Chili Powder, Coriander Powder, Cumin, Salt"
1754,Indian Meals,Vegetarian Mains & Curries,Jam Tart,,"jam tart, jam tarts, jam-tart",1,tart,36.2,360.7,4.4,46.2,17.4,1.1,14.7,10.8,70,44,Meals / Prepared Food,curated,"Onion, Tomato, Garlic, Ginger, Cooking Oil, Turmeric, Red Chili Powder, Coriander Powder, Cumin, Salt"
1755,Indian Meals,Vegetarian Mains & Curries,Kabuli Channa Curry,,"kabuli channa curry, kabuli channa curries, kabuli-channa-curry",1,bowl,355.6,68.6,2.9,7.6,3.1,1.1,1.2,0.4,122,0,Meals / Prepared Food,curated,"Onion, Tomato, Garlic, Ginger, Cooking Oil, Turmeric, Red Chili Powder, Coriander Powder, Cumin, Salt"
1756,Indian Meals,Vegetarian Mains & Curries,Kadhai Paneer,,"kadhai paneer, kadhai paneers, kadhai-paneer, paneer",1,bowl,318.1,108,4.3,7.3,6.8,2.1,5.5,2,144,0,Meals / Prepared Food,curated,"Paneer (Cottage Cheese), Onion, Tomato, Garlic, Ginger, Cooking Oil, Turmeric, Red Chili Powder, Coriander Powder, Cumin, Salt"
1757,Indian Meals,Vegetarian Mains & Curries,Kashmiri 'tahar',,"kashmiri 'tahar', kashmiri 'tahar's, kashmiri-'tahar'",1,plate,325.7,98.2,2,19.1,1.4,1,0.2,0.8,61,3,Meals / Prepared Food,curated,"Onion, Tomato, Garlic, Ginger, Cooking Oil, Turmeric, Red Chili Powder, Coriander Powder, Cumin, Salt"
1758,Indian Meals,Vegetarian Mains & Curries,Kashmiri Masala,,"kashmiri masala, kashmiri masalas, kashmiri-masala",1,serving,100,389,8.3,23.2,31,12.1,2.4,3.5,3106,0,Meals / Prepared Food,curated,"Onion, Tomato, Garlic, Ginger, Cooking Oil, Turmeric, Red Chili Powder, Coriander Powder, Cumin, Salt"
1759,Indian Meals,Vegetarian Mains & Curries,Kesari Bath,,"kesari bath, kesari baths, kesari-bath",1,bowl,176.7,244.6,2.4,31.4,12.6,1.7,20.2,6.9,2,28,Meals / Prepared Food,curated,"Onion, Tomato, Garlic, Ginger, Cooking Oil, Turmeric, Red Chili Powder, Coriander Powder, Cumin, Salt"
1760,Indian Meals,Vegetarian Mains & Curries,Khakhra,,"khakhra, khakhras",1,khakhra,75.7,178.5,4.8,27.7,5.3,5.4,0.9,0.7,184,0,Meals / Prepared Food,curated,"Onion, Tomato, Garlic, Ginger, Cooking Oil, Turmeric, Red Chili Powder, Coriander Powder, Cumin, Salt"
1761,Indian Meals,Vegetarian Mains & Curries,Khaman,,"khaman, dhokla, khamans",1,dhokla,118.7,54.7,1.9,5.4,2.8,1.5,1.4,0.5,124,0,Meals / Prepared Food,curated,"Onion, Tomato, Garlic, Ginger, Cooking Oil, Turmeric, Red Chili Powder, Coriander Powder, Cumin, Salt"
1762,Indian Meals,Vegetarian Mains & Curries,Khatta Channa,,"khatta channa, khatta channas, khatta-channa",1,bowl,157.1,202.6,6.3,21.1,10.6,5.3,4.7,1.3,513,0,Meals / Prepared Food,curated,"Onion, Tomato, Garlic, Ginger, Cooking Oil, Turmeric, Red Chili Powder, Coriander Powder, Cumin, Salt"
1763,Indian Meals,Vegetarian Mains & Curries,Kidney Bean Curry,,"kidney bean curry, kidney bean curries, kidney-bean-curry, rajma, rajmah curry",1,bowl,119.9,143.7,6,16.4,5.8,5.8,2.5,0.7,355,0,Meals / Prepared Food,curated,"Rajma (Kidney Beans), Beans, Onion, Tomato, Garlic, Ginger, Cooking Oil, Turmeric, Red Chili Powder, Coriander Powder, Cumin, Salt"
1764,Indian Meals,Vegetarian Mains & Curries,Kidney Bean Sandwich with Cottage Cheese,,"kidney bean sandwich with cottage cheese, kidney bean sandwich with cottage cheeses, kidney-bean-sandwich-with-cottage-cheese, paneer, rajma",1,triangle,239.7,176.6,9.8,18.9,6.8,3.7,3.7,3.2,98,3,Meals / Prepared Food,curated,"Paneer (Cottage Cheese), Rajma (Kidney Beans), Cheese, Beans, Onion, Tomato, Garlic, Ginger, Cooking Oil, Turmeric, Red Chili Powder, Coriander Powder, Cumin, Salt"
1765,Indian Meals,Vegetarian Mains & Curries,Lasagne with Vegetables,,"lasagne with vegetables, lasagne with vegetabl, lasagne with vegetableses, lasagne-with-vegetables",1,dish,100,49.2,1.7,5.9,2.2,0.7,1.4,1.1,41,3,Meals / Prepared Food,curated,"Onion, Tomato, Garlic, Ginger, Cooking Oil, Turmeric, Red Chili Powder, Coriander Powder, Cumin, Salt"
1766,Indian Meals,Vegetarian Mains & Curries,Lemon Curd Filling,,"lemon curd filling, dahi, lemon curd fillings, lemon-curd-filling, nimbu",1,tablespoon,25,225.6,3.4,26.4,12.6,0,26.1,7.3,35,118,Meals / Prepared Food,curated,"Yogurt (Curd), Lemons, Onion, Tomato, Garlic, Ginger, Cooking Oil, Turmeric, Red Chili Powder, Coriander Powder, Cumin, Salt"
1767,Indian Meals,Vegetarian Mains & Curries,Lemon Souffle,,"lemon souffle, lemon souffles, lemon-souffle, nimbu",1,souffle cup,237,168.5,6.9,13.4,10,0,11.7,5.8,51,100,Meals / Prepared Food,curated,"Lemons, Onion, Tomato, Garlic, Ginger, Cooking Oil, Turmeric, Red Chili Powder, Coriander Powder, Cumin, Salt"
1768,Indian Meals,Vegetarian Mains & Curries,Lemon Squash,,"lemon squash, lemon squashes, lemon-squash, nimbu, nimbu ka squash",1,serving,100,184.6,0.2,48.9,0.1,0,48.9,0,15,0,Meals / Prepared Food,curated,"Lemons, Onion, Tomato, Garlic, Ginger, Cooking Oil, Turmeric, Red Chili Powder, Coriander Powder, Cumin, Salt"
1769,Indian Meals,Vegetarian Mains & Curries,Lemon Tart,,"lemon tart, lemon tarts, lemon-tart, nimbu",1,tart,54.4,303.4,6.1,30.7,17.4,0.8,10.7,10.3,76,123,Meals / Prepared Food,curated,"Lemons, Onion, Tomato, Garlic, Ginger, Cooking Oil, Turmeric, Red Chili Powder, Coriander Powder, Cumin, Salt"
1770,Indian Meals,Vegetarian Mains & Curries,Lemon and Ginger Squash,,"lemon and ginger squash, adrak, lemon and ginger squashes, lemon-and-ginger-squash, nimbu, nimbu aur adrak ka squash",1,serving,100,170.3,0.5,44.1,0.2,1.1,42.5,0.1,16,0,Meals / Prepared Food,curated,"Ginger, Lemons, Onion, Tomato, Garlic, Cooking Oil, Turmeric, Red Chili Powder, Coriander Powder, Cumin, Salt"
1771,Indian Meals,Vegetarian Mains & Curries,Lentils and Semolina Porridge,,"lentils and semolina porridge, dal, dal suji porridge/daliya, lentils and semolina porridges, lentils-and-semolina-porridge, rava, suji",1,serving,200,117.3,3.3,23.2,1.1,1.4,13.8,0.6,10,0,Meals / Prepared Food,curated,"Lentils (Dal), Semolina (Rava/Sooji), Lentils, Onion, Tomato, Garlic, Ginger, Cooking Oil, Turmeric, Cumin, Salt"
1772,Indian Meals,Vegetarian Mains & Curries,Lentils and Wheat Porridge,,"lentils and wheat porridge, dal, dal wheat porridge/daliya, gehun, lentils and wheat porridges, lentils-and-wheat-porridge",1,serving,170.2,52.5,2.7,8.4,0.9,1.3,0.9,0.5,63,0,Meals / Prepared Food,curated,"Lentils (Dal), Lentils, Wheat, Onion, Tomato, Garlic, Ginger, Cooking Oil, Turmeric, Cumin, Salt"
1773,Indian Meals,Vegetarian Mains & Curries,Lichi Squash,,"lichi squash, lichi squashes, lichi-squash",1,serving,100,198.3,0.3,52,0.1,0.4,51.3,0,15,0,Meals / Prepared Food,curated,"Onion, Tomato, Garlic, Ginger, Cooking Oil, Turmeric, Red Chili Powder, Coriander Powder, Cumin, Salt"
1774,Indian Meals,Vegetarian Mains & Curries,Little India Little Lunch,,"little india little lunch, little india little lunches, little-india-little-lunch",100,g,100,164,0,2,10.6,0,0,15.6,0,0,Meals / Prepared Food,curated,"Onion, Tomato, Garlic, Ginger, Cooking Oil, Turmeric, Red Chili Powder, Coriander Powder, Cumin, Salt"
1775,Indian Meals,Vegetarian Mains & Curries,Lobia Curry,,"lobia curry, lobia curries, lobia-curry",1,bowl,119.9,149,6.1,17.9,5.6,4.6,2.5,0.7,355,0,Meals / Prepared Food,curated,"Lobia (Black-eyed Peas), Onion, Tomato, Garlic, Ginger, Cooking Oil, Turmeric, Red Chili Powder, Coriander Powder, Cumin, Salt"
1776,Indian Meals,Vegetarian Mains & Curries,Lotus Stem Curry,,"lotus stem curry, kamal kakdi curry, lotus stem curries, lotus-stem-curry",1,bowl,202.3,110.3,1.5,9.2,7.3,3.1,2.1,0.9,217,0,Meals / Prepared Food,curated,"Onion, Tomato, Garlic, Ginger, Cooking Oil, Turmeric, Red Chili Powder, Coriander Powder, Cumin, Salt"
1777,Indian Meals,Vegetarian Mains & Curries,Lotus Stem Kofta Curry,,"lotus stem kofta curry, kamal kakdi kofta curry, lotus stem kofta curries, lotus-stem-kofta-curry",1,bowl,731.2,633.6,1,5,67.8,1,0.9,8.2,109,0,Meals / Prepared Food,curated,"Onion, Tomato, Garlic, Ginger, Cooking Oil, Turmeric, Red Chili Powder, Coriander Powder, Cumin, Salt"
1778,Indian Meals,Vegetarian Mains & Curries,Low Calorie Quick Mayonnaise,,"low calorie quick mayonnaise, low calorie quick mayonnaises, low-calorie-quick-mayonnaise",1,serving,100,242.9,1.4,4.7,24.4,0.1,0.8,3.1,166,36,Meals / Prepared Food,curated,"Onion, Tomato, Garlic, Ginger, Cooking Oil, Turmeric, Red Chili Powder, Coriander Powder, Cumin, Salt"
1779,Indian Meals,Vegetarian Mains & Curries,Maa Chaane ki Dal,,"maa chaane ki dal, maa chaane ki dals, maa-chaane-ki-dal",1,bowl,81.1,344.7,19.8,43.1,9.5,13.5,1.1,4,43,15,Meals / Prepared Food,curated,"Lentils (Dal), Onion, Tomato, Garlic, Ginger, Cooking Oil, Turmeric, Cumin, Salt"
1780,Indian Meals,Vegetarian Mains & Curries,Maize Porridge,,"maize porridge, maize porridges, maize-porridge",1,serving,170,89.6,2.1,15.6,1.9,1.7,7.7,0.2,6,0,Meals / Prepared Food,curated,"Corn, Onion, Tomato, Garlic, Ginger, Cooking Oil, Turmeric, Red Chili Powder, Coriander Powder, Cumin, Salt"
1781,Indian Meals,Vegetarian Mains & Curries,Mal Pua,,"mal pua, mal puas, mal-pua",1,malqura,149.6,566.7,1.7,17.6,54.6,0.6,11.8,7,6,0,Meals / Prepared Food,curated,"Onion, Tomato, Garlic, Ginger, Cooking Oil, Turmeric, Red Chili Powder, Coriander Powder, Cumin, Salt"
1782,Indian Meals,Vegetarian Mains & Curries,Mango Malpua,,"mango malpua, aam, mango malpuas, mango-malpua",1,piece,392.9,334.6,1.6,12.8,30.7,2.1,5,18.2,2,75,Meals / Prepared Food,curated,"Mango, Onion, Tomato, Garlic, Ginger, Cooking Oil, Turmeric, Red Chili Powder, Coriander Powder, Cumin, Salt"
1783,Indian Meals,Vegetarian Mains & Curries,Mango Murabba Candy,,"mango murabba candy, aam, mango murabba candies, mango-murabba-candy",1,candy,76,293.3,0.3,77.3,0.1,1,74.7,0,14,0,Meals / Prepared Food,curated,"Mango, Onion, Tomato, Garlic, Ginger, Cooking Oil, Turmeric, Red Chili Powder, Coriander Powder, Cumin, Salt"
1784,Indian Meals,Vegetarian Mains & Curries,Mango Squash,,"mango squash, aam, aam ka squash, mango squashes, mango-squash",1,serving,100,194.7,0.2,51,0.2,0.6,50.8,0.1,15,0,Meals / Prepared Food,curated,"Mango, Onion, Tomato, Garlic, Ginger, Cooking Oil, Turmeric, Red Chili Powder, Coriander Powder, Cumin, Salt"
1785,Indian Meals,Vegetarian Mains & Curries,Marmalade,,"marmalade, marmalades, murabba",1,serving,100,143.8,0.2,37.6,0,0.4,37.3,0,2,0,Meals / Prepared Food,curated,"Onion, Tomato, Garlic, Ginger, Cooking Oil, Turmeric, Red Chili Powder, Coriander Powder, Cumin, Salt"
1786,Indian Meals,Vegetarian Mains & Curries,Masala Arbi,,"masala arbi, masala arbis, masala-arbi",1,bowl,116.2,185.4,3,16.2,11.9,3.1,0.8,1.4,261,0,Meals / Prepared Food,curated,"Onion, Tomato, Garlic, Ginger, Cooking Oil, Turmeric, Red Chili Powder, Coriander Powder, Cumin, Salt"
1787,Indian Meals,Vegetarian Mains & Curries,Masala Souffle,,"masala souffle, masala souffles, masala-souffle",1,souffle dish,1484.7,123.5,6.4,8,7.4,1.2,1.8,3.9,131,86,Meals / Prepared Food,curated,"Onion, Tomato, Garlic, Ginger, Cooking Oil, Turmeric, Red Chili Powder, Coriander Powder, Cumin, Salt"
1788,Indian Meals,Vegetarian Mains & Curries,Mashed Banana with Milk,,"mashed banana with milk, doodh, kela, mashed banana with milks, mashed-banana-with-milk",1,serving,100,95.4,2.5,14.6,3,0.7,11.3,1.8,17,0,Meals / Prepared Food,curated,"Banana, Milk, Onion, Tomato, Garlic, Ginger, Cooking Oil, Turmeric, Red Chili Powder, Coriander Powder, Cumin, Salt"
1789,Indian Meals,Vegetarian Mains & Curries,Mathri,,"mathri, mathris",1,kachori,87.2,805.1,1.7,12.3,83.1,0.6,0.3,10,65,0,Meals / Prepared Food,curated,"Onion, Tomato, Garlic, Ginger, Cooking Oil, Turmeric, Red Chili Powder, Coriander Powder, Cumin, Salt"
1790,Indian Meals,Vegetarian Mains & Curries,Mayonnaise,,"mayonnaise, mayonnaises",1,serving,100,774.9,1.9,1.6,84.5,0.1,1.4,10.7,273,117,Meals / Prepared Food,curated,"Onion, Tomato, Garlic, Ginger, Cooking Oil, Turmeric, Red Chili Powder, Coriander Powder, Cumin, Salt"
1791,Indian Meals,Vegetarian Mains & Curries,Mayonnaise Vegetable Dip,,"mayonnaise vegetable dip, mayonnaise vegetable dips, mayonnaise-vegetable-dip",1,tablespoon,42.8,241.3,3,4.8,23.4,0.4,4.4,5,120,30,Meals / Prepared Food,curated,"Onion, Tomato, Garlic, Ginger, Cooking Oil, Turmeric, Red Chili Powder, Coriander Powder, Cumin, Salt"
1792,Indian Meals,Vegetarian Mains & Curries,Melting Moments,,"melting moments, melting moment, melting momentses, melting-moments",1,biscuit,16.6,437.9,5.7,55.8,21.8,1.9,25,13,119,80,Meals / Prepared Food,curated,"Onion, Tomato, Garlic, Ginger, Cooking Oil, Turmeric, Red Chili Powder, Coriander Powder, Cumin, Salt"
1793,Indian Meals,Vegetarian Mains & Curries,Methi Chaman,,"methi chaman, methi chamans, methi-chaman",1,bowl,1001.5,475.6,1.5,2.8,50.9,0.5,1.8,6.9,55,0,Meals / Prepared Food,curated,"Fenugreek Leaves (Methi), Onion, Tomato, Garlic, Ginger, Cooking Oil, Turmeric, Red Chili Powder, Coriander Powder, Cumin, Salt"
1794,Indian Meals,Vegetarian Mains & Curries,Methi Malai Paneer,,"methi malai paneer, methi malai paneers, methi-malai-paneer, paneer",1,bowl,193.4,195,7.3,8.2,14.8,1.5,6,5.5,221,7,Meals / Prepared Food,curated,"Paneer (Cottage Cheese), Fenugreek Leaves (Methi), Onion, Tomato, Garlic, Ginger, Cooking Oil, Turmeric, Red Chili Powder, Coriander Powder, Cumin, Salt"
1795,Indian Meals,Vegetarian Mains & Curries,Methi Thepla,,"methi thepla, methi theplas, methi-thepla",1,thepla,36.4,346.2,9,41.3,15.9,7.6,3,2.2,543,2,Meals / Prepared Food,curated,"Fenugreek Leaves (Methi), Onion, Tomato, Garlic, Ginger, Cooking Oil, Turmeric, Red Chili Powder, Coriander Powder, Cumin, Salt"
1796,Indian Meals,Vegetarian Mains & Curries,Mint and Peanut Sandwich,,"mint and peanut sandwich, mint and peanut sandwiches, mint-and-peanut-sandwich, moongphali, mungfali, pudina",1,sandwich,49.1,273.6,7.2,31.8,13.9,3.7,2.8,7.2,453,22,Meals / Prepared Food,curated,"Peanuts, Onion, Tomato, Garlic, Ginger, Cooking Oil, Turmeric, Red Chili Powder, Coriander Powder, Cumin, Salt"
1797,Indian Meals,Vegetarian Mains & Curries,Mixed Dal,,"mixed dal, mixed dals, mixed-dal",1,bowl,297.8,61.9,2.5,5.8,3.1,1.6,0.3,0.4,141,0,Meals / Prepared Food,curated,"Lentils (Dal), Onion, Tomato, Garlic, Ginger, Cooking Oil, Turmeric, Cumin, Salt"
1798,Indian Meals,Vegetarian Mains & Curries,Mooli Bhujia,,"mooli bhujia, mooli bhujias, mooli-bhujia",1,bowl,198.4,91.2,1.7,4.7,7.3,2.4,1.1,0.9,90,0,Meals / Prepared Food,curated,"Onion, Tomato, Garlic, Ginger, Cooking Oil, Turmeric, Red Chili Powder, Coriander Powder, Cumin, Salt"
1799,Indian Meals,Vegetarian Mains & Curries,Moong Dal Mixture,,"moong dal mixture, moong dal, moong dal mixtures, moong-dal-mixture",1,serving,100,158.8,4.6,33.9,1,1.9,24.7,0.5,30,2,Meals / Prepared Food,curated,"Moong Dal (Split Mung Bean), Lentils (Dal), Onion, Tomato, Garlic, Ginger, Cooking Oil, Turmeric, Cumin, Salt"
1800,Indian Meals,Vegetarian Mains & Curries,Moong Dal Stuffed Cheela/chilla,,"moong dal stuffed cheela/chilla, moong dal, moong dal ka cheela/chilla, moong dal stuffed cheela/chillas, moong-dal-stuffed-cheela/chilla",1,cheela,227.3,154.9,7,19.4,5.1,4.3,1.1,0.7,267,0,Meals / Prepared Food,curated,"Moong Dal (Split Mung Bean), Lentils (Dal), Onion, Tomato, Garlic, Ginger, Cooking Oil, Turmeric, Cumin, Salt"
1801,Indian Meals,Vegetarian Mains & Curries,Moong Dal with Vadi,,"moong dal with vadi, moong dal, moong dal with vadis, moong-dal-with-vadi",1,curry bowl,362.5,24.1,0.4,1,2,0.4,0.4,1.2,112,5,Meals / Prepared Food,curated,"Moong Dal (Split Mung Bean), Lentils (Dal), Onion, Tomato, Garlic, Ginger, Cooking Oil, Turmeric, Cumin, Salt"
1802,Indian Meals,Vegetarian Mains & Curries,Moti Mahal Dal,,"moti mahal dal, moti mahal dals, moti-mahal-dal, urad rajmah mix dal",1,bowl,286.7,103.1,3.9,8.7,5.7,3.4,1.7,1,158,2,Meals / Prepared Food,curated,"Urad Dal (Split Black Gram), Lentils (Dal), Onion, Tomato, Garlic, Ginger, Cooking Oil, Turmeric, Cumin, Salt"
1803,Indian Meals,Vegetarian Mains & Curries,Murmura,,"murmura, murmuras, puffed rice",1,bowl,278,113.3,3.6,15.7,4,0.3,7.3,2.3,23,0,Meals / Prepared Food,curated,"Rice, Onion, Tomato, Garlic, Ginger, Cooking Oil, Turmeric, Red Chili Powder, Coriander Powder, Cumin, Salt"
1804,Indian Meals,Vegetarian Mains & Curries,Murmura Chikki,,"murmura chikki, murmura chikkis, murmura-chikki",1,piece,26.3,253.8,2.1,59.6,0.3,0.4,48.3,0,15,0,Meals / Prepared Food,curated,"Onion, Tomato, Garlic, Ginger, Cooking Oil, Turmeric, Red Chili Powder, Coriander Powder, Cumin, Salt"
1805,Indian Meals,Vegetarian Mains & Curries,Mushroom Matar,,"mushroom matar, khumb, mushroom matars, mushroom-matar",1,bowl,262.9,70.8,2.8,5.3,4.1,3.1,1.4,0.5,62,0,Meals / Prepared Food,curated,"Green Peas, Mushroom, Mushrooms, Onion, Tomato, Garlic, Ginger, Cooking Oil, Turmeric, Red Chili Powder, Coriander Powder, Cumin, Salt"
1806,Indian Meals,Vegetarian Mains & Curries,Mushroom Sauce,,"mushroom sauce, khumb, mushroom sauces, mushroom-sauce",1,serving,100,137.6,3.4,7.3,10.5,0.5,3.9,6.5,21,18,Meals / Prepared Food,curated,"Mushroom, Mushrooms, Onion, Tomato, Garlic, Ginger, Cooking Oil, Turmeric, Red Chili Powder, Coriander Powder, Cumin, Salt"
1807,Indian Meals,Vegetarian Mains & Curries,Mushroom and Cheese Sandwich,,"mushroom and cheese sandwich, khumb, mushroom and cheese sandwiches, mushroom-and-cheese-sandwich, toasted",1,triangle,75.7,227.4,7.8,21,13,2.3,2.1,7.5,457,35,Meals / Prepared Food,curated,"Mushroom, Cheese, Mushrooms, Onion, Tomato, Garlic, Ginger, Cooking Oil, Turmeric, Red Chili Powder, Coriander Powder, Cumin, Salt"
1808,Indian Meals,Vegetarian Mains & Curries,Mustard Sauce,,"mustard sauce, mustard sauces, mustard-sauce",1,serving,100,158.6,4,8.3,12.2,0.1,4.2,7.2,22,20,Meals / Prepared Food,curated,"Onion, Tomato, Garlic, Ginger, Cooking Oil, Turmeric, Red Chili Powder, Coriander Powder, Cumin, Salt"
1809,Indian Meals,Vegetarian Mains & Curries,Mustard Seeds Baghar,,"mustard seeds baghar, mustard seed tadka, mustard seeds baghars, mustard-seeds-baghar, rai, sarson",1,serving,100,552.6,4.7,10.4,54.3,9.7,1.1,31.3,9,131,Meals / Prepared Food,curated,"Onion, Tomato, Garlic, Ginger, Cooking Oil, Turmeric, Red Chili Powder, Coriander Powder, Cumin, Salt"
1810,Indian Meals,Vegetarian Mains & Curries,Namkeen Daliya,,"namkeen daliya, namkeen daliyas, namkeen-daliya",1,plate,117.3,295.1,8.3,49.3,8,8.6,0.8,0.9,150,0,Meals / Prepared Food,curated,"Onion, Tomato, Garlic, Ginger, Cooking Oil, Turmeric, Red Chili Powder, Coriander Powder, Cumin, Salt"
1811,Indian Meals,Vegetarian Mains & Curries,Oatmeal Porridge,,"oatmeal porridge, jai, oatmeal porridges, oatmeal-porridge",1,bowl,398,72.9,2.6,8.8,3.2,0.4,5.2,1.8,16,0,Meals / Prepared Food,curated,"Onion, Tomato, Garlic, Ginger, Cooking Oil, Turmeric, Red Chili Powder, Coriander Powder, Cumin, Salt"
1812,Indian Meals,Vegetarian Mains & Curries,Onion Tomato Baghar,,"onion tomato baghar, onion tomato baghars, onion-tomato-baghar, pyaaz, pyaaz tamatar ka tadka, pyaz, tamatar",1,serving,100,137.5,1.3,6.2,12,2.1,3.5,7,31,29,Meals / Prepared Food,curated,"Onion, Tomato, Garlic, Ginger, Cooking Oil, Turmeric, Red Chili Powder, Coriander Powder, Cumin, Salt"
1813,Indian Meals,Vegetarian Mains & Curries,Orange Cream Flan,,"orange cream flan, malai, orange cream flans, orange-cream-flan, santra",1,flan,404.2,280.3,4.7,36.2,13.6,0.6,25.3,7.8,82,120,Meals / Prepared Food,curated,"Cream, Orange, Onion, Tomato, Garlic, Ginger, Cooking Oil, Turmeric, Red Chili Powder, Coriander Powder, Cumin, Salt"
1814,Indian Meals,Vegetarian Mains & Curries,Orange Cream Tart,,"orange cream tart, malai, orange cream tarts, orange-cream-tart, santra",1,tart,72.2,197.2,2.6,27.4,8.7,0.6,10.1,5.4,37,22,Meals / Prepared Food,curated,"Cream, Orange, Onion, Tomato, Garlic, Ginger, Cooking Oil, Turmeric, Red Chili Powder, Coriander Powder, Cumin, Salt"
1815,Indian Meals,Vegetarian Mains & Curries,Orange Omelette/omlet,,"orange omelette/omlet, orange omelette/omlets, orange-omelette/omlet, santra",1,egg,76,194.7,8.9,1.7,16.8,0,1.7,8.8,341,269,Meals / Prepared Food,curated,"Orange, Onion, Tomato, Garlic, Ginger, Cooking Oil, Turmeric, Red Chili Powder, Coriander Powder, Cumin, Salt"
1816,Indian Meals,Vegetarian Mains & Curries,Orange Souffle,,"orange souffle, orange souffles, orange-souffle, santra",1,souffle cup,244,168.3,6.8,14.2,9.7,0.2,12.3,5.6,49,98,Meals / Prepared Food,curated,"Orange, Onion, Tomato, Garlic, Ginger, Cooking Oil, Turmeric, Red Chili Powder, Coriander Powder, Cumin, Salt"
1817,Indian Meals,Vegetarian Mains & Curries,Orange Squash,,"orange squash, orange squashes, orange-squash, santra, santre ka squash",1,serving,100,193.3,0.2,50.9,0,0.4,50.6,0,15,0,Meals / Prepared Food,curated,"Orange, Onion, Tomato, Garlic, Ginger, Cooking Oil, Turmeric, Red Chili Powder, Coriander Powder, Cumin, Salt"
1818,Indian Meals,Vegetarian Mains & Curries,Orange and Pineapple Cream,,"orange and pineapple cream, ananas, malai, orange and pineapple creams, orange-and-pineapple-cream, santra",1,bowl,89.1,101.2,1.4,12,5.4,1,11.4,3.4,10,15,Meals / Prepared Food,curated,"Cream, Pineapple, Orange, Onion, Tomato, Garlic, Ginger, Cooking Oil, Turmeric, Red Chili Powder, Coriander Powder, Cumin, Salt"
1819,Indian Meals,Vegetarian Mains & Curries,Paaner Do Pyaza,,"paaner do pyaza, paaner do pyazas, paaner-do-pyaza",1,bowl,231.9,127.7,4.2,3.4,10.9,0.8,2.2,3.6,161,15,Meals / Prepared Food,curated,"Onion, Tomato, Garlic, Ginger, Cooking Oil, Turmeric, Red Chili Powder, Coriander Powder, Cumin, Salt"
1820,Indian Meals,Vegetarian Mains & Curries,Panchmel Dal,,"panchmel dal, panchmel dals, panchmel-dal",1,bowl,300.8,111.2,4.6,10.7,5.4,3.2,0.7,2.9,79,12,Meals / Prepared Food,curated,"Lentils (Dal), Onion, Tomato, Garlic, Ginger, Cooking Oil, Turmeric, Cumin, Salt"
1821,Indian Meals,Vegetarian Mains & Curries,Paneer Curry,,"paneer curry, paneer, paneer curries, paneer-curry",1,bowl,202.3,176.5,7.8,8.4,12.4,1.4,6.3,4.1,216,0,Meals / Prepared Food,curated,"Paneer (Cottage Cheese), Onion, Tomato, Garlic, Ginger, Cooking Oil, Turmeric, Red Chili Powder, Coriander Powder, Cumin, Salt"
1822,Indian Meals,Vegetarian Mains & Curries,Paneer Kofta Curry,,"paneer kofta curry, paneer, paneer kofta curries, paneer-kofta-curry",1,bowl,701,670.9,2.4,3.3,72.1,0.4,2,9.5,122,0,Meals / Prepared Food,curated,"Paneer (Cottage Cheese), Onion, Tomato, Garlic, Ginger, Cooking Oil, Turmeric, Red Chili Powder, Coriander Powder, Cumin, Salt"
1823,Indian Meals,Vegetarian Mains & Curries,Paneer Lababdar,,"paneer lababdar, paneer, paneer lababdars, paneer-lababdar",1,bowl,382.3,105.5,4,3.4,8.5,1.2,2,1.9,142,7,Meals / Prepared Food,curated,"Paneer (Cottage Cheese), Onion, Tomato, Garlic, Ginger, Cooking Oil, Turmeric, Red Chili Powder, Coriander Powder, Cumin, Salt"
1824,Indian Meals,Vegetarian Mains & Curries,Paneer Makhana Korma,,"paneer makhana korma, paneer, paneer makhana kormas, paneer-makhana-korma",1,bowl,607,775.8,3.2,4.6,82.8,0.2,1.8,11.2,77,2,Meals / Prepared Food,curated,"Paneer (Cottage Cheese), Onion, Tomato, Garlic, Ginger, Cooking Oil, Turmeric, Red Chili Powder, Coriander Powder, Cumin, Salt"
1825,Indian Meals,Vegetarian Mains & Curries,Paneer Patties,,"paneer patties, paneer, paneer pattieses, paneer patty, paneer-patties",1,patty,100.7,338.6,7.6,22.8,24,1.2,4,13.3,158,45,Meals / Prepared Food,curated,"Paneer (Cottage Cheese), Onion, Tomato, Garlic, Ginger, Cooking Oil, Turmeric, Red Chili Powder, Coriander Powder, Cumin, Salt"
1826,Indian Meals,Vegetarian Mains & Curries,Paneer Pea Sandwich,,"paneer pea sandwich, matar, paneer, paneer matar ka sandwich, paneer pea sandwiches, paneer-pea-sandwich, toasted",1,toasted triangle,88.9,249.6,12.4,24.1,12,2.1,6.4,4.5,269,0,Meals / Prepared Food,curated,"Paneer (Cottage Cheese), Green Peas, Onion, Tomato, Garlic, Ginger, Cooking Oil, Turmeric, Red Chili Powder, Coriander Powder, Cumin, Salt"
1827,Indian Meals,Vegetarian Mains & Curries,Paneer Stuffed Cheela/chilla,,"paneer stuffed cheela/chilla, paneer, paneer stuffed cheela/chillas, paneer-stuffed-cheela/chilla",1,cheela,212.3,205.2,11.4,19.2,8.9,4,3.8,2.8,289,0,Meals / Prepared Food,curated,"Paneer (Cottage Cheese), Onion, Tomato, Garlic, Ginger, Cooking Oil, Turmeric, Red Chili Powder, Coriander Powder, Cumin, Salt"
1828,Indian Meals,Vegetarian Mains & Curries,Paneer in Butter Sauce,,"paneer in butter sauce, makhan, paneer, paneer in butter sauces, paneer-in-butter-sauce",1,bowl,156.8,145.6,7,9.7,8.8,1.5,7.5,5.3,151,10,Meals / Prepared Food,curated,"Paneer (Cottage Cheese), Butter, Onion, Tomato, Garlic, Ginger, Cooking Oil, Turmeric, Red Chili Powder, Coriander Powder, Cumin, Salt"
1829,Indian Meals,Vegetarian Mains & Curries,Papdi,,"papdi, papdis",1,plate,173.7,709,1.8,12.9,72.1,0.6,0.3,8.7,29,0,Meals / Prepared Food,curated,"Puffed Rice/Sev, Tamarind Chutney, Onion, Tomato, Garlic, Ginger, Cooking Oil, Turmeric, Red Chili Powder, Coriander Powder, Cumin, Salt"
1830,Indian Meals,Vegetarian Mains & Curries,Parsley Potato,,"parsley potato, aloo, parsley potatos, parsley-potato",1,bowl,108.5,119.5,1.5,13.8,6.3,1.6,0.3,3.9,5,16,Meals / Prepared Food,curated,"Potato, Parsley, Onion, Tomato, Garlic, Ginger, Cooking Oil, Turmeric, Red Chili Powder, Coriander Powder, Cumin, Salt"
1831,Indian Meals,Vegetarian Mains & Curries,Pasta Cheese Sauce,,"pasta cheese sauce, pasta cheese sauces, pasta-cheese-sauce",1,serving,100,149.3,4.3,9,10.8,0.1,4.2,6.7,256,22,Meals / Prepared Food,curated,"Pasta, Cheese, Onion, Tomato, Garlic, Ginger, Cooking Oil, Turmeric, Red Chili Powder, Coriander Powder, Cumin, Salt"
1832,Indian Meals,Vegetarian Mains & Curries,Pasta Hot Pot,,"pasta hot pot, pasta hot pots, pasta-hot-pot",1,plate,831.4,125.2,5.8,11.6,6.5,0.8,6,2.7,231,27,Meals / Prepared Food,curated,"Pasta, Onion, Tomato, Garlic, Ginger, Cooking Oil, Turmeric, Red Chili Powder, Coriander Powder, Cumin, Salt"
1833,Indian Meals,Vegetarian Mains & Curries,Pasta Spinach Sauce,,"pasta spinach sauce, palak, pasta spinach sauces, pasta-spinach-sauce",1,serving,100,85.5,1.8,1.8,7.9,0.9,1,2.7,116,9,Meals / Prepared Food,curated,"Spinach, Pasta, Onion, Tomato, Garlic, Ginger, Cooking Oil, Turmeric, Red Chili Powder, Coriander Powder, Cumin, Salt"
1834,Indian Meals,Vegetarian Mains & Curries,Pavlova,,"pavlova, pavlovas",1,meringue,361.7,200.6,1.8,21.8,12.3,0.1,20.4,7.7,26,32,Meals / Prepared Food,curated,"Onion, Tomato, Garlic, Ginger, Cooking Oil, Turmeric, Red Chili Powder, Coriander Powder, Cumin, Salt"
1835,Indian Meals,Vegetarian Mains & Curries,Pea Curry,,"pea curry, matar, matar ki sabzi, pea curries, pea-curry",1,bowl,277.3,103,4.5,9.2,5.1,4.4,2,0.6,155,0,Meals / Prepared Food,curated,"Green Peas, Onion, Tomato, Garlic, Ginger, Cooking Oil, Turmeric, Red Chili Powder, Coriander Powder, Cumin, Salt"
1836,Indian Meals,Vegetarian Mains & Curries,Pea Kofta Curry,,"pea kofta curry, matar, matar kofta curry, pea kofta curries, pea-kofta-curry",1,bowl,780.5,595.7,2,4.2,63.4,1.7,0.9,7.6,83,0,Meals / Prepared Food,curated,"Green Peas, Onion, Tomato, Garlic, Ginger, Cooking Oil, Turmeric, Red Chili Powder, Coriander Powder, Cumin, Salt"
1837,Indian Meals,Vegetarian Mains & Curries,Pea Mushroom Curry,,"pea mushroom curry, khumb, matar, matar mushroom, pea mushroom curries, pea-mushroom-curry",1,bowl,277.3,93.3,3.9,7.4,5.2,3.9,1.8,0.6,155,0,Meals / Prepared Food,curated,"Green Peas, Mushroom, Mushrooms, Onion, Tomato, Garlic, Ginger, Cooking Oil, Turmeric, Red Chili Powder, Coriander Powder, Cumin, Salt"
1838,Indian Meals,Vegetarian Mains & Curries,Pea Paneer Curry,,"pea paneer curry, matar, matar paneer, paneer, pea paneer curries, pea-paneer-curry",1,bowl,277.3,134.8,6.6,9.3,7.8,3.3,3.9,2.2,157,0,Meals / Prepared Food,curated,"Paneer (Cottage Cheese), Green Peas, Onion, Tomato, Garlic, Ginger, Cooking Oil, Turmeric, Red Chili Powder, Coriander Powder, Cumin, Salt"
1839,Indian Meals,Vegetarian Mains & Curries,Pea Potato Curry,,"pea potato curry, aloo, aloo matar, matar, pea potato curries, pea-potato-curry",1,bowl,277.3,100.9,3.5,9.7,5.1,3.6,1.9,0.6,155,0,Meals / Prepared Food,curated,"Potato, Green Peas, Onion, Tomato, Garlic, Ginger, Cooking Oil, Turmeric, Red Chili Powder, Coriander Powder, Cumin, Salt"
1840,Indian Meals,Vegetarian Mains & Curries,Pea Potato Sandwich,,"pea potato sandwich, aloo, matar, matar aloo ka sandwich, pea potato sandwiches, pea-potato-sandwich, toasted",1,toasted triangle,88.9,164.9,4.6,25.2,5.4,2.9,1.3,0.6,263,0,Meals / Prepared Food,curated,"Potato, Green Peas, Onion, Tomato, Garlic, Ginger, Cooking Oil, Turmeric, Red Chili Powder, Coriander Powder, Cumin, Salt"
1841,Indian Meals,Vegetarian Mains & Curries,Pea Vadi Curry,,"pea vadi curry, matar, pea vadi curries, pea-vadi-curry",1,bowl,287.3,101.9,4.6,8.9,5.1,4.3,1.9,0.6,150,0,Meals / Prepared Food,curated,"Green Peas, Onion, Tomato, Garlic, Ginger, Cooking Oil, Turmeric, Red Chili Powder, Coriander Powder, Cumin, Salt"
1842,Indian Meals,Vegetarian Mains & Curries,Peach Blueberry Preserves,,"peach blueberry preserves, peach blueberry preserv, peach blueberry preserveses, peach-blueberry-preserves",1,half-pints,386.5,177.4,0.5,45.8,0.2,1.1,45.3,0,3,0,Meals / Prepared Food,curated,"Blueberries, Peach, Onion, Tomato, Garlic, Ginger, Cooking Oil, Turmeric, Red Chili Powder, Coriander Powder, Cumin, Salt"
1843,Indian Meals,Vegetarian Mains & Curries,Peanut Butter Cucumber Sandwich,,"peanut butter cucumber sandwich, kheera, makhan, moongphali, mungfali, peanut butter cucumber sandwiches, peanut-butter-cucumber-sandwich",1,sandwich,55.2,243.3,9,29.8,10.6,3.4,2.9,2.3,460,0,Meals / Prepared Food,curated,"Butter, Peanut Butter, Cucumber, Peanuts, Onion, Tomato, Garlic, Ginger, Cooking Oil, Turmeric, Red Chili Powder, Coriander Powder, Cumin, Salt"
1844,Indian Meals,Vegetarian Mains & Curries,Peanut and Tomato Sandwich,,"peanut and tomato sandwich, moongfali aur tamatar ka sandwich, moongphali, mungfali, peanut and tomato sandwiches, peanut-and-tomato-sandwich, tamatar",1,triangle,60.8,291.4,9.5,28.5,16.1,4,2.8,6,365,18,Meals / Prepared Food,curated,"Tomato, Peanuts, Onion, Garlic, Ginger, Cooking Oil, Turmeric, Red Chili Powder, Coriander Powder, Cumin, Salt"
1845,Indian Meals,Vegetarian Mains & Curries,Pear Chocholate Sunday,,"pear chocholate sunday, nashpati, pear chocholate sundays, pear-chocholate-sunday",1,sundae glass,243.7,183.5,2.1,15,13.1,0.1,14.4,8,16,29,Meals / Prepared Food,curated,"Pear, Onion, Tomato, Garlic, Ginger, Cooking Oil, Turmeric, Red Chili Powder, Coriander Powder, Cumin, Salt"
1846,Indian Meals,Vegetarian Mains & Curries,Pear Preserves,,"pear preserves, naashpati ka murabba, nashpati, pear preserv, pear preserveses, pear-preserves",1,half-pints,596.1,101.2,0.3,25.7,0.2,3.1,25.2,0.1,2,0,Meals / Prepared Food,curated,"Pear, Onion, Tomato, Garlic, Ginger, Cooking Oil, Turmeric, Red Chili Powder, Coriander Powder, Cumin, Salt"
1847,Indian Meals,Vegetarian Mains & Curries,Pearl Millet Infant Food,,"pearl millet infant food, bajra, bajra shishu aahaar, pearl millet infant foods, pearl-millet-infant-food",1,serving,50,362.4,12,62.1,6.6,7.8,26.1,1.1,13,0,Meals / Prepared Food,curated,"Millet, Onion, Tomato, Garlic, Ginger, Cooking Oil, Turmeric, Red Chili Powder, Coriander Powder, Cumin, Salt"
1848,Indian Meals,Vegetarian Mains & Curries,Pearl Millet Mathri,,"pearl millet mathri, bajra, bajra mathri, pearl millet mathris, pearl-millet-mathri",1,piece,150.1,785.1,1.8,7.4,83.1,1.4,0.2,11.2,33,7,Meals / Prepared Food,curated,"Millet, Onion, Tomato, Garlic, Ginger, Cooking Oil, Turmeric, Red Chili Powder, Coriander Powder, Cumin, Salt"
1849,Indian Meals,Vegetarian Mains & Curries,Peas Brinjal Bhartha,,"peas brinjal bhartha, baingan, matar, matar baingan bhartha, peas brinjal bharthas, peas-brinjal-bhartha",1,small bowl,261.7,84.5,2.1,5,6.1,3.6,1.6,0.8,64,0,Meals / Prepared Food,curated,"Eggplant (Brinjal), Green Peas, Peas, Onion, Tomato, Garlic, Ginger, Cooking Oil, Turmeric, Red Chili Powder, Coriander Powder, Cumin, Salt"
1850,Indian Meals,Vegetarian Mains & Curries,Penne Platter,,"penne platter, penne platters, penne-platter",1,plate,261.5,177.4,5,20.9,8.7,1.1,4.5,2.1,283,2,Meals / Prepared Food,curated,"Pasta, Onion, Tomato, Garlic, Ginger, Cooking Oil, Turmeric, Red Chili Powder, Coriander Powder, Cumin, Salt"
1851,Indian Meals,Vegetarian Mains & Curries,Phirni,,"phirni, phirnis",1,bowl,290.2,116.1,3.5,16.1,4.3,0.4,10.8,2.4,22,0,Meals / Prepared Food,curated,"Onion, Tomato, Garlic, Ginger, Cooking Oil, Turmeric, Red Chili Powder, Coriander Powder, Cumin, Salt"
1852,Indian Meals,Vegetarian Mains & Curries,Pin Wheel Sandwich,,"pin wheel sandwich, pin wheel sandwiches, pin-wheel-sandwich",1,triangle,27.9,311.5,8.8,14,24.9,0.9,1.5,2.9,374,180,Meals / Prepared Food,curated,"Onion, Tomato, Garlic, Ginger, Cooking Oil, Turmeric, Red Chili Powder, Coriander Powder, Cumin, Salt"
1853,Indian Meals,Vegetarian Mains & Curries,Pineapple Jam,,"pineapple jam, ananas, pineapple jams, pineapple-jam",1,serving,100,149.2,0.3,38.3,0.2,2.2,37.4,0,2,0,Meals / Prepared Food,curated,"Pineapple, Onion, Tomato, Garlic, Ginger, Cooking Oil, Turmeric, Red Chili Powder, Coriander Powder, Cumin, Salt"
1854,Indian Meals,Vegetarian Mains & Curries,Pineapple Souffle,,"pineapple souffle, ananas, pineapple souffles, pineapple-souffle",1,souffle cup,202,196.1,8.1,15.5,11.7,0,13.5,6.7,59,118,Meals / Prepared Food,curated,"Pineapple, Onion, Tomato, Garlic, Ginger, Cooking Oil, Turmeric, Red Chili Powder, Coriander Powder, Cumin, Salt"
1855,Indian Meals,Vegetarian Mains & Curries,Pineapple Squash,,"pineapple squash, ananas, ananas ka squash, pineapple squashes, pineapple-squash",1,serving,100,195,0.2,51.3,0,1.1,51.1,0,15,0,Meals / Prepared Food,curated,"Pineapple, Onion, Tomato, Garlic, Ginger, Cooking Oil, Turmeric, Red Chili Powder, Coriander Powder, Cumin, Salt"
1856,Indian Meals,Vegetarian Mains & Curries,Pineapple Tart,,"pineapple tart, ananas, pineapple tarts, pineapple-tart",1,tart,77.2,195.4,2.3,28.6,8.2,0.9,11.1,5.1,38,21,Meals / Prepared Food,curated,"Pineapple, Onion, Tomato, Garlic, Ginger, Cooking Oil, Turmeric, Red Chili Powder, Coriander Powder, Cumin, Salt"
1857,Indian Meals,Vegetarian Mains & Curries,Pizza,,"pizza, pizzas",1,slice,297.3,146.8,6.8,9.9,8.7,1.7,1.4,3.2,225,19,Meals / Prepared Food,curated,"Onion, Tomato, Garlic, Ginger, Cooking Oil, Turmeric, Red Chili Powder, Coriander Powder, Cumin, Salt"
1858,Indian Meals,Vegetarian Mains & Curries,Plain Khitchdi,,"plain khitchdi, plain khichri/khichdi, plain khitchdis, plain-khitchdi",1,small bowl,574,57,1.7,10,1,0.8,0.1,0.5,37,2,Meals / Prepared Food,curated,"Rice, Onion, Tomato, Garlic, Ginger, Cooking Oil, Turmeric, Red Chili Powder, Coriander Powder, Cumin, Salt"
1859,Indian Meals,Vegetarian Mains & Curries,Plain Omelette/omlet,,"plain omelette/omlet, plain omelette/omlets, plain-omelette/omlet",1,omelette,143,272.4,9.7,0.6,25.7,0.1,0.5,4.6,226,256,Meals / Prepared Food,curated,"Onion, Tomato, Garlic, Ginger, Cooking Oil, Turmeric, Red Chili Powder, Coriander Powder, Cumin, Salt"
1860,Indian Meals,Vegetarian Mains & Curries,Plum Jam,,"plum jam, aloo bukhara, aloo bukhara jam, plum jams, plum-jam",1,serving,100,178.9,0.3,46.2,0.2,1,45.3,0,3,0,Meals / Prepared Food,curated,"Potato, Plum, Onion, Tomato, Garlic, Ginger, Cooking Oil, Turmeric, Red Chili Powder, Coriander Powder, Cumin, Salt"
1861,Indian Meals,Vegetarian Mains & Curries,Plum Squash,,"plum squash, aloo bukhara, aloo bukhara squash, plum squashes, plum-squash",1,serving,100,211.2,0.2,55.5,0.1,0.5,55,0,13,0,Meals / Prepared Food,curated,"Potato, Plum, Onion, Tomato, Garlic, Ginger, Cooking Oil, Turmeric, Red Chili Powder, Coriander Powder, Cumin, Salt"
1862,Indian Meals,Vegetarian Mains & Curries,Poha,,"poha, pohas",1,bowl,54.6,294.5,6.1,35,14.1,3.7,0.9,2,377,0,Meals / Prepared Food,curated,"Poha (Flattened Rice), Onion, Tomato, Garlic, Ginger, Cooking Oil, Turmeric, Red Chili Powder, Coriander Powder, Cumin, Salt"
1863,Indian Meals,Vegetarian Mains & Curries,Poha with Curd,,"poha with curd, dahi, poha aur dahi, poha with curds, poha-with-curd",1,serving,100,173.3,6,26.7,4.7,1.1,5.5,2.8,325,13,Meals / Prepared Food,curated,"Poha (Flattened Rice), Yogurt (Curd), Onion, Tomato, Garlic, Ginger, Cooking Oil, Turmeric, Red Chili Powder, Coriander Powder, Cumin, Salt"
1864,Indian Meals,Vegetarian Mains & Curries,Poshtik Chilla/cheela,,"poshtik chilla/cheela, poshtik chilla/cheelas, poshtik-chilla/cheela",1,cheela,72.3,159.5,4.8,27.5,3,4.9,1.2,0.4,97,0,Meals / Prepared Food,curated,"Onion, Tomato, Garlic, Ginger, Cooking Oil, Turmeric, Red Chili Powder, Coriander Powder, Cumin, Salt"
1865,Indian Meals,Vegetarian Mains & Curries,Poshtik Namak Paras,,"poshtik namak paras, poshtik namak para, poshtik namak parases, poshtik-namak-paras",1,piece,12.9,613.4,6.5,19.5,56.6,4.6,0.9,9.8,44,14,Meals / Prepared Food,curated,"Onion, Tomato, Garlic, Ginger, Cooking Oil, Turmeric, Red Chili Powder, Coriander Powder, Cumin, Salt"
1866,Indian Meals,Vegetarian Mains & Curries,Potato Aigrettes,,"potato aigrettes, aloo, potato aigrett, potato aigretteses, potato-aigrettes",1,aigrette,41.4,530,2.4,8,54.2,0.4,0.7,9.3,112,50,Meals / Prepared Food,curated,"Potato, Onion, Tomato, Garlic, Ginger, Cooking Oil, Turmeric, Red Chili Powder, Coriander Powder, Cumin, Salt"
1867,Indian Meals,Vegetarian Mains & Curries,Potato Bonda,,"potato bonda, aloo, aloo bonda, potato bondas, potato-bonda",1,bonda,179.2,632.8,1.1,4.5,67.8,0.8,0.3,8.2,133,0,Meals / Prepared Food,curated,"Potato, Onion, Tomato, Garlic, Ginger, Cooking Oil, Turmeric, Red Chili Powder, Coriander Powder, Cumin, Salt"
1868,Indian Meals,Vegetarian Mains & Curries,Potato Capsicum,,"potato capsicum, aloo, potato capsicums, potato-capsicum, shimla mirch, shimla mirch aloo",1,bowl,150.8,125.5,1.4,8.7,9.3,2,0.5,1.1,278,0,Meals / Prepared Food,curated,"Potato, Capsicum (Bell Pepper), Onion, Tomato, Garlic, Ginger, Cooking Oil, Turmeric, Red Chili Powder, Coriander Powder, Cumin, Salt"
1869,Indian Meals,Vegetarian Mains & Curries,Potato Cauliflower,,"potato cauliflower, aloo, aloo gobhi, gobi, phool gobi, potato cauliflowers, potato-cauliflower",1,bowl,175.7,106.2,1.9,6,8.1,3,0.4,1,255,0,Meals / Prepared Food,curated,"Potato, Cauliflower, Onion, Tomato, Garlic, Ginger, Cooking Oil, Turmeric, Red Chili Powder, Coriander Powder, Cumin, Salt"
1870,Indian Meals,Vegetarian Mains & Curries,Potato Curry,,"potato curry, aloo, aloo ki sabzi, potato curries, potato-curry",1,bowl,201.6,89.6,1.5,10.4,4.5,2.4,1.6,0.5,78,0,Meals / Prepared Food,curated,"Potato, Onion, Tomato, Garlic, Ginger, Cooking Oil, Turmeric, Red Chili Powder, Coriander Powder, Cumin, Salt"
1871,Indian Meals,Vegetarian Mains & Curries,Potato Fenugreek,,"potato fenugreek, aloo, aloo methi, potato fenugreeks, potato-fenugreek",1,bowl,204.3,135.1,2.2,8.5,10,2.9,0.5,1.3,222,0,Meals / Prepared Food,curated,"Potato, Fenugreek Leaves (Methi), Onion, Tomato, Garlic, Ginger, Cooking Oil, Turmeric, Red Chili Powder, Coriander Powder, Cumin, Salt"
1872,Indian Meals,Vegetarian Mains & Curries,Potato Kofta Curry,,"potato kofta curry, aloo, aloo kofta curry, potato kofta curries, potato-kofta-curry",1,bowl,1020.1,455.4,0.6,2.8,49.1,0.6,0.6,6.1,30,3,Meals / Prepared Food,curated,"Potato, Onion, Tomato, Garlic, Ginger, Cooking Oil, Turmeric, Red Chili Powder, Coriander Powder, Cumin, Salt"
1873,Indian Meals,Vegetarian Mains & Curries,Potato Nests,,"potato nests, aloo, potato nest, potato nestses, potato-nests",1,nest,191.5,111.6,5.7,11,4.8,2.5,1.4,2.8,182,26,Meals / Prepared Food,curated,"Potato, Onion, Tomato, Garlic, Ginger, Cooking Oil, Turmeric, Red Chili Powder, Coriander Powder, Cumin, Salt"
1874,Indian Meals,Vegetarian Mains & Curries,Potato with Curd,,"potato with curd, aloo, dahi, potato with curds, potato-with-curd",1,serving,100,73.2,3.2,12,1.3,1,3.3,0.8,191,4,Meals / Prepared Food,curated,"Potato, Yogurt (Curd), Onion, Tomato, Garlic, Ginger, Cooking Oil, Turmeric, Red Chili Powder, Coriander Powder, Cumin, Salt"
1875,Indian Meals,Vegetarian Mains & Curries,Puffed Wheat,,"puffed wheat, gehun, murmure/moori, puffed wheats, puffed-wheat",1,bowl,278,113.3,3.6,15.7,4,0.3,7.3,2.3,23,0,Meals / Prepared Food,curated,"Wheat, Onion, Tomato, Garlic, Ginger, Cooking Oil, Turmeric, Red Chili Powder, Coriander Powder, Cumin, Salt"
1876,Indian Meals,Vegetarian Mains & Curries,Puffy Omelette/omlet,,"puffy omelette/omlet, puffy omelette/omlets, puffy-omelette/omlet",1,egg,76,188.1,8.8,0.1,16.8,0,0.1,8.8,341,269,Meals / Prepared Food,curated,"Onion, Tomato, Garlic, Ginger, Cooking Oil, Turmeric, Red Chili Powder, Coriander Powder, Cumin, Salt"
1877,Indian Meals,Vegetarian Mains & Curries,Pulse Mix,,"pulse mix, pulse mixes, pulse-mix",1,serving,133.3,83.3,3.2,16,0.5,2.2,6.6,0.1,4,0,Meals / Prepared Food,curated,"Onion, Tomato, Garlic, Ginger, Cooking Oil, Turmeric, Red Chili Powder, Coriander Powder, Cumin, Salt"
1878,Indian Meals,Vegetarian Mains & Curries,Putharekulu,,"putharekulu, putharekulus",1,roll,53.5,318.3,3.7,59.6,7.6,1.7,23.9,4.4,3,18,Meals / Prepared Food,curated,"Onion, Tomato, Garlic, Ginger, Cooking Oil, Turmeric, Red Chili Powder, Coriander Powder, Cumin, Salt"
1879,Indian Meals,Vegetarian Mains & Curries,Rainbow Sandwich,,"rainbow sandwich, rainbow sandwiches, rainbow-sandwich",1,triangle,47.8,272.8,7.7,34.3,12.5,2.1,4,7,612,31,Meals / Prepared Food,curated,"Onion, Tomato, Garlic, Ginger, Cooking Oil, Turmeric, Red Chili Powder, Coriander Powder, Cumin, Salt"
1880,Indian Meals,Vegetarian Mains & Curries,Rajbogh,,"rajbogh, rajboghs",1,piece,314.5,133.7,1.7,28.2,2.3,0.1,27.7,1.2,17,0,Meals / Prepared Food,curated,"Onion, Tomato, Garlic, Ginger, Cooking Oil, Turmeric, Red Chili Powder, Coriander Powder, Cumin, Salt"
1881,Indian Meals,Vegetarian Mains & Curries,Rasam Powder,,"rasam powder, rasam masala, rasam powders, rasam-powder",1,serving,100,268,12,25.2,11.8,35.7,1.9,0.8,39,0,Meals / Prepared Food,curated,"Onion, Tomato, Garlic, Ginger, Cooking Oil, Turmeric, Red Chili Powder, Coriander Powder, Cumin, Salt"
1882,Indian Meals,Vegetarian Mains & Curries,Rasam with Lemon,,"rasam with lemon, nimbu, nimmakaya rasam/nimmakaya charu/elumichai rasam/nimbe hannina saaru, rasam with lemons, rasam-with-lemon",1,curry bowl,394.4,24.4,1.1,2.8,0.9,1.5,0.4,0.1,103,0,Meals / Prepared Food,curated,"Lemons, Onion, Tomato, Garlic, Ginger, Cooking Oil, Turmeric, Red Chili Powder, Coriander Powder, Cumin, Salt"
1883,Indian Meals,Vegetarian Mains & Curries,Rasam with Tamarind,,"rasam with tamarind, imli, puli rasam/ chintapandu rasam/ charu/saaru, rasam with tamarinds, rasam-with-tamarind",1,curry bowl,389.9,26.7,1.1,3.4,0.9,1.6,0.8,0.1,104,0,Meals / Prepared Food,curated,"Tamarind, Tamarinds, Onion, Tomato, Garlic, Ginger, Cooking Oil, Turmeric, Red Chili Powder, Coriander Powder, Cumin, Salt"
1884,Indian Meals,Vegetarian Mains & Curries,Rasbhari,,"rasbhari, rasbharis",1,piece,311.7,130.1,1.5,28.3,1.9,0,27.8,1.2,17,0,Meals / Prepared Food,curated,"Onion, Tomato, Garlic, Ginger, Cooking Oil, Turmeric, Red Chili Powder, Coriander Powder, Cumin, Salt"
1885,Indian Meals,Vegetarian Mains & Curries,Rasmalai,,"rasmalai, rasmalais",1,piece,317.4,135.5,1.6,29.2,2.1,0.1,28.7,1.2,16,0,Meals / Prepared Food,curated,"Onion, Tomato, Garlic, Ginger, Cooking Oil, Turmeric, Red Chili Powder, Coriander Powder, Cumin, Salt"
1886,Indian Meals,Vegetarian Mains & Curries,Raspberry Bavarian Cream,,"raspberry bavarian cream, malai, raspberry bavarian creams, raspberry-bavarian-cream",1,small mould,237,150.1,3.3,17.8,7.9,2.2,15.3,4.8,25,20,Meals / Prepared Food,curated,"Cream, Raspberries, Onion, Tomato, Garlic, Ginger, Cooking Oil, Turmeric, Red Chili Powder, Coriander Powder, Cumin, Salt"
1887,Indian Meals,Vegetarian Mains & Curries,Raw Banana Kofta Curry,,"raw banana kofta curry, kela, kela kofta curry, raw banana kofta curries, raw-banana-kofta-curry",1,bowl,727.2,627.3,0.6,3.4,68,0.6,2.3,8.2,88,0,Meals / Prepared Food,curated,"Banana, Onion, Tomato, Garlic, Ginger, Cooking Oil, Turmeric, Red Chili Powder, Coriander Powder, Cumin, Salt"
1888,Indian Meals,Vegetarian Mains & Curries,Raw Papaya with Coconut,,"raw papaya with coconut, nariyal, papaya thoran, papita, raw papaya with coconuts, raw-papaya-with-coconut",1,bowl,149.5,132.8,1.5,5.6,11.4,4.3,3.8,4.5,271,0,Meals / Prepared Food,curated,"Coconut, Papaya, Onion, Tomato, Garlic, Ginger, Cooking Oil, Turmeric, Red Chili Powder, Coriander Powder, Cumin, Salt"
1889,Indian Meals,Vegetarian Mains & Curries,Raw Turnip with Coconut,,"raw turnip with coconut, nariyal, raw turnip with coconuts, raw-turnip-with-coconut, shalgam",1,bowl,149.5,132.1,1.8,5.8,11.5,2.8,4.4,4.4,276,0,Meals / Prepared Food,curated,"Coconut, Turnips, Onion, Tomato, Garlic, Ginger, Cooking Oil, Turmeric, Red Chili Powder, Coriander Powder, Cumin, Salt"
1890,Indian Meals,Vegetarian Mains & Curries,Ribbon Sandwich,,"ribbon sandwich, ribbon sandwiches, ribbon-sandwich",1,ribbon,42.7,239.3,6.3,24.8,13.4,2.9,4.7,7.9,382,35,Meals / Prepared Food,curated,"Onion, Tomato, Garlic, Ginger, Cooking Oil, Turmeric, Red Chili Powder, Coriander Powder, Cumin, Salt"
1891,Indian Meals,Vegetarian Mains & Curries,Roast Potatoes,,"roast potatoes, aloo, roast potato, roast potatoeses, roast-potatoes",1,potato,77.3,87.3,1.5,14.5,2.4,1.7,0.3,1.4,91,6,Meals / Prepared Food,curated,"Potato, Potatoes, Onion, Tomato, Garlic, Ginger, Cooking Oil, Turmeric, Red Chili Powder, Coriander Powder, Cumin, Salt"
1892,Indian Meals,Vegetarian Mains & Curries,Roghan Josh,,"roghan josh, roghan joshes, roghan-josh",1,bowl,236,139.6,9.6,4.9,9,2.1,2.7,0.6,204,1,Meals / Prepared Food,curated,"Onion, Tomato, Garlic, Ginger, Cooking Oil, Turmeric, Red Chili Powder, Coriander Powder, Cumin, Salt"
1893,Indian Meals,Vegetarian Mains & Curries,Royal Icing,,"royal icing, royal icings, royal-icing",1,serving,100,332.6,1.7,86.5,0,0,85.6,0,36,0,Meals / Prepared Food,curated,"Onion, Tomato, Garlic, Ginger, Cooking Oil, Turmeric, Red Chili Powder, Coriander Powder, Cumin, Salt"
1894,Indian Meals,Vegetarian Mains & Curries,Sago Khitchdi/khichri,,"sago khitchdi/khichri, sabudana khitchdi/khichri, sago khitchdi/khichris, sago-khitchdi/khichri",1,bowl,271.4,187.2,2.7,22.4,10.1,1.8,1,4.7,100,12,Meals / Prepared Food,curated,"Sabudana (Sago), Onion, Tomato, Garlic, Ginger, Cooking Oil, Turmeric, Red Chili Powder, Coriander Powder, Cumin, Salt"
1895,Indian Meals,Vegetarian Mains & Curries,Sajina,,"sajina, sajinas",1,serving,50,345.3,10.8,66.9,3,7.6,25.9,0.5,12,0,Meals / Prepared Food,curated,"Onion, Tomato, Garlic, Ginger, Cooking Oil, Turmeric, Red Chili Powder, Coriander Powder, Cumin, Salt"
1896,Indian Meals,Vegetarian Mains & Curries,Salami Sandwich,,"salami sandwich, salami sandwiches, salami-sandwich",1,triangle,74.2,255.6,8.7,21.5,15.5,2,2,6.9,663,33,Meals / Prepared Food,curated,"Onion, Tomato, Garlic, Ginger, Cooking Oil, Turmeric, Red Chili Powder, Coriander Powder, Cumin, Salt"
1897,Indian Meals,Vegetarian Mains & Curries,Sambar,,"sambar, sambars",1,bowl,257.2,96.9,3.4,10.6,4.4,3.5,3.3,1.9,160,0,Meals / Prepared Food,curated,"Onion, Tomato, Garlic, Ginger, Cooking Oil, Turmeric, Red Chili Powder, Coriander Powder, Cumin, Salt"
1898,Indian Meals,Vegetarian Mains & Curries,Sambar Powder,,"sambar powder, sambar masala, sambar powders, sambar-powder",1,serving,100,297.5,12.5,23.4,15.6,34.6,1.9,5,28,0,Meals / Prepared Food,curated,"Onion, Tomato, Garlic, Ginger, Cooking Oil, Turmeric, Red Chili Powder, Coriander Powder, Cumin, Salt"
1899,Indian Meals,Vegetarian Mains & Curries,Sarson ka Saag,,"sarson ka saag, sarson ka saags, sarson-ka-saag",1,bowl,141.5,87.8,3,5.3,5.9,3.7,0.8,3.3,165,13,Meals / Prepared Food,curated,"Onion, Tomato, Garlic, Ginger, Cooking Oil, Turmeric, Red Chili Powder, Coriander Powder, Cumin, Salt"
1900,Indian Meals,Vegetarian Mains & Curries,Sauteed Radishes with Green Beans,,"sauteed radishes with green beans, mooli, sauteed radishes with green bean, sauteed radishes with green beanses, sauteed-radishes-with-green-beans",1,plate,96.6,94.3,2.4,6,6.6,3.5,1.8,2.2,65,7,Meals / Prepared Food,curated,"Green Beans, Beans, Onion, Tomato, Garlic, Ginger, Cooking Oil, Turmeric, Red Chili Powder, Coriander Powder, Cumin, Salt"
1901,Indian Meals,Vegetarian Mains & Curries,Savoury Cheese Horns,,"savoury cheese horns, savoury cheese horn, savoury cheese hornses, savoury-cheese-horns",1,horn,73.9,295.1,5.7,21.4,20.7,0.7,2.7,12.4,212,51,Meals / Prepared Food,curated,"Cheese, Onion, Tomato, Garlic, Ginger, Cooking Oil, Turmeric, Red Chili Powder, Coriander Powder, Cumin, Salt"
1902,Indian Meals,Vegetarian Mains & Curries,Savoury Puffs,,"savoury puffs, savoury puff, savoury puffses, savoury-puffs",1,puff,138.4,190.8,9.5,10.8,15.2,0.3,4.5,7.1,2274,71,Meals / Prepared Food,curated,"Onion, Tomato, Garlic, Ginger, Cooking Oil, Turmeric, Red Chili Powder, Coriander Powder, Cumin, Salt"
1903,Indian Meals,Vegetarian Mains & Curries,Semolina Dhokla,,"semolina dhokla, rava, semolina dhoklas, semolina-dhokla, suji, suji/rava dhokla",1,plate,100.2,194.9,5.4,30.9,5.2,5.1,1.8,1.6,443,0,Meals / Prepared Food,curated,"Semolina (Rava/Sooji), Onion, Tomato, Garlic, Ginger, Cooking Oil, Turmeric, Red Chili Powder, Coriander Powder, Cumin, Salt"
1904,Indian Meals,Vegetarian Mains & Curries,Semolina Porridge,,"semolina porridge, rava, semolina porridges, semolina-porridge, suji, suji/rava daliya",1,bowl,278,100.9,3.8,12.4,4.1,0.7,7.5,2.4,23,0,Meals / Prepared Food,curated,"Semolina (Rava/Sooji), Onion, Tomato, Garlic, Ginger, Cooking Oil, Turmeric, Red Chili Powder, Coriander Powder, Cumin, Salt"
1905,Indian Meals,Vegetarian Mains & Curries,Semolina Upma,,"semolina upma, rava, semolina upmas, semolina-upma, suji, suji/rava upma",1,bowl,106.3,147.9,3.3,16.3,7.5,3.2,1.3,0.9,102,0,Meals / Prepared Food,curated,"Semolina (Rava/Sooji), Onion, Tomato, Garlic, Ginger, Cooking Oil, Turmeric, Red Chili Powder, Coriander Powder, Cumin, Salt"
1906,Indian Meals,Vegetarian Mains & Curries,Sesame Chickpeas Brittle,,"sesame chickpeas brittle, chana, chole, sesame chickpeas brittles, sesame-chickpeas-brittle, til, til aur channe ki chikki",1,piece,35,282.7,8.5,50.5,4.7,5.5,36.5,0.6,18,0,Meals / Prepared Food,curated,"Chickpeas (Chana), Chickpeas, Onion, Tomato, Garlic, Ginger, Cooking Oil, Turmeric, Red Chili Powder, Coriander Powder, Cumin, Salt"
1907,Indian Meals,Vegetarian Mains & Curries,Sesame Toast,,"sesame toast, sesame toasts, sesame-toast, til",1,toasted triangle,62.4,495.2,1.9,11.1,49.4,1.3,1.5,5.9,129,0,Meals / Prepared Food,curated,"Onion, Tomato, Garlic, Ginger, Cooking Oil, Turmeric, Red Chili Powder, Coriander Powder, Cumin, Salt"
1908,Indian Meals,Vegetarian Mains & Curries,Sev,,"sev, omapodi/karapusa, sevs",1,plate,136.9,609.1,5.1,12.9,60.1,2.3,0.5,7.2,53,0,Meals / Prepared Food,curated,"Onion, Tomato, Garlic, Ginger, Cooking Oil, Turmeric, Red Chili Powder, Coriander Powder, Cumin, Salt"
1909,Indian Meals,Vegetarian Mains & Curries,Shahi Paneer,,"shahi paneer, paneer, shahi paneers, shahi-paneer",1,bowl,259.3,156.5,5.1,6.6,12.3,1.4,5,7.3,215,24,Meals / Prepared Food,curated,"Paneer (Cottage Cheese), Onion, Tomato, Garlic, Ginger, Cooking Oil, Turmeric, Red Chili Powder, Coriander Powder, Cumin, Salt"
1910,Indian Meals,Vegetarian Mains & Curries,Shahi Tukre,,"shahi tukre, shahi tukres, shahi-tukre",1,tukra,101.9,189.8,2.8,41.5,2.5,0.5,34.7,1.2,71,0,Meals / Prepared Food,curated,"Onion, Tomato, Garlic, Ginger, Cooking Oil, Turmeric, Red Chili Powder, Coriander Powder, Cumin, Salt"
1911,Indian Meals,Vegetarian Mains & Curries,Shishu Ahar,,"shishu ahar, shishu ahars, shishu-ahar",1,serving,133.3,93.4,2.6,17.4,1.4,1,6.6,0.2,3,0,Meals / Prepared Food,curated,"Onion, Tomato, Garlic, Ginger, Cooking Oil, Turmeric, Red Chili Powder, Coriander Powder, Cumin, Salt"
1912,Indian Meals,Vegetarian Mains & Curries,Soft Custard,,"soft custard, soft custards, soft-custard, stirred",1,bowl,249.5,109.2,5,11.2,5.1,0,11.2,2.5,122,73,Meals / Prepared Food,curated,"Onion, Tomato, Garlic, Ginger, Cooking Oil, Turmeric, Red Chili Powder, Coriander Powder, Cumin, Salt"
1913,Indian Meals,Vegetarian Mains & Curries,Sour Lentils,,"sour lentils, dal, khatti dal, sour lentil, sour lentilses, sour-lentils",1,curry bowl,362.7,34.8,2.2,6,0.1,1.2,1.3,0,116,0,Meals / Prepared Food,curated,"Lentils (Dal), Lentils, Onion, Tomato, Garlic, Ginger, Cooking Oil, Turmeric, Cumin, Salt"
1914,Indian Meals,Vegetarian Mains & Curries,Soya Chikki,,"soya chikki, soya chikkis, soya-chikki",1,piece,75.3,423.7,7.2,62.9,15.5,3.5,45.5,8.1,17,33,Meals / Prepared Food,curated,"Soya/Tofu, Onion, Tomato, Garlic, Ginger, Cooking Oil, Turmeric, Red Chili Powder, Coriander Powder, Cumin, Salt"
1915,Indian Meals,Vegetarian Mains & Curries,Soya Chunks Korma,,"soya chunks korma, nutrinugget korma, soya chunks kormas, soya-chunks-korma",1,bowl,248.7,131.4,3.9,7.7,9.5,2.6,4.7,2.2,149,3,Meals / Prepared Food,curated,"Soya/Tofu, Onion, Tomato, Garlic, Ginger, Cooking Oil, Turmeric, Red Chili Powder, Coriander Powder, Cumin, Salt"
1916,Indian Meals,Vegetarian Mains & Curries,Soya Chunks Sweet and Sour,,"soya chunks sweet and sour, nutrinugget sweet and sour, soya chunks sweet and sours, soya-chunks-sweet-and-sour",1,bowl,461.6,500.9,2.9,3.3,56,0.9,1.1,6.6,2258,24,Meals / Prepared Food,curated,"Soya/Tofu, Onion, Tomato, Garlic, Ginger, Cooking Oil, Turmeric, Red Chili Powder, Coriander Powder, Cumin, Salt"
1917,Indian Meals,Vegetarian Mains & Curries,Soya Chunks and Peas,,"soya chunks and peas, matar, nutrinugget matar, soya chunks and pea, soya chunks and peases, soya-chunks-and-peas",1,bowl,222.9,82.6,3,5.8,5.1,2.9,1.6,0.6,71,0,Meals / Prepared Food,curated,"Soya/Tofu, Green Peas, Peas, Onion, Tomato, Garlic, Ginger, Cooking Oil, Turmeric, Red Chili Powder, Coriander Powder, Cumin, Salt"
1918,Indian Meals,Vegetarian Mains & Curries,Soyabean Curry,,"soyabean curry, soyabean curries, soyabean-curry",1,bowl,119.9,163.3,10.4,6.8,10.2,7.3,2.7,1.4,353,0,Meals / Prepared Food,curated,"Onion, Tomato, Garlic, Ginger, Cooking Oil, Turmeric, Red Chili Powder, Coriander Powder, Cumin, Salt"
1919,Indian Meals,Vegetarian Mains & Curries,Soyabean Muthias,,"soyabean muthias, soyabean muthia, soyabean muthiases, soyabean-muthias",1,muthia,134.2,839.3,2.5,3.7,90.4,1.5,0.2,10.9,78,0,Meals / Prepared Food,curated,"Onion, Tomato, Garlic, Ginger, Cooking Oil, Turmeric, Red Chili Powder, Coriander Powder, Cumin, Salt"
1920,Indian Meals,Vegetarian Mains & Curries,Soyabean Namak Paras,,"soyabean namak paras, soyabean namak para, soyabean namak parases, soyabean-namak-paras",1,plate,273.6,838.5,2.7,4.7,89.8,1.4,0.2,10.8,72,0,Meals / Prepared Food,curated,"Onion, Tomato, Garlic, Ginger, Cooking Oil, Turmeric, Red Chili Powder, Coriander Powder, Cumin, Salt"
1921,Indian Meals,Vegetarian Mains & Curries,Spaghetti Bolognese,,"spaghetti bolognese, spaghetti bologneses, spaghetti-bolognese",1,shallow dish,374.3,97.4,9.4,10,9.5,1.1,1.4,2,5359,14,Meals / Prepared Food,curated,"Pasta, Onion, Tomato, Garlic, Ginger, Cooking Oil, Turmeric, Red Chili Powder, Coriander Powder, Cumin, Salt"
1922,Indian Meals,Vegetarian Mains & Curries,Spaghetti and Cheese Balls in Tomato Sauce,,"spaghetti and cheese balls in tomato sauce, spaghetti and cheese balls in tomato sauces, spaghetti-and-cheese-balls-in-tomato-sauce, tamatar",1,plate,965.6,508.3,2.4,7.8,52.1,0.6,1.8,7.4,104,4,Meals / Prepared Food,curated,"Tomato, Pasta, Cheese, Onion, Garlic, Ginger, Cooking Oil, Turmeric, Red Chili Powder, Coriander Powder, Cumin, Salt"
1923,Indian Meals,Vegetarian Mains & Curries,Spaghetti with Paneer Balls and Tomato Sauce,,"spaghetti with paneer balls and tomato sauce, paneer, spaghetti with paneer balls and tomato sauces, spaghetti-with-paneer-balls-and-tomato-sauce, tamatar",1,shallow dish,495.8,158.5,4,12.7,10.4,1.2,3,2.2,200,3,Meals / Prepared Food,curated,"Paneer (Cottage Cheese), Tomato, Pasta, Onion, Garlic, Ginger, Cooking Oil, Turmeric, Red Chili Powder, Coriander Powder, Cumin, Salt"
1924,Indian Meals,Vegetarian Mains & Curries,Spanish Omelette/omlet,,"spanish omelette/omlet, spanish omelette/omlets, spanish-omelette/omlet",1,egg,152,157.4,8.3,5.1,11.4,2.5,1,6.2,234,145,Meals / Prepared Food,curated,"Onion, Tomato, Garlic, Ginger, Cooking Oil, Turmeric, Red Chili Powder, Coriander Powder, Cumin, Salt"
1925,Indian Meals,Vegetarian Mains & Curries,Spinach Khichri,,"spinach khichri, palak, palak khichri/khichdi, spinach khichris, spinach-khichri",1,serving,150.3,102.2,3.4,17.4,1.9,1.6,0.2,0.3,70,0,Meals / Prepared Food,curated,"Spinach, Rice, Onion, Tomato, Garlic, Ginger, Cooking Oil, Turmeric, Red Chili Powder, Coriander Powder, Cumin, Salt"
1926,Indian Meals,Vegetarian Mains & Curries,Spinach Kofta Curry,,"spinach kofta curry, palak, palak kofta curry, spinach kofta curries, spinach-kofta-curry",1,bowl,806.2,571.8,1.1,3.6,61.5,0.9,0.8,7.4,105,0,Meals / Prepared Food,curated,"Spinach, Onion, Tomato, Garlic, Ginger, Cooking Oil, Turmeric, Red Chili Powder, Coriander Powder, Cumin, Salt"
1927,Indian Meals,Vegetarian Mains & Curries,Spinach Mushroom,,"spinach mushroom, khumb, palak, palak mushroom, spinach mushrooms, spinach-mushroom",1,bowl,295.1,47.6,1.9,3,3,2.3,1,1,71,3,Meals / Prepared Food,curated,"Spinach, Mushroom, Mushrooms, Onion, Tomato, Garlic, Ginger, Cooking Oil, Turmeric, Red Chili Powder, Coriander Powder, Cumin, Salt"
1928,Indian Meals,Vegetarian Mains & Curries,Spinach Paneer,,"spinach paneer, palak, palak paneer, paneer, spinach paneers, spinach-paneer",1,bowl,295.5,77.7,4,4.4,4.8,1.9,2.6,1.6,167,0,Meals / Prepared Food,curated,"Paneer (Cottage Cheese), Spinach, Onion, Tomato, Garlic, Ginger, Cooking Oil, Turmeric, Red Chili Powder, Coriander Powder, Cumin, Salt"
1929,Indian Meals,Vegetarian Mains & Curries,Spinach Paneer Kofta Curry,,"spinach paneer kofta curry, palak, palak paneer kofta curry, paneer, spinach paneer kofta curries, spinach-paneer-kofta-curry",1,bowl,762.5,606,1.4,2.9,65.4,0.7,1.2,8.1,99,0,Meals / Prepared Food,curated,"Paneer (Cottage Cheese), Spinach, Onion, Tomato, Garlic, Ginger, Cooking Oil, Turmeric, Red Chili Powder, Coriander Powder, Cumin, Salt"
1930,Indian Meals,Vegetarian Mains & Curries,Spinach Peanut Namak Paras,,"spinach peanut namak paras, moongphali, mungfali, palak, palak moongfali namak paras, spinach peanut namak para, spinach peanut namak parases, spinach-peanut-namak-paras",1,plate,316.1,740.2,1.7,6.6,78.5,0.8,0.3,9.5,73,0,Meals / Prepared Food,curated,"Spinach, Peanuts, Onion, Tomato, Garlic, Ginger, Cooking Oil, Turmeric, Red Chili Powder, Coriander Powder, Cumin, Salt"
1931,Indian Meals,Vegetarian Mains & Curries,Spinach and Paneer Souffle,,"spinach and paneer souffle, palak, paneer, spinach and paneer souffles, spinach-and-paneer-souffle",1,souffle dish,451,186.2,7.6,9.6,13.5,1.1,2.8,7.8,435,76,Meals / Prepared Food,curated,"Paneer (Cottage Cheese), Spinach, Onion, Tomato, Garlic, Ginger, Cooking Oil, Turmeric, Red Chili Powder, Coriander Powder, Cumin, Salt"
1932,Indian Meals,Vegetarian Mains & Curries,Spinach and Potato,,"spinach and potato, aloo, palak, palak aloo, spinach and potatos, spinach-and-potato",1,bowl,335.1,57.2,1.6,5.9,2.8,2,0.9,0.4,62,0,Meals / Prepared Food,curated,"Potato, Spinach, Onion, Tomato, Garlic, Ginger, Cooking Oil, Turmeric, Red Chili Powder, Coriander Powder, Cumin, Salt"
1933,Indian Meals,Vegetarian Mains & Curries,Split Bengal Gram Dal,,"split bengal gram dal, channa dal, split bengal gram dals, split-bengal-gram-dal",1,bowl,292.2,99.7,4.2,10,4.6,3.7,1,2.1,46,9,Meals / Prepared Food,curated,"Lentils (Dal), Onion, Tomato, Garlic, Ginger, Cooking Oil, Turmeric, Cumin, Salt"
1934,Indian Meals,Vegetarian Mains & Curries,Split Bengal Gram with Bottle Gourd,,"split bengal gram with bottle gourd, channa dal with ghiya/lauki, ghiya, lauki, split bengal gram with bottle gourds, split-bengal-gram-with-bottle-gourd",1,bowl,278.8,73.3,2.8,7.1,3.6,2.7,1,0.4,149,0,Meals / Prepared Food,curated,"Lentils (Dal), Bottle Gourd (Lauki), Gourd, Onion, Tomato, Garlic, Ginger, Cooking Oil, Turmeric, Cumin, Salt"
1935,Indian Meals,Vegetarian Mains & Curries,Sprouted Moong Dal Chat,,"sprouted moong dal chat, moong dal, sprouted moong dal chats, sprouted-moong-dal-chat",1,plate,256.5,32.5,1.3,6,0.3,1.3,1.6,0.1,87,0,Meals / Prepared Food,curated,"Moong Dal (Split Mung Bean), Lentils (Dal), Onion, Tomato, Garlic, Ginger, Cooking Oil, Turmeric, Cumin, Salt"
1936,Indian Meals,Vegetarian Mains & Curries,Sprouted Moong Daliya,,"sprouted moong daliya, moong dal, sprouted moong daliyas, sprouted-moong-daliya",1,plate,316,111.6,2.8,14.8,4.7,3.1,1.7,0.6,197,0,Meals / Prepared Food,curated,"Moong Dal (Split Mung Bean), Lentils (Dal), Onion, Tomato, Garlic, Ginger, Cooking Oil, Turmeric, Cumin, Salt"
1937,Indian Meals,Vegetarian Mains & Curries,Sprouted Moong Poha,,"sprouted moong poha, moong dal, sprouted moong pohas, sprouted-moong-poha",1,plate,191.3,192.6,5.6,26.6,6.9,3.1,1.9,1.2,221,0,Meals / Prepared Food,curated,"Moong Dal (Split Mung Bean), Lentils (Dal), Poha (Flattened Rice), Onion, Tomato, Garlic, Ginger, Cooking Oil, Turmeric, Cumin, Salt"
1938,Indian Meals,Vegetarian Mains & Curries,Sprouts Upma,,"sprouts upma, sprouts upmas, sprouts-upma",1,plate,95.3,316.2,9.5,45,10.4,7.2,1.7,1.5,148,0,Meals / Prepared Food,curated,"Semolina (Rava/Sooji), Onion, Tomato, Garlic, Ginger, Cooking Oil, Turmeric, Red Chili Powder, Coriander Powder, Cumin, Salt"
1939,Indian Meals,Vegetarian Mains & Curries,Starfruit Preserves,,"starfruit preserves, starfruit preserv, starfruit preserveses, starfruit-preserves",1,jar,162.5,128.9,0.2,33.6,0.1,0.8,33.5,0,2,0,Meals / Prepared Food,curated,"Onion, Tomato, Garlic, Ginger, Cooking Oil, Turmeric, Red Chili Powder, Coriander Powder, Cumin, Salt"
1940,Indian Meals,Vegetarian Mains & Curries,Stewed Apple,,"stewed apple, seb, stewed apples, stewed-apple",1,serving,100,91.9,0.2,22.5,0.4,1.5,20.4,0.1,2,0,Meals / Prepared Food,curated,"Apple, Onion, Tomato, Garlic, Ginger, Cooking Oil, Turmeric, Red Chili Powder, Coriander Powder, Cumin, Salt"
1941,Indian Meals,Vegetarian Mains & Curries,Stewed Apple with Custard,,"stewed apple with custard, seb, stewed apple with custards, stewed-apple-with-custard",1,piece,283.5,92.9,1.3,18.4,1.8,1,15.5,1,17,0,Meals / Prepared Food,curated,"Apple, Onion, Tomato, Garlic, Ginger, Cooking Oil, Turmeric, Red Chili Powder, Coriander Powder, Cumin, Salt"
1942,Indian Meals,Vegetarian Mains & Curries,Stewed Fruit,,"stewed fruit, stewed fruits, stewed-fruit, with pear",1,bowl,120.5,74.3,0.3,18.2,0.3,2.8,17.7,0.1,2,0,Meals / Prepared Food,curated,"Onion, Tomato, Garlic, Ginger, Cooking Oil, Turmeric, Red Chili Powder, Coriander Powder, Cumin, Salt"
1943,Indian Meals,Vegetarian Mains & Curries,Stuffed Baked Potatoes,,"stuffed baked potatoes, aloo, stuffed baked potato, stuffed baked potatoeses, stuffed-baked-potatoes",1,potato,104,100.2,3.8,11,4.4,1.3,0.4,2.2,92,73,Meals / Prepared Food,curated,"Potato, Potatoes, Onion, Tomato, Garlic, Ginger, Cooking Oil, Turmeric, Red Chili Powder, Coriander Powder, Cumin, Salt"
1944,Indian Meals,Vegetarian Mains & Curries,Stuffed Bittergourd,,"stuffed bittergourd, bharwa karela, bharwa karele, dry, stuffed bittergourds, stuffed-bittergourd, wet",1,bowl,131.3,190,1.3,3.6,18.8,2.9,1,2.3,440,0,Meals / Prepared Food,curated,"Bitter Gourd (Karela), Onion, Tomato, Garlic, Ginger, Cooking Oil, Turmeric, Red Chili Powder, Coriander Powder, Cumin, Salt"
1945,Indian Meals,Vegetarian Mains & Curries,Stuffed Bottle Gourd,,"stuffed bottle gourd, ghiya, lauki, stuffed bottle gourds, stuffed ghiya/lauki, stuffed-bottle-gourd",1,portion,355,93.2,5.8,4.4,5.8,1.2,1.5,3.1,107,46,Meals / Prepared Food,curated,"Bottle Gourd (Lauki), Gourd, Onion, Tomato, Garlic, Ginger, Cooking Oil, Turmeric, Red Chili Powder, Coriander Powder, Cumin, Salt"
1946,Indian Meals,Vegetarian Mains & Curries,Stuffed Brinjal,,"stuffed brinjal, baingan, bharwa baingan, stuffed brinjals, stuffed-brinjal",1,brinjal,55.4,93,1.5,4,7.7,4.1,0.9,1,213,0,Meals / Prepared Food,curated,"Eggplant (Brinjal), Onion, Tomato, Garlic, Ginger, Cooking Oil, Turmeric, Red Chili Powder, Coriander Powder, Cumin, Salt"
1947,Indian Meals,Vegetarian Mains & Curries,Stuffed Capsicum,,"stuffed capsicum, bharwa shimla mirch, shimla mirch, stuffed capsicums, stuffed-capsicum",1,capsicum,125.5,90.9,1.3,8.3,5.7,2,1.2,0.7,174,0,Meals / Prepared Food,curated,"Capsicum (Bell Pepper), Onion, Tomato, Garlic, Ginger, Cooking Oil, Turmeric, Red Chili Powder, Coriander Powder, Cumin, Salt"
1948,Indian Meals,Vegetarian Mains & Curries,Stuffed Okra,,"stuffed okra, bharwa bhindi, bhindi, stuffed okras, stuffed-okra",1,bowl,110.5,94.3,2.1,3.9,7.7,4.1,0.5,1,210,0,Meals / Prepared Food,curated,"Okra (Bhindi), Okra, Onion, Tomato, Garlic, Ginger, Cooking Oil, Turmeric, Red Chili Powder, Coriander Powder, Cumin, Salt"
1949,Indian Meals,Vegetarian Mains & Curries,Stuffed Round Gourd,,"stuffed round gourd, bharwa tinde, stuffed round gourds, stuffed-round-gourd",1,bowl,248.2,72.8,1.1,4,5.7,2.1,2,0.7,180,0,Meals / Prepared Food,curated,"Gourd, Onion, Tomato, Garlic, Ginger, Cooking Oil, Turmeric, Red Chili Powder, Coriander Powder, Cumin, Salt"
1950,Indian Meals,Vegetarian Mains & Curries,Stuffed Tomatoes,,"stuffed tomatoes, bharwa tamatar, stuffed tomato, stuffed tomatoeses, stuffed-tomatoes, tamatar",1,tomato,135.5,93.3,3.3,6.2,6.1,2.2,2.7,1.4,166,0,Meals / Prepared Food,curated,"Tomato, Tomatoes, Onion, Garlic, Ginger, Cooking Oil, Turmeric, Red Chili Powder, Coriander Powder, Cumin, Salt"
1951,Indian Meals,Vegetarian Mains & Curries,Submarine Sandwich,,"submarine sandwich, submarine sandwiches, submarine-sandwich",1,hot dog bun,194.4,216.9,6.1,13.6,15.3,1.2,2.5,2.6,254,62,Meals / Prepared Food,curated,"Onion, Tomato, Garlic, Ginger, Cooking Oil, Turmeric, Red Chili Powder, Coriander Powder, Cumin, Salt"
1952,Indian Meals,Vegetarian Mains & Curries,Sunset and Sunrise Open Sandwich,,"sunset and sunrise open sandwich, sunset and sunrise open sandwiches, sunset-and-sunrise-open-sandwich",1,sandwich,82.8,241.3,8.6,18.9,15.1,1.4,1.9,2.5,381,123,Meals / Prepared Food,curated,"Onion, Tomato, Garlic, Ginger, Cooking Oil, Turmeric, Red Chili Powder, Coriander Powder, Cumin, Salt"
1953,Indian Meals,Vegetarian Mains & Curries,Sweet Couscous Dessert,,"sweet couscous dessert, sweet couscous desserts, sweet-couscous-dessert",1,bowl,230.2,196.2,3.8,29.7,7.7,2.2,15.9,2.7,4,9,Meals / Prepared Food,curated,"Onion, Tomato, Garlic, Ginger, Cooking Oil, Turmeric, Red Chili Powder, Coriander Powder, Cumin, Salt"
1954,Indian Meals,Vegetarian Mains & Curries,Sweet Open Sandwich,,"sweet open sandwich, sweet open sandwiches, sweet-open-sandwich",1,triangle,59,244.2,5,39.2,8.2,2.4,12.2,4.5,205,18,Meals / Prepared Food,curated,"Onion, Tomato, Garlic, Ginger, Cooking Oil, Turmeric, Red Chili Powder, Coriander Powder, Cumin, Salt"
1955,Indian Meals,Vegetarian Mains & Curries,Sweet Wheat Porridge,,"sweet wheat porridge, gehun, sweet dalia, sweet wheat porridges, sweet-wheat-porridge",1,serving,100,140.7,5.1,23.8,2.8,2.4,12.2,1.5,25,0,Meals / Prepared Food,curated,"Wheat, Onion, Tomato, Garlic, Ginger, Cooking Oil, Turmeric, Red Chili Powder, Coriander Powder, Cumin, Salt"
1956,Indian Meals,Vegetarian Mains & Curries,Sweetened Yogurt,,"sweetened yogurt, dahi, shrikhand, sweetened yogurts, sweetened-yogurt",1,bowl,304.6,107.2,5.3,16,2.9,0.1,15.8,1.8,74,10,Meals / Prepared Food,curated,"Yogurt (Curd), Yogurt, Onion, Tomato, Garlic, Ginger, Cooking Oil, Turmeric, Red Chili Powder, Coriander Powder, Cumin, Salt"
1957,Indian Meals,Vegetarian Mains & Curries,Tartare Sauce,,"tartare sauce, tartare sauces, tartare-sauce",1,serving,100,610.9,1.4,3,66.1,0.4,2.2,5,257,50,Meals / Prepared Food,curated,"Onion, Tomato, Garlic, Ginger, Cooking Oil, Turmeric, Red Chili Powder, Coriander Powder, Cumin, Salt"
1958,Indian Meals,Vegetarian Mains & Curries,Thickened Sweetened Milk,,"thickened sweetened milk, doodh, rabri, thickened sweetened milks, thickened-sweetened-milk",1,bowl,220.3,102.8,3.5,10.5,5.3,0.2,10.1,2.7,24,0,Meals / Prepared Food,curated,"Milk, Onion, Tomato, Garlic, Ginger, Cooking Oil, Turmeric, Red Chili Powder, Coriander Powder, Cumin, Salt"
1959,Indian Meals,Vegetarian Mains & Curries,Thousand Island Dressing,,"thousand island dressing, thousand island dressings, thousand-island-dressing",1,serving,100,407.9,1.4,4.5,42.9,0.5,3.1,3.5,946,34,Meals / Prepared Food,curated,"Onion, Tomato, Garlic, Ginger, Cooking Oil, Turmeric, Red Chili Powder, Coriander Powder, Cumin, Salt"
1960,Indian Meals,Vegetarian Mains & Curries,Tomato Aspic,,"tomato aspic, tamatar, tomato aspics, tomato-aspic",1,small mould,212.7,50.4,6.9,5,0.3,1.6,3.2,0.1,98,0,Meals / Prepared Food,curated,"Tomato, Onion, Garlic, Ginger, Cooking Oil, Turmeric, Red Chili Powder, Coriander Powder, Cumin, Salt"
1961,Indian Meals,Vegetarian Mains & Curries,Tomato Ketchup,,"tomato ketchup, tamatar, tomato ketchups, tomato-ketchup",1,serving,100,33.1,0.9,6.5,0.3,1.9,4.7,0.1,178,0,Meals / Prepared Food,curated,"Tomato, Onion, Garlic, Ginger, Cooking Oil, Turmeric, Red Chili Powder, Coriander Powder, Cumin, Salt"
1962,Indian Meals,Vegetarian Mains & Curries,Tomato Puree,,"tomato puree, tamatar, tomato purees, tomato-puree",1,serving,100,20.6,0.8,3.7,0.2,1.6,2.3,0,245,0,Meals / Prepared Food,curated,"Tomato, Tomato Puree, Onion, Garlic, Ginger, Cooking Oil, Turmeric, Red Chili Powder, Coriander Powder, Cumin, Salt"
1963,Indian Meals,Vegetarian Mains & Curries,Tomato Sandwich,,"tomato sandwich, grilled, tamatar, tomato sandwiches, tomato-sandwich",1,sandwich,76.7,189.9,6.3,21.3,9.4,1.9,2.6,5.3,421,25,Meals / Prepared Food,curated,"Tomato, Onion, Garlic, Ginger, Cooking Oil, Turmeric, Red Chili Powder, Coriander Powder, Cumin, Salt"
1964,Indian Meals,Vegetarian Mains & Curries,Tomato and Cucumber Sandwich,,"tomato and cucumber sandwich, kheera, tamatar, tamatar aur kheere ka sandwich, tomato and cucumber sandwiches, tomato-and-cucumber-sandwich",1,sandwich,78.8,150.7,4,20.5,6.3,2.1,1.8,3.4,222,14,Meals / Prepared Food,curated,"Tomato, Cucumber, Onion, Garlic, Ginger, Cooking Oil, Turmeric, Red Chili Powder, Coriander Powder, Cumin, Salt"
1965,Indian Meals,Vegetarian Mains & Curries,Urad Sabut Special,,"urad sabut special, urad dal, urad sabut specials, urad-sabut-special",1,bowl,441.8,79.4,2.3,5,5.5,2.1,0.9,3.2,60,13,Meals / Prepared Food,curated,"Urad Dal (Split Black Gram), Lentils (Dal), Onion, Tomato, Garlic, Ginger, Cooking Oil, Turmeric, Cumin, Salt"
1966,Indian Meals,Vegetarian Mains & Curries,Urad Special Dehusked,,"urad special dehusked, urad dal, urad special dehuskeds, urad-special-dehusked",1,curry bowl,266.2,69.4,3.1,8.9,2.2,2.5,1.3,1.2,110,5,Meals / Prepared Food,curated,"Urad Dal (Split Black Gram), Lentils (Dal), Onion, Tomato, Garlic, Ginger, Cooking Oil, Turmeric, Cumin, Salt"
1967,Indian Meals,Vegetarian Mains & Curries,Vanilla Souffle,,"vanilla souffle, vanilla souffles, vanilla-souffle",1,souffle cup,217.5,187.9,7.7,14.8,11.2,0,12.9,6.5,57,109,Meals / Prepared Food,curated,"Onion, Tomato, Garlic, Ginger, Cooking Oil, Turmeric, Red Chili Powder, Coriander Powder, Cumin, Salt"
1968,Indian Meals,Vegetarian Mains & Curries,Veg Manchurian,,"veg manchurian, veg manchurians, veg-manchurian",1,plate,194.9,585.6,0.9,6.8,61.7,1.2,0.8,7.4,65,0,Meals / Prepared Food,curated,"Onion, Tomato, Garlic, Ginger, Cooking Oil, Turmeric, Red Chili Powder, Coriander Powder, Cumin, Salt"
1969,Indian Meals,Vegetarian Mains & Curries,Veg Paneer Stew,,"veg paneer stew, paneer, veg paneer stews, veg-paneer-stew",1,bowl,236.9,145.5,7,10.2,8.4,3.1,4.9,2.8,73,0,Meals / Prepared Food,curated,"Paneer (Cottage Cheese), Onion, Tomato, Garlic, Ginger, Cooking Oil, Turmeric, Red Chili Powder, Coriander Powder, Cumin, Salt"
1970,Indian Meals,Vegetarian Mains & Curries,Vegetable Burger,,"vegetable burger, vegetable burgers, vegetable-burger",1,burger,515.2,519.9,3.3,13.7,50.6,1.7,1.9,6,169,7,Meals / Prepared Food,curated,"Onion, Tomato, Garlic, Ginger, Cooking Oil, Turmeric, Red Chili Powder, Coriander Powder, Cumin, Salt"
1971,Indian Meals,Vegetarian Mains & Curries,Vegetable Chowmein,,"vegetable chowmein, vegetable chowmeins, vegetable-chowmein",1,plate,299.6,129.7,3.1,15.4,6.4,1.9,2,0.8,258,0,Meals / Prepared Food,curated,"Onion, Tomato, Garlic, Ginger, Cooking Oil, Turmeric, Red Chili Powder, Coriander Powder, Cumin, Salt"
1972,Indian Meals,Vegetarian Mains & Curries,Vegetable Curry with Coconut,,"vegetable curry with coconut, nariyal, vegetable curry with coconuts, vegetable-curry-with-coconut",1,bowl,371.6,83.1,2.8,7.2,4.7,3.3,1.4,1.8,43,0,Meals / Prepared Food,curated,"Coconut, Onion, Tomato, Garlic, Ginger, Cooking Oil, Turmeric, Red Chili Powder, Coriander Powder, Cumin, Salt"
1973,Indian Meals,Vegetarian Mains & Curries,Vegetable Jalfrezi,,"vegetable jalfrezi, vegetable jalfrezis, vegetable-jalfrezi",1,bowl,100.6,68.5,1.4,5.4,4.4,3,1.8,0.6,79,0,Meals / Prepared Food,curated,"Onion, Tomato, Garlic, Ginger, Cooking Oil, Turmeric, Red Chili Powder, Coriander Powder, Cumin, Salt"
1974,Indian Meals,Vegetarian Mains & Curries,Vegetable Mix,,"vegetable mix, vegetable mixes, vegetable-mix",1,serving,100,174.2,4.7,36,0.9,1.9,27.4,0.5,35,2,Meals / Prepared Food,curated,"Onion, Tomato, Garlic, Ginger, Cooking Oil, Turmeric, Red Chili Powder, Coriander Powder, Cumin, Salt"
1975,Indian Meals,Vegetarian Mains & Curries,Vegetable Namkeen Jave,,"vegetable namkeen jave, vegetable namkeen javes, vegetable-namkeen-jave",1,plate,365.3,112.2,2.9,19,2.5,2.9,1,1,32,3,Meals / Prepared Food,curated,"Onion, Tomato, Garlic, Ginger, Cooking Oil, Turmeric, Red Chili Powder, Coriander Powder, Cumin, Salt"
1976,Indian Meals,Vegetarian Mains & Curries,Vegetable Patties,,"vegetable patties, vegetable pattieses, vegetable patty, vegetable-patties",1,patty,115.7,261.9,4,21,17.7,2.6,1.5,9.7,140,39,Meals / Prepared Food,curated,"Onion, Tomato, Garlic, Ginger, Cooking Oil, Turmeric, Red Chili Powder, Coriander Powder, Cumin, Salt"
1977,Indian Meals,Vegetarian Mains & Curries,Vegetable Poha,,"vegetable poha, vegetable pohas, vegetable-poha",1,bowl,97.8,180.5,4.9,21.5,8.1,3.8,1.4,1.2,418,0,Meals / Prepared Food,curated,"Poha (Flattened Rice), Onion, Tomato, Garlic, Ginger, Cooking Oil, Turmeric, Red Chili Powder, Coriander Powder, Cumin, Salt"
1978,Indian Meals,Vegetarian Mains & Curries,Vegetable Upma,,"vegetable upma, vegetable upmas, vegetable-upma",1,plate,235.7,146.5,4.7,16.5,6.6,4.2,1.4,0.9,347,0,Meals / Prepared Food,curated,"Semolina (Rava/Sooji), Onion, Tomato, Garlic, Ginger, Cooking Oil, Turmeric, Red Chili Powder, Coriander Powder, Cumin, Salt"
1979,Indian Meals,Vegetarian Mains & Curries,Vegetable Yakhni,,"vegetable yakhni, vegetable yakhnis, vegetable-yakhni",1,bowl,573.7,406.1,1.2,1.9,43.8,0.6,1.4,5.5,38,2,Meals / Prepared Food,curated,"Onion, Tomato, Garlic, Ginger, Cooking Oil, Turmeric, Red Chili Powder, Coriander Powder, Cumin, Salt"
1980,Indian Meals,Vegetarian Mains & Curries,Vegetable and Mayonnaise Sandwich,,"vegetable and mayonnaise sandwich, vegetable and mayonnaise sandwiches, vegetable-and-mayonnaise-sandwich",1,triangle,68.3,244.3,4.5,23.2,15.4,2.4,2.3,4.5,343,22,Meals / Prepared Food,curated,"Onion, Tomato, Garlic, Ginger, Cooking Oil, Turmeric, Red Chili Powder, Coriander Powder, Cumin, Salt"
1981,Indian Meals,Vegetarian Mains & Curries,Vegetarian Club Sandwich,,"vegetarian club sandwich, vegetarian club sandwiches, vegetarian-club-sandwich",1,triangle,82.9,198.3,5.5,19.7,11.3,2.1,2.1,4.7,305,23,Meals / Prepared Food,curated,"Onion, Tomato, Garlic, Ginger, Cooking Oil, Turmeric, Red Chili Powder, Coriander Powder, Cumin, Salt"
1982,Indian Meals,Vegetarian Mains & Curries,Vegetarian Nargisi Kofta Curry,,"vegetarian nargisi kofta curry, vegetarian nargisi kofta curries, vegetarian-nargisi-kofta-curry",1,kofta,399,332.2,2.3,6.6,32.9,0.9,1.6,4.7,74,1,Meals / Prepared Food,curated,"Onion, Tomato, Garlic, Ginger, Cooking Oil, Turmeric, Red Chili Powder, Coriander Powder, Cumin, Salt"
1983,Indian Meals,Vegetarian Mains & Curries,Vermicelli Porridge,,"vermicelli porridge, semiya/seviyan porridge, vermicelli porridges, vermicelli-porridge",1,bowl,396.5,78.4,2.5,10.6,3,0.5,7,1.8,65,1,Meals / Prepared Food,curated,"Vermicelli, Onion, Tomato, Garlic, Ginger, Cooking Oil, Turmeric, Red Chili Powder, Coriander Powder, Cumin, Salt"
1984,Indian Meals,Vegetarian Mains & Curries,Vermicelli Upma,,"vermicelli upma, semiya/seviyan upma, vermicelli upmas, vermicelli-upma",1,bowl,106.3,149.1,3.1,16.9,7.4,3.2,1.4,0.9,102,0,Meals / Prepared Food,curated,"Semolina (Rava/Sooji), Vermicelli, Onion, Tomato, Garlic, Ginger, Cooking Oil, Turmeric, Red Chili Powder, Coriander Powder, Cumin, Salt"
1985,Indian Meals,Vegetarian Mains & Curries,Washed Moong Dal,,"washed moong dal, dhuli moong ki dal, moong dal, washed moong dals, washed-moong-dal",1,bowl,277,50,2.7,5.9,1.7,1.2,0.1,0.2,151,0,Meals / Prepared Food,curated,"Moong Dal (Split Mung Bean), Lentils (Dal), Onion, Tomato, Garlic, Ginger, Cooking Oil, Turmeric, Cumin, Salt"
1986,Indian Meals,Vegetarian Mains & Curries,Washed Urad Dal,,"washed urad dal, dhuli urad ki dal, urad dal, washed urad dals, washed-urad-dal",1,bowl,296,61.3,2.5,5.8,3,1.5,0.3,0.4,142,0,Meals / Prepared Food,curated,"Urad Dal (Split Black Gram), Lentils (Dal), Onion, Tomato, Garlic, Ginger, Cooking Oil, Turmeric, Cumin, Salt"
1987,Indian Meals,Vegetarian Mains & Curries,Watercress Sandwich,,"watercress sandwich, watercress sandwiches, watercress-sandwich",1,triangle,54.1,229.4,5.2,28,11.5,2.3,1.8,6.5,407,27,Meals / Prepared Food,curated,"Onion, Tomato, Garlic, Ginger, Cooking Oil, Turmeric, Red Chili Powder, Coriander Powder, Cumin, Salt"
1988,Indian Meals,Vegetarian Mains & Curries,Wheat Flakes,,"wheat flakes, gehun, wheat flak, wheat flakeses, wheat-flakes",1,bowl,278,112.4,3.6,15.6,4,0.4,7.3,2.4,22,0,Meals / Prepared Food,curated,"Wheat, Onion, Tomato, Garlic, Ginger, Cooking Oil, Turmeric, Red Chili Powder, Coriander Powder, Cumin, Salt"
1989,Indian Meals,Vegetarian Mains & Curries,Whole Masoor,,"whole masoor, masoor ki dal, whole masoors, whole-masoor",1,bowl,342.3,54.1,2.3,5.4,2.5,2,0.7,0.3,124,0,Meals / Prepared Food,curated,"Masoor Dal (Red Lentil), Lentils (Dal), Onion, Tomato, Garlic, Ginger, Cooking Oil, Turmeric, Cumin, Salt"
1990,Indian Meals,Vegetarian Mains & Curries,Whole Moong,,"whole moong, moong dal, moong ki dal, whole moongs, whole-moong",1,bowl,342.3,53.7,2.2,5.2,2.6,2,0.6,0.3,124,0,Meals / Prepared Food,curated,"Moong Dal (Split Mung Bean), Lentils (Dal), Onion, Tomato, Garlic, Ginger, Cooking Oil, Turmeric, Cumin, Salt"
1991,Indian Meals,Vegetarian Mains & Curries,Whole Moth,,"whole moth, moth ki dal, whole moths, whole-moth",1,bowl,342.3,55,2,5.7,2.6,1.8,0.7,0.3,125,0,Meals / Prepared Food,curated,"Lentils (Dal), Onion, Tomato, Garlic, Ginger, Cooking Oil, Turmeric, Cumin, Salt"
1992,Indian Meals,Vegetarian Mains & Curries,Whole Urad,,"whole urad, urad dal, urad ki dal, whole urads, whole-urad",1,bowl,339.3,53.8,2.2,5,2.6,2.3,0.6,0.3,126,0,Meals / Prepared Food,curated,"Urad Dal (Split Black Gram), Lentils (Dal), Onion, Tomato, Garlic, Ginger, Cooking Oil, Turmeric, Cumin, Salt"
1993,Indian Meals,Vegetarian Mains & Curries,Yam Fried,,"yam fried, jimikand, yam-fried, zimikand/suran fried",1,bowl,483.4,491.8,0.8,5.5,51.8,1.4,0.8,6.2,37,0,Meals / Prepared Food,curated,"Yam, Onion, Tomato, Garlic, Ginger, Cooking Oil, Turmeric, Red Chili Powder, Coriander Powder, Cumin, Salt"
1994,Indian Meals,Vegetarian Mains & Curries,Yam Kofta Curry,,"yam kofta curry, jimikand, yam kofta curries, yam-kofta-curry, zimikand/suran kofta curry",1,bowl,750.3,322.9,0.7,3.7,33.8,1,0.6,4.3,42,4,Meals / Prepared Food,curated,"Yam, Onion, Tomato, Garlic, Ginger, Cooking Oil, Turmeric, Red Chili Powder, Coriander Powder, Cumin, Salt"
1995,Nuts & Seeds,Nuts & Seeds,Acorn Dried,,"acorn dried, acorn-dried",100,g,100,144,2.3,15.2,8.9,0,0,1.2,0,0,Raw,curated,Acorn
1996,Nuts & Seeds,Nuts & Seeds,Acorn Flour,,"acorn flour, acorn flours, acorn-flour",100,g,100,626,9.4,68.3,37.7,0,0,4.9,0,0,Raw,curated,Acorn Flour
1997,Nuts & Seeds,Nuts & Seeds,Acorn Raw,,"acorn raw, acorn-raw",100,g,100,110,1.7,11.5,6.8,0,0,0.9,0,0,Raw,curated,Acorn
1998,Nuts & Seeds,Nuts & Seeds,Acorn Squash Cooked,,"acorn squash cooked, acorn-squash-cooked",100,g,100,115,2.3,29.9,0.3,9,0,0,500,0,Meals / Prepared Food,curated,Acorn Squash
1999,Nuts & Seeds,Nuts & Seeds,Acorn Squash Raw,,"acorn squash raw, acorn-squash-raw",100,g,100,172,3.4,44.9,0.4,6.5,0,0.1,17,0,Raw,curated,Acorn Squash
2000,Nuts & Seeds,Nuts & Seeds,Alfalfa Seeds,,"alfalfa seeds, alfalfa seed, alfalfa seedses, alfalfa-seeds",100,g,100,1,0.1,0,0.1,0,0.1,0,48,0,Raw,curated,Alfalfa Seeds
2001,Nuts & Seeds,Nuts & Seeds,Almond Rice Bar,,"almond rice bar, almond rice bars, almond-rice-bar, badam, chawal",100,g,100,128,2,18.1,5.7,1,0,1.1,0,0,Raw,curated,Rice
2002,Nuts & Seeds,Nuts & Seeds,Almonds Raw,,"almonds raw, almonds-raw, badam",100,g,100,9,0.3,0.3,0.7,0.2,0,0,43,0,Raw,curated,Almonds
2003,Nuts & Seeds,Nuts & Seeds,Almonds Roasted,,"almonds roasted, almonds-roasted, badam",100,g,100,182,6.4,5.3,16.6,3.2,1.4,1.3,29,0,Meals / Prepared Food,curated,Almonds
2004,Nuts & Seeds,Nuts & Seeds,Anise Seeds,,"anise seeds, anise seed, anise seedses, anise-seeds",100,g,100,7,0.4,1.1,0.3,0.3,0,0.1,100,0,Raw,curated,Anise Seeds
2005,Nuts & Seeds,Nuts & Seeds,Beechnuts Dried,,"beechnuts dried, beechnuts-dried",100,g,100,173,1.9,10.1,15,0,0,1.7,68,0,Raw,curated,Beechnuts
2006,Nuts & Seeds,Nuts & Seeds,Black Walnut Dried,,"black walnut dried, akhrot, black-walnut-dried",100,g,100,31,1.2,0.5,3,0.3,0,0.2,28,0,Raw,curated,Black Walnut
2007,Nuts & Seeds,Nuts & Seeds,Brazilnuts Dried,,"brazilnuts dried, brazilnuts-dried",100,g,100,33,0.7,0.6,3.3,0.4,0.1,0.8,73,0,Raw,curated,Brazilnuts
2008,Nuts & Seeds,Nuts & Seeds,Breadnut Tree Seeds Raw,,"breadnut tree seeds raw, breadnut-tree-seeds-raw",100,g,100,61,1.7,13.1,0.3,0,0,0.1,84,0,Meals / Prepared Food,curated,Breadnut Tree Seeds
2009,Nuts & Seeds,Nuts & Seeds,Butternut Squash Cooked,,"butternut squash cooked, butternut-squash-cooked",100,g,100,80,1.8,21,0.2,6.4,3.9,0,2,0,Meals / Prepared Food,curated,Butternut Squash
2010,Nuts & Seeds,Nuts & Seeds,Butternut Squash Raw,,"butternut squash raw, butternut-squash-raw",100,g,100,90,2,23.4,0.2,4,4.4,0,67,0,Meals / Prepared Food,curated,Butternut Squash
2011,Nuts & Seeds,Nuts & Seeds,Butternuts Dried,,"butternuts dried, butternuts-dried",100,g,100,734,29.9,14.5,68.4,5.6,0,1.6,62,0,Meals / Prepared Food,curated,Butternuts
2012,Nuts & Seeds,Nuts & Seeds,Caraway Seeds,,"caraway seeds, caraway seed, caraway seedses, caraway-seeds",100,g,100,22,1.3,3.3,1,2.5,0,0,14,0,Raw,curated,Caraway Seeds
2013,Nuts & Seeds,Nuts & Seeds,Cashew Nuts Raw,,"cashew nuts raw, cashew-nuts-raw, kaju",100,g,100,156,5.2,8.5,12.4,0.9,1.7,2.2,20,0,Raw,curated,Cashew Nuts
2014,Nuts & Seeds,Nuts & Seeds,Cashew Nuts Roasted,,"cashew nuts roasted, cashew-nuts-roasted, kaju",100,g,100,174,5.1,9,14.3,1,1.5,2.5,91,0,Meals / Prepared Food,curated,Cashew Nuts
2015,Nuts & Seeds,Nuts & Seeds,Celery Seeds,,"celery seeds, celery seed, celery seedses, celery-seeds",100,g,100,25,1.2,2.7,1.6,0.8,0.1,0.1,68,0,Raw,curated,Celery Seeds
2016,Nuts & Seeds,Nuts & Seeds,Chestnuts Cooked,,"chestnuts cooked, chestnuts-cooked",100,g,100,37,0.6,7.9,0.4,0,0,0,46,0,Meals / Prepared Food,curated,Chestnuts
2017,Nuts & Seeds,Nuts & Seeds,Chestnuts Raw,,"chestnuts raw, chestnuts-raw",100,g,100,309,3.5,66,3.3,11.7,0,0.6,20,0,Raw,curated,Chestnuts
2018,Nuts & Seeds,Nuts & Seeds,Chestnuts Roasted,,"chestnuts roasted, chestnuts-roasted",100,g,100,37,0.5,7.9,0.3,0.8,1.6,0,43,0,Meals / Prepared Food,curated,Chestnuts
2019,Nuts & Seeds,Nuts & Seeds,Chia Seeds Dried,,"chia seeds dried, chia-seeds-dried",100,g,100,138,4.7,11.9,8.7,9.7,0,0.9,47,0,Raw,curated,Chia Seeds
2020,Nuts & Seeds,Nuts & Seeds,Chinese Chestnuts Roasted,,"chinese chestnuts roasted, chinese-chestnuts-roasted",100,g,100,68,1.3,14.8,0.3,0,0,0,52,0,Meals / Prepared Food,curated,Chinese Chestnuts
2021,Nuts & Seeds,Nuts & Seeds,Cottonseed Flour Low Fat,,"cottonseed flour low fat, cottonseed flour low fats, cottonseed-flour-low-fat",100,g,100,94,14.1,10.2,0.4,0,0,0.1,22,0,Raw,curated,Cottonseed Flour Low Fat
2022,Nuts & Seeds,Nuts & Seeds,Cottonseed Kernels Roasted,,"cottonseed kernels roasted, cottonseed-kernels-roasted",100,g,100,754,48.6,32.6,54.1,8.2,0,14.5,73,0,Meals / Prepared Food,curated,Cottonseed Kernels
2023,Nuts & Seeds,Nuts & Seeds,Fennel Seeds,,"fennel seeds, fennel seed, fennel seedses, fennel-seeds, saunf",100,g,100,7,0.3,1,0.3,0.8,0,0,97,0,Raw,curated,Fennel Seeds
2024,Nuts & Seeds,Nuts & Seeds,Fenugreek Seeds,,"fenugreek seeds, fenugreek seed, fenugreek seedses, fenugreek-seeds, methi dana",100,g,100,36,2.6,6.5,0.7,2.7,0,0.2,90,0,Raw,curated,Fenugreek Leaves (Methi)
2025,Nuts & Seeds,Nuts & Seeds,Flaxseeds,,"flaxseeds, alsi, flaxseed, flaxseedses",100,g,100,55,1.9,3,4.3,2.8,0.2,0.4,35,0,Raw,curated,Flaxseeds
2026,Nuts & Seeds,Nuts & Seeds,Fruit Walnut Salad Mcdonalds,,"fruit walnut salad mcdonalds, akhrot, fruit walnut salad mcdonald, fruit walnut salad mcdonaldses, fruit-walnut-salad-mcdonalds",100,g,100,312,4.8,43.8,13.3,0,32.9,1.8,17,5,Meals / Prepared Food,curated,Fruit Walnut Salad Mcdonalds
2027,Nuts & Seeds,Nuts & Seeds,Ginkgo Nuts Canned,,"ginkgo nuts canned, ginkgo-nuts-canned",100,g,100,172,3.5,34.3,2.5,14.4,0,0.5,500,0,Meals / Prepared Food,curated,Ginkgo Nuts
2028,Nuts & Seeds,Nuts & Seeds,Ginkgo Nuts Dried,,"ginkgo nuts dried, ginkgo-nuts-dried",100,g,100,98,2.9,20.5,0.6,0,0,0.1,45,0,Raw,curated,Ginkgo Nuts
2029,Nuts & Seeds,Nuts & Seeds,Ginkgo Nuts Raw,,"ginkgo nuts raw, ginkgo-nuts-raw",100,g,100,52,1.2,10.6,0.5,0,0,0,67,0,Raw,curated,Ginkgo Nuts
2030,Nuts & Seeds,Nuts & Seeds,Grape Apple Salad with Walnuts,,"grape apple salad with walnuts, akhrot, angoor, grape apple salad with walnut, grape apple salad with walnutses, grape-apple-salad-with-walnuts, seb",100,g,100,191,3.5,25.6,8.2,3.6,20.3,1.1,87,2,Meals / Prepared Food,curated,Grape Apple Salad with Walnuts
2031,Nuts & Seeds,Nuts & Seeds,Hazelnuts Blanched,,"hazelnuts blanched, hazelnuts blancheds, hazelnuts-blanched",100,g,100,178,3.9,4.8,17.3,3.1,1,1.3,0,0,Raw,curated,Hazelnuts
2032,Nuts & Seeds,Nuts & Seeds,Hazelnuts Raw,,"hazelnuts raw, hazelnuts-raw",100,g,100,471,11.2,12.5,45.6,7.3,3.3,3.3,0,0,Raw,curated,Hazelnuts
2033,Nuts & Seeds,Nuts & Seeds,Hazelnuts Roasted,,"hazelnuts roasted, hazelnuts-roasted",100,g,100,194,4.5,5.3,18.7,2.8,1.5,1.4,0,0,Meals / Prepared Food,curated,Hazelnuts
2034,Nuts & Seeds,Nuts & Seeds,Hickorynuts Dried,,"hickorynuts dried, hickorynuts-dried",100,g,100,788,15.3,21.9,77.2,7.7,0,8.4,53,0,Raw,curated,Hickorynuts
2035,Nuts & Seeds,Nuts & Seeds,Japanese Chestnuts Roasted,,"japanese chestnuts roasted, japanese-chestnuts-roasted",100,g,100,57,0.8,12.8,0.2,0,0,0.1,79,0,Meals / Prepared Food,curated,Japanese Chestnuts
2036,Nuts & Seeds,Nuts & Seeds,Lotus Seeds Dried,,"lotus seeds dried, lotus-seeds-dried",100,g,100,106,4.9,20.6,0.6,0,0,0.1,24,0,Raw,curated,Lotus Seeds
2037,Nuts & Seeds,Nuts & Seeds,Lotus Seeds Raw,,"lotus seeds raw, lotus-seeds-raw",100,g,100,25,1.2,4.9,0.1,0,0,0.1,20,0,Raw,curated,Lotus Seeds
2038,Nuts & Seeds,Nuts & Seeds,Macadamia Nuts Raw,,"macadamia nuts raw, macadamia-nuts-raw",100,g,100,38,0.4,0.7,4,0.5,0.2,0.6,11,0,Raw,curated,Macadamia Nuts
2039,Nuts & Seeds,Nuts & Seeds,Macadamia Nuts Roasted,,"macadamia nuts roasted, macadamia-nuts-roasted",100,g,100,215,2.3,4,22.8,2.4,1.2,3.6,64,0,Meals / Prepared Food,curated,Macadamia Nuts
2040,Nuts & Seeds,Nuts & Seeds,Mixed Nuts Roasted,,"mixed nuts roasted, mixed-nuts-roasted",100,g,100,178,5.2,7.6,15.4,2.7,1.4,2,100,0,Meals / Prepared Food,curated,Mixed Nuts
2041,Nuts & Seeds,Nuts & Seeds,Nougat with Almonds,,"nougat with almonds, badam, nougat with almond, nougat with almondses, nougat-with-almonds",100,g,100,56,0.5,12.9,0.2,0.5,11.7,0.2,61,0,Meals / Prepared Food,curated,Nougat with Almonds
2042,Nuts & Seeds,Nuts & Seeds,Peanut Bar,,"peanut bar, moongphali, mungfali, peanut bars, peanut-bar",100,g,100,209,6.2,19,13.5,1.6,16.9,1.9,59,0,Raw,curated,Peanut Bar
2043,Nuts & Seeds,Nuts & Seeds,Peanut Brittle,,"peanut brittle, moongfali ki chikki, moongphali, mungfali, peanut brittles, peanut-brittle",100,g,62.3,229.2,4.5,33.8,8.3,1.7,29.2,1.9,58,3,Raw,curated,Peanut Brittle
2044,Nuts & Seeds,Nuts & Seeds,Peanut Spread,,"peanut spread, moongphali, mungfali, peanut spreads, peanut-spread",100,g,100,101,3.8,2.2,8.5,1.2,0.5,1.6,28,0,Meals / Prepared Food,curated,Peanut Spread
2045,Nuts & Seeds,Nuts & Seeds,Peanut Topping Mcdonalds,,"peanut topping mcdonalds, moongphali, mungfali, peanut topping mcdonald, peanut topping mcdonaldses, peanut-topping-mcdonalds",100,g,100,181,7.9,4.6,15,0,1.2,2.4,0,0,Meals / Prepared Food,curated,Peanut Topping Mcdonalds
2046,Nuts & Seeds,Nuts & Seeds,Peanuts Cooked,,"peanuts cooked, moongphali, mungfali, peanuts-cooked",100,g,100,572,24.3,38.3,39.6,15.8,4.4,5.5,1400,0,Meals / Prepared Food,curated,Peanuts
2047,Nuts & Seeds,Nuts & Seeds,Peanuts Raw,,"peanuts raw, moongphali, mungfali, peanuts-raw",100,g,100,828,37.7,23.5,71.9,12.4,5.8,10,38,0,Raw,curated,Peanuts
2048,Nuts & Seeds,Nuts & Seeds,Peanuts Roasted,,"peanuts roasted, moongphali, mungfali, peanuts-roasted",100,g,100,180,8.4,4.6,15.8,2.8,1.3,2.6,69,0,Meals / Prepared Food,curated,Peanuts
2049,Nuts & Seeds,Nuts & Seeds,Pecans Raw,,"pecans raw, pecans-raw",100,g,100,753,10,15.1,78.4,10.5,4.3,6.7,0,0,Raw,curated,Pecans
2050,Nuts & Seeds,Nuts & Seeds,Pecans Roasted,,"pecans roasted, pecans-roasted",100,g,100,215,2.8,3.9,22.6,2.9,1.2,2.2,62,0,Meals / Prepared Food,curated,Pecans
2051,Nuts & Seeds,Nuts & Seeds,Pili Nuts Dried,,"pili nuts dried, pili-nuts-dried",100,g,100,863,13,4.8,95.5,0,0,37.4,14,0,Raw,curated,Pili Nuts
2052,Nuts & Seeds,Nuts & Seeds,Pine Nuts Dried,,"pine nuts dried, pine-nuts-dried",100,g,100,909,18.5,17.7,92.3,5,4.8,6.6,86,0,Raw,curated,Pine Nuts
2053,Nuts & Seeds,Nuts & Seeds,Pinyon Pine Nuts Dried,,"pinyon pine nuts dried, pinyon-pine-nuts-dried",100,g,100,1,0.1,0,0.1,0,0,0,70,0,Raw,curated,Pinyon Pine Nuts
2054,Nuts & Seeds,Nuts & Seeds,Pistachio Nuts Raw,,"pistachio nuts raw, pista, pistachio-nuts-raw",100,g,100,691,24.9,33.8,55.8,12.7,9.4,6.8,37,0,Raw,curated,Pistachio Nuts
2055,Nuts & Seeds,Nuts & Seeds,Pistachio Nuts Roasted,,"pistachio nuts roasted, pista, pistachio-nuts-roasted",100,g,100,172,6.3,8.5,13.7,3.1,2.3,1.7,8,0,Meals / Prepared Food,curated,Pistachio Nuts
2056,Nuts & Seeds,Nuts & Seeds,Poppy Seeds,,"poppy seeds, poppy seed, poppy seedses, poppy-seeds",100,g,100,46,1.6,2.5,3.7,1.7,0.3,0.4,79,0,Raw,curated,Poppy Seeds
2057,Nuts & Seeds,Nuts & Seeds,Pumpkin Seed Sunfish Cooked,,"pumpkin seed sunfish cooked, kaddu, kohla, pumpkin-seed-sunfish-cooked",100,g,100,42,9.2,0,0.3,0,0,0,46,32,Meals / Prepared Food,curated,Pumpkin
2058,Nuts & Seeds,Nuts & Seeds,Pumpkin Seed Sunfish Raw,,"pumpkin seed sunfish raw, kaddu, kohla, pumpkin-seed-sunfish-raw",100,g,100,43,9.3,0,0.3,0,0,0.1,60,32,Raw,curated,Pumpkin
2059,Nuts & Seeds,Nuts & Seeds,Pumpkin Squash Seeds Dried,,"pumpkin squash seeds dried, kaddu, kohla, pumpkin-squash-seeds-dried",100,g,100,721,39,13.8,63.3,7.7,1.8,11.2,13,0,Raw,curated,Pumpkin
2060,Nuts & Seeds,Nuts & Seeds,Pumpkin Squash Seeds Roasted,,"pumpkin squash seeds roasted, kaddu, kohla, pumpkin-squash-seeds-roasted",100,g,100,46,2.4,1.2,3.9,0.5,0.1,0.7,45,0,Meals / Prepared Food,curated,Pumpkin
2061,Nuts & Seeds,Nuts & Seeds,Radish Seeds Sprouted,,"radish seeds sprouted, mooli, radish seeds sprouteds, radish-seeds-sprouted",100,g,100,16,1.4,1.4,1,0,0,0.3,67,0,Raw,curated,Radish Seeds Sprouted
2062,Nuts & Seeds,Nuts & Seeds,Safflower Seed Kernels Dried,,"safflower seed kernels dried, safflower-seed-kernels-dried",100,g,100,146,4.6,9.7,10.9,0,0,1,42,0,Raw,curated,Safflower Seed Kernels
2063,Nuts & Seeds,Nuts & Seeds,Safflower Seed Meal,,"safflower seed meal, safflower seed meals, safflower-seed-meal",100,g,100,97,10.1,13.8,0.7,0,0,0,6,0,Raw,curated,Safflower Seed Meal
2064,Nuts & Seeds,Nuts & Seeds,Sesame Flour,,"sesame flour, sesame flours, sesame-flour, til",100,g,100,658,38.5,33.3,46.4,0,0,6.5,41,0,Raw,curated,Sesame Flour
2065,Nuts & Seeds,Nuts & Seeds,Sesame Flour Low Fat,,"sesame flour low fat, sesame flour low fats, sesame-flour-low-fat, til",100,g,100,94,14.2,10,0.5,0,0,0,72,0,Raw,curated,Sesame Flour Low Fat
2066,Nuts & Seeds,Nuts & Seeds,Sesame Meal,,"sesame meal, sesame meals, sesame-meal, til",100,g,100,160,4.8,7.4,13.6,0,0,1.9,73,0,Raw,curated,Sesame Meal
2067,Nuts & Seeds,Nuts & Seeds,Sesame Seeds Dried,,"sesame seeds dried, sesame-seeds-dried, til",100,g,100,52,1.6,2.1,4.5,1.1,0,0.6,49,0,Raw,curated,Sesame Seeds
2068,Nuts & Seeds,Nuts & Seeds,Sesame Seeds Toasted,,"sesame seeds toasted, sesame-seeds-toasted, til",100,g,100,45,1.4,2.1,3.8,1.1,0,0.5,70,0,Meals / Prepared Food,curated,Sesame Seeds
2069,Nuts & Seeds,Nuts & Seeds,Sisymbrium Seeds,,"sisymbrium seeds, sisymbrium seed, sisymbrium seedses, sisymbrium-seeds",100,g,100,235,9,43.1,3.4,0,0,0.7,47,0,Raw,curated,Sisymbrium Seeds
2070,Nuts & Seeds,Nuts & Seeds,Spanish Peanuts,,"spanish peanuts, moongphali, mungfali, spanish peanut, spanish peanutses, spanish-peanuts",100,g,100,832,38.2,23.1,72.4,13.9,0,11.2,36,0,Raw,curated,Spanish Peanuts
2071,Nuts & Seeds,Nuts & Seeds,Spanish Peanuts Roasted,,"spanish peanuts roasted, moongphali, mungfali, spanish-peanuts-roasted",100,g,100,851,41.2,25.7,72.1,13.1,0,11.1,600,0,Meals / Prepared Food,curated,Spanish Peanuts
2072,Nuts & Seeds,Nuts & Seeds,Sunflower Seed Flour,,"sunflower seed flour, sunflower seed flours, sunflower-seed-flour",100,g,100,13,1.9,1.4,0,0.2,0,0,73,0,Raw,curated,Sunflower Seed Flour
2073,Nuts & Seeds,Nuts & Seeds,Sunflower Seeds Dried,,"sunflower seeds dried, sunflower-seeds-dried",100,g,100,269,9.6,9.2,23.7,4,1.2,2,14,0,Raw,curated,Sunflower Seeds
2074,Nuts & Seeds,Nuts & Seeds,Sunflower Seeds Dry Roasted,,"sunflower seeds dry roasted, sunflower-seeds-dry-roasted",100,g,100,47,1.5,1.9,4,0.9,0.2,0.4,67,0,Meals / Prepared Food,curated,Sunflower Seeds Dry
2075,Nuts & Seeds,Nuts & Seeds,Sunflower Seeds Toasted,,"sunflower seeds toasted, sunflower-seeds-toasted",100,g,100,829,23.1,27.6,76.1,15.4,0,8,800,0,Meals / Prepared Food,curated,Sunflower Seeds
2076,Nuts & Seeds,Nuts & Seeds,Valencia Peanuts Raw,,"valencia peanuts raw, moongphali, mungfali, valencia-peanuts-raw",100,g,100,832,36.6,30.5,69.5,12.7,0,10.7,94,0,Raw,curated,Valencia Peanuts
2077,Nuts & Seeds,Nuts & Seeds,Valencia Peanuts Roasted,,"valencia peanuts roasted, moongphali, mungfali, valencia-peanuts-roasted",100,g,100,177,8.1,4.9,15.4,2.7,0,2.4,4,0,Meals / Prepared Food,curated,Valencia Peanuts
2078,Nuts & Seeds,Nuts & Seeds,Virginia Peanuts Raw,,"virginia peanuts raw, moongphali, mungfali, virginia-peanuts-raw",100,g,100,822,36.8,24.1,71.2,12.4,5.8,9.3,8,0,Raw,curated,Virginia Peanuts
2079,Nuts & Seeds,Nuts & Seeds,Virginia Peanuts Roasted,,"virginia peanuts roasted, moongphali, mungfali, virginia-peanuts-roasted",100,g,100,173,7.8,6,14.6,2.7,0,1.9,18,0,Meals / Prepared Food,curated,Virginia Peanuts
2080,Nuts & Seeds,Nuts & Seeds,Walnut,,"walnut, akhrot, walnuts",100,g,100,33,0.8,0.7,3.3,0.3,0.1,0.3,41,0,Raw,curated,Walnut
2081,Nuts & Seeds,Nuts & Seeds,Water Chestnut Canned,,"water chestnut canned, water-chestnut-canned",100,g,100,70,1.2,17.2,0,3.5,3.4,0,11,0,Meals / Prepared Food,curated,Water Chestnut
2082,Nuts & Seeds,Nuts & Seeds,Water Chestnut Raw,,"water chestnut raw, water-chestnut-raw",100,g,100,120,1.7,29.7,0.1,3.7,6,0,97,0,Raw,curated,Water Chestnut
2083,Nuts & Seeds,Nuts & Seeds,Woca Seeds Dried,,"woca seeds dried, woca-seeds-dried",100,g,100,102,2.2,22.6,0.3,5.4,0.1,0,48,0,Raw,curated,Woca Seeds
2084,Oils & Fats,Oils & Fats,Almond Butter,,"almond butter, almond butters, almond-butter, badam, makhan",100,g,100,98,3.4,3,8.9,1.6,0.7,0.7,37,0,Meals / Prepared Food,curated,Butter
2085,Oils & Fats,Oils & Fats,Almond Oil,,"almond oil, almond oils, almond-oil, badam",100,g,100,120,0,0,13.6,0,0,1.1,0,0,Raw,curated,Almond Oil
2086,Oils & Fats,Oils & Fats,Anchovy Canned in Oil,,"anchovy canned in oil, anchovy canned in oils, anchovy-canned-in-oil",100,g,100,8,1.2,0,0.4,0,0,0,100,3,Meals / Prepared Food,curated,Anchovy in Oil
2087,Oils & Fats,Oils & Fats,Apple Butter,,"apple butter, apple butters, apple-butter, makhan, seb",100,g,100,35,0,8.5,0.1,0.3,7.1,0,3,0,Meals / Prepared Food,curated,Butter
2088,Oils & Fats,Oils & Fats,Apricot Kernel Oil,,"apricot kernel oil, apricot kernel oils, apricot-kernel-oil, khubani",100,g,100,40,0,0,4.5,0,0,0.3,0,0,Raw,curated,Apricot Kernel Oil
2089,Oils & Fats,Oils & Fats,Avocado Oil,,"avocado oil, avocado oils, avocado-oil",100,g,100,124,0,0,14,0,0,1.6,0,0,Raw,curated,Avocado Oil
2090,Oils & Fats,Oils & Fats,Beef Tallow,,"beef tallow, beef tallows, beef-tallow",100,g,100,115,0,0,12.8,0,0,6.4,0,14,Raw,curated,Beef
2091,Oils & Fats,Oils & Fats,Butter Toastbrot Ja,,"butter toastbrot ja, butter toastbrot jas, butter-toastbrot-ja, makhan",100,g,100,66,0,2,0.9,0,0.4,0.6,0,0,Meals / Prepared Food,curated,Butter
2092,Oils & Fats,Oils & Fats,Canola Oil,,"canola oil, canola oils, canola-oil",100,g,100,124,0,0,14,0,0,1,0,0,Raw,curated,Canola Oil
2093,Oils & Fats,Oils & Fats,Cashew Butter,,"cashew butter, cashew butters, cashew-butter, kaju, makhan",100,g,100,94,2.8,4.4,7.9,0.3,0.8,1.6,71,0,Meals / Prepared Food,curated,Butter
2094,Oils & Fats,Oils & Fats,Chunky Peanut Butter,,"chunky peanut butter, chunky peanut butters, chunky-peanut-butter, makhan, moongphali, mungfali",100,g,100,94,3.8,3.5,8,1.3,1.3,1.2,30,0,Meals / Prepared Food,curated,Butter
2095,Oils & Fats,Oils & Fats,Coconut Oil,,"coconut oil, coconut oils, coconut-oil, nariyal, nariyal ka tel",100,g,100,117,0,0,13.6,0,0,11.2,0,0,Raw,curated,Coconut
2096,Oils & Fats,Oils & Fats,Cod Liver Fish Oil,,"cod liver fish oil, cod liver fish oils, cod-liver-fish-oil, machli",100,g,100,123,0,0,13.6,0,0,3.1,0,78,Raw,curated,Fish
2097,Oils & Fats,Oils & Fats,Corn on the Cob with Butter,,"corn on the cob with butter, bhutta, corn on the cob with butters, corn-on-the-cob-with-butter, makhan, makka",100,g,100,155,4.5,31.9,3.4,0,0,1.6,56,6,Meals / Prepared Food,curated,"Corn, Butter"
2098,Oils & Fats,Oils & Fats,Cottonseed Oil,,"cottonseed oil, cottonseed oils, cottonseed-oil",100,g,100,120,0,0,13.6,0,0,3.5,0,0,Raw,curated,Cottonseed Oil
2099,Oils & Fats,Oils & Fats,Cupu Assu Oil,,"cupu assu oil, cupu assu oils, cupu-assu-oil",100,g,100,120,0,0,13.6,0,0,7.2,0,0,Raw,curated,Cupu Assu Oil
2100,Oils & Fats,Oils & Fats,Dried Tomatoes Canned in Oil,,"dried tomatoes canned in oil, dried tomatoes canned in oils, dried-tomatoes-canned-in-oil, tamatar",100,g,100,6,0.2,0.7,0.4,0.2,0,0.1,56,0,Meals / Prepared Food,curated,Tomatoes in Oil
2101,Oils & Fats,Oils & Fats,Flaxseed Oil,,"flaxseed oil, alsi, flaxseed oils, flaxseed-oil",100,g,100,120,0.1,0,13.6,0,0,1.2,0,0,Raw,curated,Flaxseed Oil
2102,Oils & Fats,Oils & Fats,Grapeseed Oil,,"grapeseed oil, angoor, grapeseed oils, grapeseed-oil",100,g,100,120,0,0,13.6,0,0,1.3,0,0,Raw,curated,Grapeseed Oil
2103,Oils & Fats,Oils & Fats,Hazelnut Oil,,"hazelnut oil, hazelnut oils, hazelnut-oil",100,g,100,120,0,0,13.6,0,0,1,0,0,Raw,curated,Hazelnut Oil
2104,Oils & Fats,Oils & Fats,Herring Fish Oil,,"herring fish oil, herring fish oils, herring-fish-oil, machli",100,g,100,123,0,0,13.6,0,0,2.9,0,104,Raw,curated,Fish
2105,Oils & Fats,Oils & Fats,Lard,,"lard, lards",100,g,100,115,0,0,12.8,0,0,5,0,12,Raw,curated,Lard
2106,Oils & Fats,Oils & Fats,Lard Vegetable Oil,,"lard vegetable oil, lard vegetable oils, lard-vegetable-oil",100,g,100,115,0,0,12.8,0,0,5.2,0,7,Raw,curated,Lard Vegetable Oil
2107,Oils & Fats,Oils & Fats,Margarine,,"margarine, margarines",100,g,100,102,0,0,11.5,0,0,2.2,91,0,Raw,curated,Margarine
2108,Oils & Fats,Oils & Fats,Margarine Spread,,"margarine spread, margarine spreads, margarine-spread",100,g,100,59,0.1,0.1,6.7,0,0,1.2,19,0,Meals / Prepared Food,curated,Margarine Spread
2109,Oils & Fats,Oils & Fats,Margarine with Salt,,"margarine with salt, margarine with salts, margarine-with-salt",100,g,100,100,0,0,11.3,0,0,2.1,100,0,Meals / Prepared Food,curated,Margarine with Salt
2110,Oils & Fats,Oils & Fats,Margarine with Yoghurt,,"margarine with yoghurt, dahi, margarine with yoghurts, margarine-with-yoghurt",100,g,100,88,0.1,0.1,9.8,0,0,1.9,18,0,Meals / Prepared Food,curated,Yogurt (Curd)
2111,Oils & Fats,Oils & Fats,Mashed Potato with Milk and Butter,,"mashed potato with milk and butter, aloo, doodh, makhan, mashed potato with milk and butters, mashed-potato-with-milk-and-butter",100,g,100,237,3.9,35.3,8.9,3.2,3,5.5,700,23,Meals / Prepared Food,curated,"Potato, Milk, Butter"
2112,Oils & Fats,Oils & Fats,Mutton Tallow,,"mutton tallow, bakra, mutton, mutton tallows, mutton-tallow",100,g,100,45,0,0,5,0,0,2.4,0,5,Raw,curated,Mutton/Lamb
2113,Oils & Fats,Oils & Fats,Olive Oil,,"olive oil, olive oils, olive-oil",100,g,100,119,0,0,13.5,0,0,1.9,4,0,Raw,curated,Olive Oil
2114,Oils & Fats,Oils & Fats,Palm Kernel Oil,,"palm kernel oil, palm kernel oils, palm-kernel-oil",100,g,100,40,0,0,4.5,0,0,4,98,0,Raw,curated,Palm Kernel Oil
2115,Oils & Fats,Oils & Fats,Peanut Butter,,"peanut butter, makhan, moongphali, mungfali, peanut butters, peanut-butter",100,g,100,88,3.3,3.6,7.4,0.9,1,1.4,85,0,Meals / Prepared Food,curated,Butter
2116,Oils & Fats,Oils & Fats,Peanut Oil,,"peanut oil, moongphali, mungfali, mungfali ka tel, peanut oils, peanut-oil",100,g,100,119,0,0,13.5,0,0,2.3,0,0,Raw,curated,Peanut Oil
2117,Oils & Fats,Oils & Fats,Poppyseed Oil,,"poppyseed oil, poppyseed oils, poppyseed-oil",100,g,100,120,0,0,13.6,0,0,1.8,0,0,Raw,curated,Poppyseed Oil
2118,Oils & Fats,Oils & Fats,Rice Bran Oil,,"rice bran oil, chawal, rice bran oils, rice-bran-oil",100,g,100,120,0,0,13.6,0,0,2.7,0,0,Raw,curated,Rice
2119,Oils & Fats,Oils & Fats,Safflower Oil,,"safflower oil, safflower oils, safflower-oil",100,g,100,120,0,0,13.6,0,0,1,0,0,Raw,curated,Safflower Oil
2120,Oils & Fats,Oils & Fats,Salmon Fish Oil,,"salmon fish oil, machli, salmon fish oils, salmon-fish-oil",100,g,100,123,0,0,13.6,0,0,2.7,0,66,Raw,curated,Fish
2121,Oils & Fats,Oils & Fats,Sardine Canned in Oil,,"sardine canned in oil, sardine canned in oils, sardine-canned-in-oil",100,g,100,310,36.7,0,17.1,0,0,2.3,500,212,Meals / Prepared Food,curated,Fish
2122,Oils & Fats,Oils & Fats,Sardine Oil,,"sardine oil, sardine oils, sardine-oil",100,g,100,123,0,0,13.6,0,0,4.1,0,97,Raw,curated,Fish
2123,Oils & Fats,Oils & Fats,Sesame Butter,,"sesame butter, makhan, sesame butters, sesame-butter, til",100,g,100,94,2.9,3.8,8.1,0.9,0,1.1,31,0,Meals / Prepared Food,curated,Butter
2124,Oils & Fats,Oils & Fats,Sesame Oil,,"sesame oil, sesame oils, sesame-oil, til, til ka tel",100,g,100,40,0,0,4.5,0,0,0.6,0,0,Raw,curated,Sesame Oil
2125,Oils & Fats,Oils & Fats,Shortening,,"shortening, shortenings",100,g,100,113,0,0,12.8,0,0,3.2,0,0,Raw,curated,Shortening
2126,Oils & Fats,Oils & Fats,Soy Margarine,,"soy margarine, soy margarines, soy-margarine",100,g,100,88,0,0,9.9,0,0,3.2,100,0,Raw,curated,Soya/Tofu
2127,Oils & Fats,Oils & Fats,Soy Oil,,"soy oil, soy oils, soy-oil",100,g,100,120,0,0,13.6,0,0,3.4,0,0,Raw,curated,Soya/Tofu
2128,Oils & Fats,Oils & Fats,Soybean Lecithin Oil,,"soybean lecithin oil, soybean lecithin oils, soybean-lecithin-oil",100,g,100,104,0,0,13.6,0,0,2,0,0,Raw,curated,Soybean Lecithin Oil
2129,Oils & Fats,Oils & Fats,Soybean Margarine,,"soybean margarine, soybean margarines, soybean-margarine",100,g,100,34,0.1,0,3.8,0,0,0.8,5,0,Raw,curated,Soybean Margarine
2130,Oils & Fats,Oils & Fats,Soybean Oil,,"soybean oil, soybean oils, soybean-oil",100,g,100,120,0,0,13.6,0,0,2.1,0,0,Raw,curated,Soybean Oil
2131,Oils & Fats,Oils & Fats,Sunflower Oil,,"sunflower oil, sunflower oils, sunflower-oil",100,g,100,120,0,0,13.6,0,0,1.2,0,0,Raw,curated,Sunflower Oil
2132,Oils & Fats,Oils & Fats,Sunflower Seed Butter,,"sunflower seed butter, makhan, sunflower seed butters, sunflower-seed-butter",100,g,100,99,2.8,3.7,8.8,0.9,1.7,0.7,65,0,Meals / Prepared Food,curated,Butter
2133,Oils & Fats,Oils & Fats,Teaseed Oil,,"teaseed oil, teaseed oils, teaseed-oil",100,g,100,120,0,0,13.6,0,0,2.9,0,0,Raw,curated,Teaseed Oil
2134,Oils & Fats,Oils & Fats,Tuna Canned in Oil,,"tuna canned in oil, tuna canned in oils, tuna-canned-in-oil",100,g,100,331,47.2,0,14.4,0,0,2.3,700,55,Meals / Prepared Food,curated,Fish
2135,Oils & Fats,Oils & Fats,Ucuhuba Butter Oil,,"ucuhuba butter oil, makhan, ucuhuba butter oils, ucuhuba-butter-oil",100,g,100,120,0,0,13.6,0,0,11.6,0,0,Meals / Prepared Food,curated,Butter
2136,Oils & Fats,Oils & Fats,Vegetable Oil,,"vegetable oil, vegetable oils, vegetable-oil",100,g,100,120,0,0,13.6,0,0,2.1,0,0,Raw,curated,Vegetable Oil
2137,Oils & Fats,Oils & Fats,Vegetable Oil Spread,,"vegetable oil spread, vegetable oil spreads, vegetable-oil-spread",100,g,100,75,0,0.1,8.4,0,0,1.7,81,0,Meals / Prepared Food,curated,Vegetable Oil Spread
2138,Oils & Fats,Oils & Fats,Vegetable Oil Spread Fat Free,,"vegetable oil spread fat free, vegetable oil spread fat frees, vegetable-oil-spread-fat-free",100,g,100,6,0.2,0.4,0.5,0,0,0,100,0,Meals / Prepared Food,curated,Vegetable Oil Spread Fat Free
2139,Oils & Fats,Oils & Fats,Vegetable Palm Kernel Oil,,"vegetable palm kernel oil, vegetable palm kernel oils, vegetable-palm-kernel-oil",100,g,100,117,0,0,13.6,0,0,11.1,0,0,Raw,curated,Vegetable Palm Kernel Oil
2140,Oils & Fats,Oils & Fats,Wheat Germ Oil,,"wheat germ oil, gehun, wheat germ oils, wheat-germ-oil",100,g,100,120,0,0,13.6,0,0,2.6,0,0,Raw,curated,Wheat Germ Oil
2141,Packaged Snacks,Bars & Trail Mix,Almond Granola Bar,,"almond granola bar, almond granola bars, almond-granola-bar, badam",100,g,100,119,1.8,14.9,6.1,1.2,0,3,67,0,Meals / Prepared Food,curated,"Almonds, Refined Flour (Maida)/Potato, Cooking Oil, Salt"
2142,Packaged Snacks,Bars & Trail Mix,Clif Bar,,"clif bar, clif bars, clif-bar",100,g,100,235,10,44.5,4,5,21.5,1,100,0,Meals / Prepared Food,curated,"Refined Flour (Maida)/Potato, Cooking Oil, Salt"
2143,Packaged Snacks,Bars & Trail Mix,Coconut Granola Bar,,"coconut granola bar, coconut granola bars, coconut-granola-bar, nariyal",100,g,100,150,1.5,15.6,9.1,1.8,9.7,6.4,6,0,Meals / Prepared Food,curated,"Coconut, Refined Flour (Maida)/Potato, Cooking Oil, Salt"
2144,Packaged Snacks,Bars & Trail Mix,Corn Granola Oil,,"corn granola oil, bhutta, corn granola oils, corn-granola-oil, makka",100,g,100,124,0,0,14,0,0,1.1,0,0,Meals / Prepared Food,curated,"Corn, Refined Flour (Maida)/Potato, Cooking Oil, Salt"
2145,Packaged Snacks,Bars & Trail Mix,Fruit Granola Bar,,"fruit granola bar, fruit granola bars, fruit-granola-bar",100,g,100,82,1.4,18.6,0.2,1.8,13.3,0,28,0,Meals / Prepared Food,curated,"Refined Flour (Maida)/Potato, Cooking Oil, Salt"
2146,Packaged Snacks,Bars & Trail Mix,Fruit Nut Squares,,"fruit nut squares, fruit nut squar, fruit nut squareses, fruit-nut-squares",100,g,100,55,0.3,10.3,1.3,0.3,6.4,0.1,86,0,Meals / Prepared Food,curated,"Refined Flour (Maida)/Potato, Cooking Oil, Salt"
2147,Packaged Snacks,Bars & Trail Mix,Granola,,"granola, granolas",100,g,100,293,8.2,32.3,14.6,5.3,11.9,2.4,10,0,Meals / Prepared Food,curated,"Refined Flour (Maida)/Potato, Cooking Oil, Salt"
2148,Packaged Snacks,Bars & Trail Mix,Granola Bar,,"granola bar, granola bars, granola-bar",100,g,100,99,2.1,13.5,4.2,1.1,6,0.5,84,0,Meals / Prepared Food,curated,"Refined Flour (Maida)/Potato, Cooking Oil, Salt"
2149,Packaged Snacks,Bars & Trail Mix,Granola Bites,,"granola bites, granola bit, granola biteses, granola-bites",100,g,100,23,0.4,3.3,0.9,0.3,1.5,0.5,67,0,Meals / Prepared Food,curated,"Refined Flour (Maida)/Potato, Cooking Oil, Salt"
2150,Packaged Snacks,Bars & Trail Mix,Milk Cereal Bar,,"milk cereal bar, doodh, milk cereal bars, milk-cereal-bar",100,g,100,103,1.6,18,2.7,0.1,11.5,2.3,87,2,Meals / Prepared Food,curated,"Milk, Refined Flour (Maida)/Potato, Cooking Oil, Salt"
2151,Packaged Snacks,Bars & Trail Mix,Muesli Master Crumble,,"muesli master crumble, muesli master crumbles, muesli-master-crumble",100,g,100,124,2.4,4.5,2.4,0,0,1,0,0,Meals / Prepared Food,curated,"Refined Flour (Maida)/Potato, Cooking Oil, Salt"
2152,Packaged Snacks,Bars & Trail Mix,Muesli with Fruit Nuts,,"muesli with fruit nuts, muesli with fruit nut, muesli with fruit nutses, muesli-with-fruit-nuts",100,g,100,231,4.3,45.7,3.4,5.8,14.2,0.5,100,0,Meals / Prepared Food,curated,"Refined Flour (Maida)/Potato, Cooking Oil, Salt"
2153,Packaged Snacks,Bars & Trail Mix,Peanut Granola Bar,,"peanut granola bar, moongphali, mungfali, peanut granola bars, peanut-granola-bar",100,g,100,116,2.4,15,5.7,0.7,8.2,0.8,6,0,Meals / Prepared Food,curated,"Peanuts, Refined Flour (Maida)/Potato, Cooking Oil, Salt"
2154,Packaged Snacks,Bars & Trail Mix,Rice Wheat Cereal Bar,,"rice wheat cereal bar, chawal, gehun, rice wheat cereal bars, rice-wheat-cereal-bar",100,g,100,90,2,16,2,0.4,7,0,100,0,Meals / Prepared Food,curated,"Rice, Wheat, Refined Flour (Maida)/Potato, Cooking Oil, Salt"
2155,Packaged Snacks,Bars & Trail Mix,Sesame Crunch,,"sesame crunch, sesame crunches, sesame-crunch, til",100,g,100,9,0.2,0.9,0.6,0.1,0.6,0.1,27,0,Meals / Prepared Food,curated,"Refined Flour (Maida)/Potato, Cooking Oil, Salt"
2156,Packaged Snacks,Bars & Trail Mix,Studentenfutter Alnatura,,"studentenfutter alnatura, studentenfutter alnaturas, studentenfutter-alnatura",100,g,100,139,3.1,13.2,7.8,0,11.7,0.9,0,2,Meals / Prepared Food,curated,"Refined Flour (Maida)/Potato, Cooking Oil, Salt"
2157,Packaged Snacks,Bars & Trail Mix,Trail Mix,,"trail mix, trail mixes, trail-mix",100,g,100,139,4.1,13.5,8.8,0,0,1.7,14,0,Meals / Prepared Food,curated,"Refined Flour (Maida)/Potato, Cooking Oil, Salt"
2158,Packaged Snacks,Bars & Trail Mix,Tropical Trail Mix,,"tropical trail mix, tropical trail mixes, tropical-trail-mix",100,g,100,619,8.8,91.8,23.9,0,0,11.9,100,0,Meals / Prepared Food,curated,"Refined Flour (Maida)/Potato, Cooking Oil, Salt"
2159,Packaged Snacks,"Chips, Crisps & Puffs",Baked Chips Lays,,"baked chips lays, baked chips lay, baked chips layses, baked-chips-lays",100,g,100,130,0,0,2,0,0,26,0,0,Meals / Prepared Food,curated,"Refined Flour (Maida)/Potato, Cooking Oil, Salt"
2160,Packaged Snacks,"Chips, Crisps & Puffs",Banana Chips,,"banana chips, banana chip, banana chipses, banana-chips, kela, kele ke chips",100,g,135.2,406.3,0.5,11.9,40,1.4,7.2,8.3,93,0,Meals / Prepared Food,curated,"Banana, Refined Flour (Maida)/Potato, Cooking Oil, Salt"
2161,Packaged Snacks,"Chips, Crisps & Puffs",Cheese Popcorn,,"cheese popcorn, cheese popcorns, cheese-popcorn",100,g,100,58,1,5.7,3.7,1.1,0,0.7,2,1,Meals / Prepared Food,curated,"Cheese, Refined Flour (Maida)/Potato, Cooking Oil, Salt"
2162,Packaged Snacks,"Chips, Crisps & Puffs",Chips Chipotle,,"chips chipotle, chips chipotles, chips-chipotle",100,g,100,151,0.2,2.1,7.1,0,2.1,0.9,0,0,Meals / Prepared Food,curated,"Refined Flour (Maida)/Potato, Cooking Oil, Salt"
2163,Packaged Snacks,"Chips, Crisps & Puffs",Corn Chips,,"corn chips, bhutta, corn chip, corn chipses, corn-chips, makka",100,g,100,162,1.9,17.2,10,1.2,0,1.3,200,0,Meals / Prepared Food,curated,"Corn, Refined Flour (Maida)/Potato, Cooking Oil, Salt"
2164,Packaged Snacks,"Chips, Crisps & Puffs",Corn Chips Unsalted,,"corn chips unsalted, bhutta, corn chips unsalteds, corn-chips-unsalted, makka",100,g,100,490,5.8,50.5,29.4,3.9,1.2,3.8,24,0,Meals / Prepared Food,curated,"Corn, Refined Flour (Maida)/Potato, Cooking Oil, Salt"
2165,Packaged Snacks,"Chips, Crisps & Puffs",Cornnuts,,"cornnuts, cornnut, cornnutses",100,g,100,126,2.4,20.3,4.4,2,0.2,0.7,200,0,Meals / Prepared Food,curated,"Refined Flour (Maida)/Potato, Cooking Oil, Salt"
2166,Packaged Snacks,"Chips, Crisps & Puffs",Microwave Popcorn,,"microwave popcorn, microwave popcorns, microwave-popcorn",100,g,100,465,7.3,49.8,26.3,8.7,0.3,12.7,600,0,Meals / Prepared Food,curated,"Refined Flour (Maida)/Potato, Cooking Oil, Salt"
2167,Packaged Snacks,"Chips, Crisps & Puffs",Nachos Supreme Taco Bell,,"nachos supreme taco bell, nachos supreme taco bells, nachos-supreme-taco-bell",100,g,100,480,14.8,45,26.6,8,0,7.8,800,37,Meals / Prepared Food,curated,"Refined Flour (Maida)/Potato, Cooking Oil, Salt"
2168,Packaged Snacks,"Chips, Crisps & Puffs",Nachos Taco Bell,,"nachos taco bell, nachos taco bells, nachos-taco-bell",100,g,100,362,5.1,36,21.9,3.8,0,4.7,500,4,Meals / Prepared Food,curated,"Refined Flour (Maida)/Potato, Cooking Oil, Salt"
2169,Packaged Snacks,"Chips, Crisps & Puffs",Nachos with Cheese,,"nachos with cheese, nachos with cheeses, nachos-with-cheese",100,g,100,274,3.5,27.9,17.2,2.6,1.7,1.7,300,2,Meals / Prepared Food,curated,"Cheese, Refined Flour (Maida)/Potato, Cooking Oil, Salt"
2170,Packaged Snacks,"Chips, Crisps & Puffs",Nachos with Cheese Jalapeno Peppers,,"nachos with cheese jalapeno peppers, nachos with cheese jalapeno pepper, nachos with cheese jalapeno pepperses, nachos-with-cheese-jalapeno-peppers",100,g,100,608,16.8,60.1,34.1,0,0,14,1700,84,Meals / Prepared Food,curated,"Cheese, Jalapeno Peppers, Refined Flour (Maida)/Potato, Cooking Oil, Salt"
2171,Packaged Snacks,"Chips, Crisps & Puffs",Plantain Chips,,"plantain chips, plantain chip, plantain chipses, plantain-chips",100,g,100,150,0.6,18.1,8.4,1,0.3,2.4,39,0,Meals / Prepared Food,curated,"Plantain, Refined Flour (Maida)/Potato, Cooking Oil, Salt"
2172,Packaged Snacks,"Chips, Crisps & Puffs",Popcorn Air Popped,,"popcorn air popped, popcorn air poppeds, popcorn-air-popped",100,g,100,31,1,6.2,0.4,1.2,0.1,0,16,0,Meals / Prepared Food,curated,"Refined Flour (Maida)/Potato, Cooking Oil, Salt"
2173,Packaged Snacks,"Chips, Crisps & Puffs",Popcorn Oil Popped,,"popcorn oil popped, popcorn oil poppeds, popcorn-oil-popped",100,g,100,64,0.8,5,4.8,0.9,0,0.8,18,0,Meals / Prepared Food,curated,"Refined Flour (Maida)/Potato, Cooking Oil, Salt"
2174,Packaged Snacks,"Chips, Crisps & Puffs",Popcorn Unpopped,,"popcorn unpopped, popcorn unpoppeds, popcorn-unpopped",100,g,100,106,3.1,20.9,1.2,3.6,0.3,0.2,1,0,Meals / Prepared Food,curated,"Refined Flour (Maida)/Potato, Cooking Oil, Salt"
2175,Packaged Snacks,"Chips, Crisps & Puffs",Potato Chips,,"potato chips, aloo, potato chip, potato chipses, potato-chips",100,g,100,161,2.1,15.9,10.4,1.4,0,3.3,21,0,Meals / Prepared Food,curated,"Potato, Refined Flour (Maida)/Potato, Cooking Oil, Salt"
2176,Packaged Snacks,"Chips, Crisps & Puffs",Potato Chips Cheese,,"potato chips cheese, aloo, potato chips cheeses, potato-chips-cheese",100,g,100,843,14.5,98.1,46.2,8.8,0,14.6,800,7,Meals / Prepared Food,curated,"Potato, Cheese, Refined Flour (Maida)/Potato, Cooking Oil, Salt"
2177,Packaged Snacks,"Chips, Crisps & Puffs",Rice Crisps,,"rice crisps, chawal, rice crisp, rice crispses, rice-crisps",100,g,100,107,1.8,24.1,0.4,0.2,2.3,0.1,200,0,Meals / Prepared Food,curated,"Rice, Refined Flour (Maida)/Potato, Cooking Oil, Salt"
2178,Packaged Snacks,"Chips, Crisps & Puffs",Sesame Sticks,,"sesame sticks, sesame stick, sesame stickses, sesame-sticks, til",100,g,100,54,1.1,4.7,3.7,0.3,0.1,0.6,90,0,Meals / Prepared Food,curated,"Refined Flour (Maida)/Potato, Cooking Oil, Salt"
2179,Packaged Snacks,"Chips, Crisps & Puffs",Soy Chips,,"soy chips, soy chip, soy chipses, soy-chips",100,g,100,109,7.5,15,2.1,1,0.5,0.3,200,0,Meals / Prepared Food,curated,"Soya/Tofu, Refined Flour (Maida)/Potato, Cooking Oil, Salt"
2180,Packaged Snacks,"Chips, Crisps & Puffs",Sweet Chilli Kettle Baked Chips,,"sweet chilli kettle baked chips, sweet chilli kettle baked chip, sweet chilli kettle baked chipses, sweet-chilli-kettle-baked-chips",100,g,100,99,2,2.1,2.2,0,0.4,0.3,0,0,Meals / Prepared Food,curated,"Refined Flour (Maida)/Potato, Cooking Oil, Salt"
2181,Packaged Snacks,"Chips, Crisps & Puffs",Sweet Potato Chips,,"sweet potato chips, aloo, shakarkandi, sweet potato chip, sweet potato chipses, sweet-potato-chips",100,g,100,149,0.8,15.9,9.1,2.5,2.5,0.8,50,0,Meals / Prepared Food,curated,"Potato, Sweet Potato, Refined Flour (Maida)/Potato, Cooking Oil, Salt"
2182,Packaged Snacks,"Chips, Crisps & Puffs",Taro Chips,,"taro chips, arbi, taro chip, taro chipses, taro-chips",100,g,100,11,0,1.6,0.6,0.2,0,0.1,22,0,Meals / Prepared Food,curated,"Taro, Refined Flour (Maida)/Potato, Cooking Oil, Salt"
2183,Packaged Snacks,"Chips, Crisps & Puffs",Vegetable Chips,,"vegetable chips, vegetable chip, vegetable chipses, vegetable-chips",100,g,100,134,1.5,17.1,6.6,1.3,1.1,0.5,300,0,Meals / Prepared Food,curated,"Refined Flour (Maida)/Potato, Cooking Oil, Salt"
2184,Packaged Snacks,"Chips, Crisps & Puffs",Yuca Cassava Chips,,"yuca cassava chips, yuca cassava chip, yuca cassava chipses, yuca-cassava-chips",100,g,100,9,0.1,1.2,0.4,0,0,0.1,41,0,Meals / Prepared Food,curated,"Cassava, Refined Flour (Maida)/Potato, Cooking Oil, Salt"
2185,Packaged Snacks,Crackers,Cheese Crackers,,"cheese crackers, cheese cracker, cheese crackerses, cheese-crackers",100,g,100,34,0.8,4.2,1.6,0.2,0.3,0.4,65,0,Meals / Prepared Food,curated,"Cheese, Refined Flour (Maida)/Potato, Cooking Oil, Salt"
2186,Packaged Snacks,Crackers,Cracker Meal,,"cracker meal, cracker meals, cracker-meal",100,g,100,440,10.7,93,2,3,0.4,0.3,78,0,Meals / Prepared Food,curated,"Refined Flour (Maida)/Potato, Cooking Oil, Salt"
2187,Packaged Snacks,Crackers,Crackers,,"crackers, cracker, crackerses",100,g,100,82,1.1,9.8,4.2,0.4,1.3,0.9,100,0,Meals / Prepared Food,curated,"Refined Flour (Maida)/Potato, Cooking Oil, Salt"
2188,Packaged Snacks,Crackers,Crackers Whole Wheat,,"crackers whole wheat, crackers whole wheats, crackers-whole-wheat, gehun",100,g,100,120,3,19.5,4,2.9,0.3,0.6,200,0,Meals / Prepared Food,curated,"Wheat, Refined Flour (Maida)/Potato, Cooking Oil, Salt"
2189,Packaged Snacks,Crackers,Graham Crackers,,"graham crackers, graham cracker, graham crackerses, graham-crackers",100,g,100,355,5.8,64.5,8.5,2.4,26.1,1.3,400,0,Meals / Prepared Food,curated,"Refined Flour (Maida)/Potato, Cooking Oil, Salt"
2190,Packaged Snacks,Crackers,Matzo Crackers,,"matzo crackers, matzo cracker, matzo crackerses, matzo-crackers",100,g,100,111,2.8,23.4,0.4,0.8,0.1,0,0,0,Meals / Prepared Food,curated,"Refined Flour (Maida)/Potato, Cooking Oil, Salt"
2191,Packaged Snacks,Crackers,Matzo Crackers Whole Wheat,,"matzo crackers whole wheat, gehun, matzo crackers whole wheats, matzo-crackers-whole-wheat",100,g,100,98,3.7,22.1,0.4,3.3,0,0,2,0,Meals / Prepared Food,curated,"Wheat, Refined Flour (Maida)/Potato, Cooking Oil, Salt"
2192,Packaged Snacks,Crackers,Matzo Crackers with Egg,,"matzo crackers with egg, anda, matzo crackers with eggs, matzo-crackers-with-egg",100,g,100,109,3.4,22,0.6,0.8,0,0.2,57,23,Meals / Prepared Food,curated,"Egg, Refined Flour (Maida)/Potato, Cooking Oil, Salt"
2193,Packaged Snacks,Crackers,Matzo Crackers with Egg Onion,,"matzo crackers with egg onion, anda, matzo crackers with egg onions, matzo-crackers-with-egg-onion, pyaaz, pyaz",100,g,100,109,2.8,21.6,1.1,1.4,0,0.3,52,13,Meals / Prepared Food,curated,"Egg, Onion, Refined Flour (Maida)/Potato, Cooking Oil, Salt"
2194,Packaged Snacks,Crackers,Melba Toast Crackers,,"melba toast crackers, melba toast cracker, melba toast crackerses, melba-toast-crackers",100,g,100,117,3.6,23,1,1.9,0.3,0.1,200,0,Meals / Prepared Food,curated,"Refined Flour (Maida)/Potato, Cooking Oil, Salt"
2195,Packaged Snacks,Crackers,Milk Crackers,,"milk crackers, doodh, milk cracker, milk crackerses, milk-crackers",100,g,100,50,0.8,7.7,1.7,0.2,1.8,0.3,95,1,Meals / Prepared Food,curated,"Milk, Refined Flour (Maida)/Potato, Cooking Oil, Salt"
2196,Packaged Snacks,Crackers,Oriental Rice Cracker Mix,,"oriental rice cracker mix, chawal, oriental rice cracker mixes, oriental-rice-cracker-mix",100,g,100,143,4.9,14.6,7.2,3.7,0.8,1.1,100,0,Meals / Prepared Food,curated,"Rice, Refined Flour (Maida)/Potato, Cooking Oil, Salt"
2197,Packaged Snacks,Crackers,Saltine Crackers,,"saltine crackers, saltine cracker, saltine crackerses, saltine-crackers",100,g,100,13,0.3,2.2,0.3,0,0.1,0.1,67,0,Meals / Prepared Food,curated,"Refined Flour (Maida)/Potato, Cooking Oil, Salt"
2198,Proteins,Game & Other Meat,Caribou Cooked,,"caribou cooked, caribou-cooked",100,g,100,210,38,0,6.4,0,0,2.5,4,141,Meals / Prepared Food,curated,Caribou
2199,Proteins,Game & Other Meat,Ground Bison Cooked,,"ground bison cooked, ground-bison-cooked",100,g,100,448,63.6,0,21.6,0,0,8.7,200,178,Meals / Prepared Food,curated,Bison
2200,Proteins,Game & Other Meat,Ground Bison Raw,,"ground bison raw, ground-bison-raw",100,g,100,124,17.2,0.1,6.1,0,0,2.5,42,47,Raw,curated,Bison
2201,Proteins,Game & Other Meat,Ground Emu Cooked,,"ground emu cooked, ground-emu-cooked",100,g,100,178,31,0,5.1,0,0,1.4,25,95,Meals / Prepared Food,curated,Emu
2202,Proteins,Game & Other Meat,Ground Emu Raw,,"ground emu raw, ground-emu-raw",100,g,100,157,26.6,0,4.7,0,0,1.2,62,81,Raw,curated,Emu
2203,Proteins,Game & Other Meat,Ground Ostrich Cooked,,"ground ostrich cooked, ground-ostrich-cooked",100,g,100,163,24.3,0,6.6,0,0,1.7,99,77,Meals / Prepared Food,curated,Ostrich
2204,Proteins,Game & Other Meat,Ground Ostrich Raw,,"ground ostrich raw, ground-ostrich-raw",100,g,100,180,22,0,9.5,0,0,2.4,21,77,Raw,curated,Ostrich
2205,Proteins,Game & Other Meat,Ostrich Fan Raw,,"ostrich fan raw, ostrich-fan-raw",100,g,100,99,18.5,0,2.3,0,0,0.8,40,62,Raw,curated,Ostrich Fan
2206,Proteins,Game & Other Meat,Ostrich Leg Cooked,,"ostrich leg cooked, ostrich-leg-cooked",100,g,100,120,24.7,0,1.6,0,0,0.6,16,62,Meals / Prepared Food,curated,Ostrich Leg
2207,Proteins,Game & Other Meat,Ostrich Leg Raw,,"ostrich leg raw, ostrich-leg-raw",100,g,100,94,19,0,1.5,0,0,0.5,67,56,Raw,curated,Ostrich Leg
2208,Proteins,Game & Other Meat,Ostrich Round Raw,,"ostrich round raw, ostrich-round-raw",100,g,100,99,18.7,0,2,0,0,0.7,74,60,Raw,curated,Ostrich Round
2209,Proteins,Game & Other Meat,Ostrich Strip Cooked,,"ostrich strip cooked, ostrich-strip-cooked",100,g,100,139,25,0,3.6,0,0,1.5,34,82,Meals / Prepared Food,curated,Ostrich Strip
2210,Proteins,Game & Other Meat,Ostrich Strip Raw,,"ostrich strip raw, ostrich-strip-raw",100,g,100,108,20.1,0,2.4,0,0,0.8,86,62,Raw,curated,Ostrich Strip
2211,Proteins,Game & Other Meat,Ostrich Tenderloin Raw,,"ostrich tenderloin raw, ostrich-tenderloin-raw",100,g,100,105,18.8,0,2.7,0,0,1,5,68,Raw,curated,Ostrich Tenderloin
2212,Proteins,Game & Other Meat,Ostrich Tip Cooked,,"ostrich tip cooked, ostrich-tip-cooked",100,g,100,123,24.2,0,2.2,0,0,0.9,86,72,Meals / Prepared Food,curated,Ostrich Tip
2213,Proteins,Game & Other Meat,Ostrich Tip Raw,,"ostrich tip raw, ostrich-tip-raw",100,g,100,97,18.6,0,2,0,0,0.7,41,61,Raw,curated,Ostrich Tip
2214,Proteins,Game & Other Meat,Ostrich Top Loin Cooked,,"ostrich top loin cooked, ostrich-top-loin-cooked",100,g,100,132,23.9,0,3.3,0,0,1.1,29,79,Meals / Prepared Food,curated,Ostrich Top Loin
2215,Proteins,Game & Other Meat,Ostrich Top Loin Raw,,"ostrich top loin raw, ostrich-top-loin-raw",100,g,100,101,18.4,0,2.5,0,0,1,73,64,Raw,curated,Ostrich Top Loin
2216,Proteins,Plant Protein,Adzuki Beans Cooked,,"adzuki beans cooked, adzuki-beans-cooked",100,g,100,294,17.3,57,0.2,16.8,0,0.1,79,0,Meals / Prepared Food,curated,Green Beans
2217,Proteins,Plant Protein,Azumaya Tofu Vitasoy,,"azumaya tofu vitasoy, azumaya tofu vitasoys, azumaya-tofu-vitasoy",100,g,100,316,32.8,9.1,16.6,2.4,1.6,2,30,0,Raw,curated,Soya/Tofu
2218,Proteins,Plant Protein,Baby Lima Beans Cooked,,"baby lima beans cooked, baby-lima-beans-cooked",100,g,100,189,12,35,0.5,10.8,2.5,0.1,64,0,Meals / Prepared Food,curated,Green Beans
2219,Proteins,Plant Protein,Baked Beans,,"baked beans, baked bean, baked beanses, baked-beans",100,g,100,310,11.1,43.3,10.3,11,0,3.9,800,10,Meals / Prepared Food,curated,Green Beans
2220,Proteins,Plant Protein,Baked Beans Canned,,"baked beans canned, baked-beans-canned",100,g,100,239,12.1,53.7,0.9,10.4,20.2,0.2,900,0,Meals / Prepared Food,curated,Green Beans
2221,Proteins,Plant Protein,Black Beans Cooked,,"black beans cooked, black-beans-cooked",100,g,100,227,15.2,40.8,0.9,15,0,0.2,8,0,Meals / Prepared Food,curated,Green Beans
2222,Proteins,Plant Protein,Chickpeas Canned,,"chickpeas canned, chana, chickpeas-canned, chole",100,g,100,352,17.8,57,7,0,0,0.5,600,0,Meals / Prepared Food,curated,Chickpeas (Chana)
2223,Proteins,Plant Protein,Chickpeas Cooked,,"chickpeas cooked, chana, chickpeas-cooked, chole",100,g,100,269,14.5,45,4.2,12.5,7.9,0.4,80,0,Meals / Prepared Food,curated,Chickpeas (Chana)
2224,Proteins,Plant Protein,Chili Without Beans Canned,,"chili without beans canned, chili-without-beans-canned",100,g,100,283,18.1,14.6,17,0,0,5.4,900,50,Meals / Prepared Food,curated,Green Beans
2225,Proteins,Plant Protein,Chili with Beans Canned,,"chili with beans canned, chili-with-beans-canned",100,g,100,287,14.6,30.5,14.1,11.3,3,6,1300,44,Meals / Prepared Food,curated,Green Beans
2226,Proteins,Plant Protein,Edamame Cooked,,"edamame cooked, edamame-cooked",100,g,100,189,18.5,13.8,8.1,8.1,3.4,1,34,0,Meals / Prepared Food,curated,Edamame
2227,Proteins,Plant Protein,Falafel,,"falafel, falafels",100,g,100,57,2.3,5.4,3,0,0,0.4,81,0,Raw,curated,Falafel
2228,Proteins,Plant Protein,Fava Beans Canned,,"fava beans canned, fava-beans-canned",100,g,100,182,14,31.8,0.6,9.5,0,0.1,1200,0,Meals / Prepared Food,curated,Green Beans
2229,Proteins,Plant Protein,Fava Beans Cooked,,"fava beans cooked, fava-beans-cooked",100,g,100,187,12.9,33.4,0.7,9.2,3.1,0.1,81,0,Meals / Prepared Food,curated,Green Beans
2230,Proteins,Plant Protein,Fava Beans Raw,,"fava beans raw, fava-beans-raw",100,g,100,512,39.2,87.4,2.3,37.5,8.6,0.4,100,0,Raw,curated,Green Beans
2231,Proteins,Plant Protein,French Beans Cooked,,"french beans cooked, french-beans-cooked",100,g,100,228,12.5,42.5,1.3,16.6,0,0.1,3,0,Meals / Prepared Food,curated,Green Beans
2232,Proteins,Plant Protein,Green Soybean Cooked,,"green soybean cooked, green-soybean-cooked",100,g,100,127,11.1,9.9,5.8,3.8,0,0.7,200,0,Meals / Prepared Food,curated,Green Soybean
2233,Proteins,Plant Protein,Green Soybean Raw,,"green soybean raw, green-soybean-raw",100,g,100,376,33.2,28.3,17.4,10.8,0,2,17,0,Raw,curated,Green Soybean
2234,Proteins,Plant Protein,Hyacinth Beans Cooked,,"hyacinth beans cooked, hyacinth-beans-cooked",100,g,100,227,15.8,40.2,1.1,0,0,0.2,0,0,Meals / Prepared Food,curated,Green Beans
2235,Proteins,Plant Protein,Koyadofu,,"koyadofu, koyadofus",100,g,100,81,8.9,1.7,5.2,1.2,0,0.7,81,0,Raw,curated,Koyadofu
2236,Proteins,Plant Protein,Lentils Cooked,,"lentils cooked, dal, lentils-cooked",100,g,100,230,17.9,39.9,0.8,15.6,3.6,0.1,16,0,Meals / Prepared Food,curated,Lentils (Dal)
2237,Proteins,Plant Protein,Lima Beans Canned,,"lima beans canned, lima-beans-canned",100,g,100,190,11.9,35.9,0.4,11.6,0,0.1,800,0,Meals / Prepared Food,curated,Green Beans
2238,Proteins,Plant Protein,Lima Beans Cooked,,"lima beans cooked, lima-beans-cooked",100,g,100,216,14.7,39.3,0.7,13.2,5.5,0.2,12,0,Meals / Prepared Food,curated,Green Beans
2239,Proteins,Plant Protein,Lupins Cooked,,"lupins cooked, lupins-cooked",100,g,100,193,25.8,15.4,4.8,4.6,0,0.6,400,0,Meals / Prepared Food,curated,Lupins
2240,Proteins,Plant Protein,Lupins Raw,,"lupins raw, lupins-raw",100,g,100,668,65.1,72.7,17.5,34,0,2.1,9,0,Raw,curated,Lupins
2241,Proteins,Plant Protein,Meatless Meatballs,,"meatless meatballs, meatless meatball, meatless meatballses, meatless-meatballs",100,g,100,284,30.2,11.5,13,6.6,1.8,2.1,800,0,Meals / Prepared Food,curated,Meatless Meatballs
2242,Proteins,Plant Protein,Meatless Meatloaf,,"meatless meatloaf, meatless meatloafs, meatless-meatloaf",100,g,100,110,11.8,4.5,5,2.6,0.7,0.8,300,0,Raw,curated,Meatless Meatloaf
2243,Proteins,Plant Protein,Mothbeans Cooked,,"mothbeans cooked, mothbeans-cooked",100,g,100,207,13.8,37.1,1,0,0,0.2,86,0,Meals / Prepared Food,curated,Mothbeans
2244,Proteins,Plant Protein,Mung Beans Cooked,,"mung beans cooked, moong dal, mung-beans-cooked",100,g,100,212,14.2,38.7,0.8,15.4,4,0.2,83,0,Meals / Prepared Food,curated,"Moong Dal (Split Mung Bean), Lentils (Dal), Green Beans"
2245,Proteins,Plant Protein,Mungo Beans Cooked,,"mungo beans cooked, mungo-beans-cooked",100,g,100,189,13.6,33,1,11.5,3.6,0.1,83,0,Meals / Prepared Food,curated,Green Beans
2246,Proteins,Plant Protein,Natto,,"natto, nattos",100,g,100,169,14.2,11.5,8.8,4.3,3.9,1.3,26,0,Raw,curated,Natto
2247,Proteins,Plant Protein,Navy Beans Canned,,"navy beans canned, navy-beans-canned",100,g,100,296,19.7,53.6,1.1,13.4,0.7,0.3,1200,0,Meals / Prepared Food,curated,Green Beans
2248,Proteins,Plant Protein,Navy Beans Cooked,,"navy beans cooked, navy-beans-cooked",100,g,100,255,15,47.4,1.1,19.1,0.7,0.2,400,0,Meals / Prepared Food,curated,Green Beans
2249,Proteins,Plant Protein,Okara,,"okara, okaras",100,g,100,93,3.9,15.3,2.1,0,0,0.2,70,0,Raw,curated,Okara
2250,Proteins,Plant Protein,Pink Beans Cooked,,"pink beans cooked, pink-beans-cooked",100,g,100,252,15.3,47.2,0.8,9,0.6,0.2,75,0,Meals / Prepared Food,curated,Green Beans
2251,Proteins,Plant Protein,Pinto Beans Canned,,"pinto beans canned, pinto-beans-canned",100,g,100,197,11,36.4,1.3,11,2.4,0.3,600,0,Meals / Prepared Food,curated,Green Beans
2252,Proteins,Plant Protein,Pinto Beans Cooked,,"pinto beans cooked, pinto-beans-cooked",100,g,100,245,15.4,44.8,1.1,15.4,0.6,0.2,85,0,Meals / Prepared Food,curated,Green Beans
2253,Proteins,Plant Protein,Refried Red Beans,,"refried red beans, refried red bean, refried red beanses, refried-red-beans",100,g,100,336,11.7,36,16.1,11,0,2.2,900,0,Meals / Prepared Food,curated,Green Beans
2254,Proteins,Plant Protein,Shellie Beans Canned,,"shellie beans canned, shellie-beans-canned",100,g,100,74,4.3,15.2,0.5,8.3,1.5,0,800,0,Meals / Prepared Food,curated,Green Beans
2255,Proteins,Plant Protein,Snap Beans Canned,,"snap beans canned, snap-beans-canned",100,g,100,66,3.5,15.4,0.4,6.6,0,0.1,90,0,Meals / Prepared Food,curated,Green Beans
2256,Proteins,Plant Protein,Snap Beans Cooked,,"snap beans cooked, snap-beans-cooked",100,g,100,44,2.4,9.9,0.4,4,1.9,0,86,0,Meals / Prepared Food,curated,Green Beans
2257,Proteins,Plant Protein,Snap Beans Raw,,"snap beans raw, snap-beans-raw",100,g,100,31,1.8,7,0.2,2.7,3.3,0.1,25,0,Raw,curated,Green Beans
2258,Proteins,Plant Protein,Soy Meal Raw,,"soy meal raw, soy-meal-raw",100,g,100,414,54.8,49,2.9,0,0,0.3,17,0,Raw,curated,Soya/Tofu
2259,Proteins,Plant Protein,Soybean Cooked,,"soybean cooked, soybean-cooked",100,g,100,296,28.6,17.1,15.4,10.3,5.2,2.2,75,0,Meals / Prepared Food,curated,Soybean
2260,Proteins,Plant Protein,Soybean Dry Roasted,,"soybean dry roasted, soybean-dry-roasted",100,g,100,419,36.8,30.4,20.1,7.5,0,2.9,77,0,Meals / Prepared Food,curated,Soybean Dry
2261,Proteins,Plant Protein,Soybean Raw,,"soybean raw, soybean-raw",100,g,100,830,67.9,56.1,37.1,17.3,13.6,5.4,23,0,Raw,curated,Soybean
2262,Proteins,Plant Protein,Soymilk,,"soymilk, soymilks",100,g,100,109,7.1,8.4,4.8,1,6.1,0.5,100,0,Raw,curated,Soymilk
2263,Proteins,Plant Protein,Soymilk Low Fat,,"soymilk low fat, soymilk low fats, soymilk-low-fat",100,g,100,104,4,17.5,1.5,1.9,8.5,0,40,0,Raw,curated,Soymilk Low Fat
2264,Proteins,Plant Protein,Soymilk Nonfat,,"soymilk nonfat, soymilk nonfats, soymilk-nonfat",100,g,100,68,6,10.1,0,0.5,8.9,0,100,0,Raw,curated,Soymilk Nonfat
2265,Proteins,Plant Protein,String Beans Wellsley Farms,,"string beans wellsley farms, string beans wellsley farm, string beans wellsley farmses, string-beans-wellsley-farms",100,g,100,8,0.3,1.7,0,0.1,0.3,0,0,1,Raw,curated,Green Beans
2266,Proteins,Plant Protein,Tempeh,,"tempeh, tempehs",100,g,100,320,30.8,15.6,17.9,0,0,3.7,68,0,Raw,curated,Tempeh
2267,Proteins,Plant Protein,Tempeh Cooked,,"tempeh cooked, tempeh-cooked",100,g,100,55,5.1,2.6,3.2,0,0,1,84,0,Meals / Prepared Food,curated,Tempeh
2268,Proteins,Plant Protein,Tofu Fried,,"tofu fried, tofu-fried",100,g,100,35,2.4,1.2,2.6,0.5,0.4,0.4,21,0,Meals / Prepared Food,curated,Soya/Tofu
2269,Proteins,Plant Protein,Tofu Raw,,"tofu raw, tofu-raw",100,g,100,188,20,4.7,11.9,0.7,0,1.7,60,0,Raw,curated,Soya/Tofu
2270,Proteins,Plant Protein,Vanilla Soymilk,,"vanilla soymilk, vanilla soymilks, vanilla-soymilk",100,g,100,131,7.9,15.3,4.3,1.5,9.7,0.5,100,0,Raw,curated,Vanilla Soymilk
2271,Proteins,Plant Protein,Vanilla Soymilk Light,,"vanilla soymilk light, vanilla soymilk lights, vanilla-soymilk-light",100,g,100,83,6.4,9.4,2.1,1.5,1,0.2,200,0,Raw,curated,Vanilla Soymilk Light
2272,Proteins,Plant Protein,Vegetarian Fillets,,"vegetarian fillets, vegetarian fillet, vegetarian filletses, vegetarian-fillets",100,g,100,247,19.6,7.7,15.3,5.2,0.7,2.4,400,0,Raw,curated,Vegetarian Fillets
2273,Proteins,Plant Protein,Vegetarian Stew,,"vegetarian stew, vegetarian stews, vegetarian-stew",100,g,100,304,42,17.3,7.4,2.7,3.1,1.2,1000,0,Raw,curated,Vegetarian Stew
2274,Proteins,Plant Protein,White Beans Canned,,"white beans canned, white-beans-canned",100,g,100,299,19,55.5,0.8,12.6,0.8,0.2,79,0,Meals / Prepared Food,curated,Green Beans
2275,Proteins,Plant Protein,White Beans Cooked,,"white beans cooked, white-beans-cooked",100,g,100,249,17.4,44.9,0.6,11.3,0.6,0.2,45,0,Meals / Prepared Food,curated,Green Beans
2276,Proteins,Plant Protein,Winged Beans Cooked,,"winged beans cooked, winged-beans-cooked",100,g,100,253,18.3,25.7,10,0,0,1.4,400,0,Meals / Prepared Food,curated,Green Beans
2277,Proteins,Plant Protein,Winged Beans Raw,,"winged beans raw, winged-beans-raw",100,g,100,744,54,75.9,29.7,47.1,0,4.2,90,0,Raw,curated,Green Beans
2278,Proteins,Plant Protein,Yardlong Beans Cooked,,"yardlong beans cooked, yardlong-beans-cooked",100,g,100,202,14.2,36.1,0.8,6.5,0,0.2,59,0,Meals / Prepared Food,curated,Green Beans
2279,Proteins,Plant Protein,Yellow Beans Cooked,,"yellow beans cooked, yellow-beans-cooked",100,g,100,255,16.2,44.7,1.9,18.4,0,0.5,86,0,Meals / Prepared Food,curated,Green Beans
2280,Proteins,Plant Protein,Yellow Snap Beans Canned,,"yellow snap beans canned, yellow-snap-beans-canned",100,g,100,36,1.9,8.4,0.2,3.6,0,0.1,600,0,Meals / Prepared Food,curated,Green Beans
2281,Proteins,Plant Protein,Yellow Snap Beans Cooked,,"yellow snap beans cooked, yellow-snap-beans-cooked",100,g,100,44,2.4,9.9,0.4,4.1,4.5,0,96,0,Meals / Prepared Food,curated,Green Beans
2282,Proteins,Plant Protein,Yellow Snap Beans Raw,,"yellow snap beans raw, yellow-snap-beans-raw",100,g,100,31,1.8,7.1,0.1,3.4,0,0.1,85,0,Raw,curated,Green Beans
2283,Proteins,Poultry,Chicken Back Cooked,,"chicken back cooked, chicken-back-cooked, murgi",100,g,100,93,8,0,6.5,0,0,1.8,91,28,Meals / Prepared Food,curated,Chicken
2284,Proteins,Poultry,Chicken Back Raw,,"chicken back raw, chicken-back-raw, murgi",100,g,100,188,8.3,0,17,0,0,4.9,43,47,Raw,curated,Chicken
2285,Proteins,Poultry,Chicken Bouillon Dry,,"chicken bouillon dry, chicken bouillon dries, chicken-bouillon-dry, murgi",100,g,100,11,0.7,0.7,0.6,0,0.7,0.1,1000,0,Raw,curated,Chicken
2286,Proteins,Poultry,Chicken Box Mcdonalds,,"chicken box mcdonalds, chicken box mcdonald, chicken box mcdonaldses, chicken-box-mcdonalds, murgi",100,g,100,70,0.2,5.5,4,0,0.5,0.8,0,0,Meals / Prepared Food,curated,Chicken
2287,Proteins,Poultry,Chicken Breast Cooked,,"chicken breast cooked, chicken-breast-cooked, murgi",100,g,100,114,17.3,0,4.5,0,0,1.3,58,49,Meals / Prepared Food,curated,Chicken
2288,Proteins,Poultry,Chicken Breast Raw,,"chicken breast raw, chicken-breast-raw, murgi",100,g,100,299,36.3,0,16.1,0,0,4.6,100,111,Raw,curated,Chicken
2289,Proteins,Poultry,Chicken Chow Mein,,"chicken chow mein, chicken chow meins, chicken-chow-mein, murgi",100,g,100,513,40.8,50.1,16.9,6,10.5,3,1900,97,Raw,curated,Chicken
2290,Proteins,Poultry,Chicken Drumstick Fried,,"chicken drumstick fried, chicken-drumstick-fried, murgi, saijan",100,g,100,193,15.8,6,11.3,0.2,0,3,200,62,Meals / Prepared Food,curated,"Chicken, Drumstick"
2291,Proteins,Poultry,Chicken Drumstick Raw,,"chicken drumstick raw, chicken-drumstick-raw, murgi, saijan",100,g,100,211,23.4,0.1,12.4,0,0,3.3,100,122,Raw,curated,"Chicken, Drumstick"
2292,Proteins,Poultry,Chicken Fajita Strips,,"chicken fajita strips, chicken fajita strip, chicken fajita stripses, chicken-fajita-strips, murgi",100,g,100,13,1.7,0.2,0.5,0,0,0.2,44,8,Raw,curated,Chicken
2293,Proteins,Poultry,Chicken Fat,,"chicken fat, chicken fats, chicken-fat, murgi",100,g,100,115,0,0,12.8,0,0,3.8,0,11,Raw,curated,Chicken
2294,Proteins,Poultry,Chicken Gizzard Cooked,,"chicken gizzard cooked, chicken-gizzard-cooked, murgi",100,g,100,223,44.1,0,3.9,0,0,1,69,536,Meals / Prepared Food,curated,Chicken
2295,Proteins,Poultry,Chicken Heart Cooked,,"chicken heart cooked, chicken-heart-cooked, murgi",100,g,100,268,38.3,0.1,11.5,0,0,3.3,81,351,Meals / Prepared Food,curated,Chicken
2296,Proteins,Poultry,Chicken Leg Fried,,"chicken leg fried, chicken-leg-fried, murgi",100,g,100,431,34.4,13.8,25.5,0.5,0,6.8,400,142,Meals / Prepared Food,curated,Chicken
2297,Proteins,Poultry,Chicken Leg Raw,,"chicken leg raw, chicken-leg-raw, murgi",100,g,100,736,56.3,0.6,54.9,0,0,15,300,320,Raw,curated,Chicken
2298,Proteins,Poultry,Chicken Liver Cooked,,"chicken liver cooked, chicken-liver-cooked, murgi",100,g,100,76,11.3,0.5,2.8,0,0,0.9,79,248,Meals / Prepared Food,curated,Chicken
2299,Proteins,Poultry,Chicken Mcnuggets Mcdonalds,,"chicken mcnuggets mcdonalds, chicken mcnuggets mcdonald, chicken mcnuggets mcdonaldses, chicken-mcnuggets-mcdonalds, murgi",100,g,100,48,2.5,2.4,3.2,0,0,0.5,9,7,Meals / Prepared Food,curated,Chicken
2300,Proteins,Poultry,Chicken Neck Cooked,,"chicken neck cooked, chicken-neck-cooked, murgi",100,g,100,94,7.5,0,6.9,0,0,1.9,85,27,Meals / Prepared Food,curated,Chicken
2301,Proteins,Poultry,Chicken Neck Raw,,"chicken neck raw, chicken-neck-raw, murgi",100,g,100,149,7,0,13.1,0,0,3.6,27,50,Raw,curated,Chicken
2302,Proteins,Poultry,Chicken Patty,,"chicken patty, chicken patties, chicken-patty, murgi",100,g,100,172,8.9,7.7,11.7,0.2,0,2.2,300,26,Meals / Prepared Food,curated,Chicken
2303,Proteins,Poultry,Chicken Pork Bologna,,"chicken pork bologna, chicken pork bolognas, chicken-pork-bologna, murgi",100,g,100,94,2.9,1.2,8.6,0,0,2.8,300,24,Meals / Prepared Food,curated,"Chicken, Pork"
2304,Proteins,Poultry,Chicken Skin Roasted,,"chicken skin roasted, chicken-skin-roasted, murgi",100,g,100,508,22.8,0,45.6,0,0,12.8,28,93,Meals / Prepared Food,curated,Chicken
2305,Proteins,Poultry,Chicken Spread,,"chicken spread, chicken spreads, chicken-spread, murgi",100,g,100,88,10.1,2.3,9.8,0.2,0.3,1.8,400,31,Meals / Prepared Food,curated,Chicken
2306,Proteins,Poultry,Chicken Stock,,"chicken stock, chicken stocks, chicken-stock, murgi",100,g,238,57.9,4.8,4.4,2.2,0.1,2,0.5,179,9,Meals / Prepared Food,curated,Chicken
2307,Proteins,Poultry,Chicken Wing Cooked,,"chicken wing cooked, chicken-wing-cooked, murgi",100,g,100,52,4.8,0,3.5,0,0,1,86,15,Meals / Prepared Food,curated,Chicken
2308,Proteins,Poultry,Chicken Wing Roasted,,"chicken wing roasted, chicken-wing-roasted, murgi",100,g,100,216,20.2,0,14.3,0,0,4.2,39,120,Meals / Prepared Food,curated,Chicken
2309,Proteins,Poultry,Duck Fat,,"duck fat, duck fats, duck-fat",100,g,100,44,0,0,5,0,0,1.7,0,5,Raw,curated,Duck Fat
2310,Proteins,Poultry,Duck Liver Raw,,"duck liver raw, duck-liver-raw",100,g,100,60,8.2,1.6,2,0,0,0.6,89,227,Raw,curated,Duck Liver
2311,Proteins,Poultry,Duck Meat Cooked,,"duck meat cooked, duck-meat-cooked",100,g,100,472,26.6,0,39.7,0,0,13.5,41,118,Meals / Prepared Food,curated,Duck Meat
2312,Proteins,Poultry,Goose Fat,,"goose fat, goose fats, goose-fat",100,g,100,45,0,0,5,0,0,1.4,0,5,Raw,curated,Goose Fat
2313,Proteins,Poultry,Goose Liver,,"goose liver, goose livers, goose-liver",100,g,100,125,15.4,5.9,4,0,0,1.5,100,484,Raw,curated,Goose Liver
2314,Proteins,Poultry,Goose Meat Cooked,,"goose meat cooked, goose-meat-cooked",100,g,100,427,35.2,0,30.7,0,0,9.6,89,127,Meals / Prepared Food,curated,Goose Meat
2315,Proteins,Poultry,Ground Chicken Cooked,,"ground chicken cooked, ground-chicken-cooked, murgi",100,g,100,474,58.4,0,27.4,0,0,7.8,200,269,Meals / Prepared Food,curated,Chicken
2316,Proteins,Poultry,Ground Turkey Raw,,"ground turkey raw, ground-turkey-raw",100,g,100,169,22.4,0,8.7,0,0,2.3,47,79,Raw,curated,Turkey
2317,Proteins,Poultry,Hand Breaded Chicken Tenders Carls Jr,,"hand breaded chicken tenders carls jr, hand breaded chicken tenders carls jrs, hand-breaded-chicken-tenders-carls-jr, murgi",100,g,100,57,0,0.2,2.9,0,0,0.6,0,0,Meals / Prepared Food,curated,Chicken
2318,Proteins,Poultry,Kung Pao Chicken,,"kung pao chicken, kung pao chickens, kung-pao-chicken, murgi",100,g,100,779,59,41.5,42.2,9.1,18.3,8.2,2400,157,Raw,curated,Chicken
2319,Proteins,Poultry,Meatless Chicken,,"meatless chicken, meatless chickens, meatless-chicken, murgi",100,g,100,376,39.7,6.1,21.4,6,0,3.1,1200,0,Raw,curated,Chicken
2320,Proteins,Poultry,Meatless Chicken Fried,,"meatless chicken fried, meatless-chicken-fried, murgi",100,g,100,304,27.7,11.1,16.6,5.6,0,1.5,500,0,Meals / Prepared Food,curated,Chicken
2321,Proteins,Poultry,Pheasant Breast Raw,,"pheasant breast raw, pheasant-breast-raw",100,g,100,484,88.7,0,11.8,0,0,4,100,211,Raw,curated,Pheasant Breast
2322,Proteins,Poultry,Poultry Salad,,"poultry salad, poultry salads, poultry-salad",100,g,100,26,1.5,1,1.8,0,0,0.4,79,4,Meals / Prepared Food,curated,Poultry Salad
2323,Proteins,Poultry,Sliced Turkey Breast,,"sliced turkey breast, sliced turkey breasts, sliced-turkey-breast",100,g,100,17,2.4,0.4,0.6,0,0.1,0.1,100,8,Raw,curated,Turkey Breast
2324,Proteins,Poultry,Sweet Sour Chicken,,"sweet sour chicken, murgi, sweet sour chickens, sweet-sour-chicken",100,g,100,46,1.8,4.4,2.3,0.2,2.1,0.4,43,5,Raw,curated,Chicken
2325,Proteins,Poultry,Turkey Bacon Cooked,,"turkey bacon cooked, turkey-bacon-cooked",100,g,100,313,24.3,2.5,22.9,0,0,6.8,1900,80,Meals / Prepared Food,curated,Pork
2326,Proteins,Poultry,Turkey Bologna,,"turkey bologna, turkey bolognas, turkey-bologna",100,g,100,59,3.2,1.3,4.5,0.1,0.8,1.2,300,21,Meals / Prepared Food,curated,Turkey Bologna
2327,Proteins,Poultry,Turkey Fat,,"turkey fat, turkey fats, turkey-fat",100,g,100,45,0,0,5,0,0,1.5,0,5,Raw,curated,Turkey Fat
2328,Proteins,Poultry,Turkey Giblets Cooked,,"turkey giblets cooked, turkey-giblets-cooked",100,g,100,164,25.1,0,6.3,0,0,1.6,100,495,Meals / Prepared Food,curated,Turkey Giblets
2329,Proteins,Poultry,Turkey Gizzard Cooked,,"turkey gizzard cooked, turkey-gizzard-cooked",100,g,100,70,11.9,0,2.1,0,0,0.5,31,203,Meals / Prepared Food,curated,Turkey Gizzard
2330,Proteins,Poultry,Turkey Ham,,"turkey ham, turkey hams, turkey-ham",100,g,100,38,5.5,0.3,1.6,0,0.1,0.1,300,19,Raw,curated,Pork
2331,Proteins,Poultry,Turkey Heart Cooked,,"turkey heart cooked, turkey-heart-cooked",100,g,100,35,5,0,1.5,0,0,0.4,46,72,Meals / Prepared Food,curated,Turkey Heart
2332,Proteins,Poultry,Turkey Liver Cooked,,"turkey liver cooked, turkey-liver-cooked",100,g,100,100,14.3,0,4.3,0,0,1.2,83,343,Meals / Prepared Food,curated,Turkey Liver
2333,Proteins,Poultry,Turkey Meat Roasted,,"turkey meat roasted, turkey-meat-roasted",100,g,100,284,42.8,0,11.1,0,0,3.2,200,164,Meals / Prepared Food,curated,Turkey Meat
2334,Proteins,Poultry,Turkey Pastrami,,"turkey pastrami, turkey pastramis, turkey-pastrami",100,g,100,38,4.6,0.5,1.8,0.1,1,0.5,300,19,Meals / Prepared Food,curated,Turkey Pastrami
2335,Proteins,Poultry,Turkey Patty Fried,,"turkey patty fried, turkey-patty-fried",100,g,100,79,3.9,4.4,5,0.1,0.1,1.3,200,21,Meals / Prepared Food,curated,Turkey Patty
2336,Proteins,Poultry,Turkey Roast Roasted,,"turkey roast roasted, turkey-roast-roasted",100,g,100,209,28.8,4.1,7.8,0,0,2.6,900,72,Meals / Prepared Food,curated,Turkey Roast
2337,Proteins,Poultry,Turkey Salami Cooked,,"turkey salami cooked, turkey-salami-cooked",100,g,100,9,1,0.1,0.5,0.1,0.1,0.1,23,4,Meals / Prepared Food,curated,Turkey Salami
2338,Proteins,Poultry,Turkey Steak Fried,,"turkey steak fried, turkey-steak-fried",100,g,100,179,9.1,10.9,10.8,0,0,2.8,500,41,Meals / Prepared Food,curated,Turkey Steak
2339,Proteins,Poultry,Turkey Wing Cooked,,"turkey wing cooked, turkey-wing-cooked",100,g,100,426,50.9,0,23.1,0,0,6.3,100,151,Meals / Prepared Food,curated,Turkey Wing
2340,Proteins,Poultry,Vegetable Salad with Chicken,,"vegetable salad with chicken, murgi, vegetable salad with chickens, vegetable-salad-with-chicken",100,g,100,70,11.6,2.5,1.5,0,0,0.4,100,48,Meals / Prepared Food,curated,Chicken
2341,Proteins,Red Meat,Bacon,,"bacon, bacons",100,g,100,106,3.3,0.2,10.2,0,0.2,0,100,0,Meals / Prepared Food,curated,Pork
2342,Proteins,Red Meat,Bacon Baked,,"bacon baked, bacon-baked",100,g,100,44,2.9,0.1,3.5,0,0,1.1,200,9,Meals / Prepared Food,curated,Pork
2343,Proteins,Red Meat,Bacon Beef Steak,,"bacon beef steak, bacon beef steaks, bacon-beef-steak",100,g,100,146,8.2,0.2,12.5,0,0.2,4.5,400,29,Meals / Prepared Food,curated,"Beef, Pork"
2344,Proteins,Red Meat,Bacon Cooked,,"bacon cooked, bacon-cooked",100,g,100,43,3.5,0.1,3.1,0,0,1.1,200,10,Meals / Prepared Food,curated,Pork
2345,Proteins,Red Meat,Bacon Grease,,"bacon grease, bacon greases, bacon-grease",100,g,100,39,0,0,4.3,0,0,1.7,9,4,Meals / Prepared Food,curated,Pork
2346,Proteins,Red Meat,Bacon Meatless,,"bacon meatless, bacon meatlesses, bacon-meatless",100,g,100,446,15.4,9.1,42.5,3.7,0,6.7,2100,0,Meals / Prepared Food,curated,Pork
2347,Proteins,Red Meat,Bacon Ranch Salad Mcdonalds,,"bacon ranch salad mcdonalds, bacon ranch salad mcdonald, bacon ranch salad mcdonaldses, bacon-ranch-salad-mcdonalds",100,g,100,389,28.1,19.4,20.1,3.2,4.9,5.2,900,70,Meals / Prepared Food,curated,Pork
2348,Proteins,Red Meat,Bacon Roasted,,"bacon roasted, bacon-roasted",100,g,100,43,3,0.1,3.3,0,0,1.1,34,9,Meals / Prepared Food,curated,Pork
2349,Proteins,Red Meat,Barbecue Loaf,,"barbecue loaf, barbecue loafs, barbecue-loaf",100,g,100,40,3.6,1.5,2,0,0,0.7,300,8,Raw,curated,Barbecue Loaf
2350,Proteins,Red Meat,Beef Bologna,,"beef bologna, beef bolognas, beef-bologna",100,g,100,90,3.3,1.3,7.8,0,0.6,3.1,300,17,Meals / Prepared Food,curated,Beef
2351,Proteins,Red Meat,Beef Brain Cooked,,"beef brain cooked, beef-brain-cooked",100,g,100,688,44.1,0,55.6,0,0,13.1,600,3000,Meals / Prepared Food,curated,Beef
2352,Proteins,Red Meat,Beef Breakfast Strips Cooked,,"beef breakfast strips cooked, beef-breakfast-strips-cooked",100,g,100,51,3.5,0.2,3.9,0,0,1.6,300,13,Meals / Prepared Food,curated,Beef
2353,Proteins,Red Meat,Beef Breakfast Strips Raw,,"beef breakfast strips raw, beef-breakfast-strips-raw",100,g,100,92,2.8,0.2,8.8,0,0,3.6,200,18,Raw,curated,Beef
2354,Proteins,Red Meat,Beef Brisket Cooked,,"beef brisket cooked, beef-brisket-cooked",100,g,100,589,46,0,43.6,0,0,16.8,100,166,Meals / Prepared Food,curated,Beef
2355,Proteins,Red Meat,Beef Diced Asda,,"beef diced asda, beef diced asdas, beef-diced-asda",100,g,100,48,0,10.5,0.7,0,0.1,0.3,0,0,Raw,curated,Beef
2356,Proteins,Red Meat,Beef Empanada,,"beef empanada, beef empanadas, beef-empanada",100,g,100,298,10.1,27.8,16.3,1.8,1.6,4.6,400,23,Raw,curated,Beef
2357,Proteins,Red Meat,Beef Flank Steak Cooked,,"beef flank steak cooked, beef-flank-steak-cooked",100,g,100,380,51.8,0,17.5,0,0,7.2,68,152,Meals / Prepared Food,curated,Beef
2358,Proteins,Red Meat,Beef Flank Steak Raw,,"beef flank steak raw, beef-flank-steak-raw",100,g,100,47,6,0,2.3,0,0,1,54,19,Meals / Prepared Food,curated,Beef
2359,Proteins,Red Meat,Beef Heart Cooked,,"beef heart cooked, beef-heart-cooked",100,g,100,47,8.1,0.1,1.3,0,0,0.4,24,60,Meals / Prepared Food,curated,Beef
2360,Proteins,Red Meat,Beef Jerky,,"beef jerky, beef jerkies, beef-jerky",100,g,100,82,6.6,2.2,5.1,0.4,1.8,2.2,400,10,Meals / Prepared Food,curated,Beef
2361,Proteins,Red Meat,Beef Kidneys Cooked,,"beef kidneys cooked, beef-kidneys-cooked",100,g,100,45,7.7,0,1.3,0,0,0.3,29,203,Meals / Prepared Food,curated,Beef
2362,Proteins,Red Meat,Beef Liver Cooked,,"beef liver cooked, beef-liver-cooked",100,g,100,130,19.8,3.5,3.6,0,0,1.2,68,269,Meals / Prepared Food,curated,Beef
2363,Proteins,Red Meat,Beef Luncheon Meat Jellied,,"beef luncheon meat jellied, beef luncheon meat jellieds, beef-luncheon-meat-jellied",100,g,100,31,5.3,0,0.9,0,0,0.4,400,10,Meals / Prepared Food,curated,Beef
2364,Proteins,Red Meat,Beef Lungs Cooked,,"beef lungs cooked, beef-lungs-cooked",100,g,100,364,61.8,0,11.2,0,0,3.8,300,839,Meals / Prepared Food,curated,Beef
2365,Proteins,Red Meat,Beef Meat Canned,,"beef meat canned, beef-meat-canned",100,g,100,111,9.2,0,7.9,0,0,3.9,95,35,Meals / Prepared Food,curated,Beef
2366,Proteins,Red Meat,Beef Mince Meat Asda,,"beef mince meat asda, beef mince meat asdas, beef-mince-meat-asda",100,g,100,55,0,6.8,3.1,0,0.1,1.3,0,0,Raw,curated,Beef
2367,Proteins,Red Meat,Beef Pancreas Cooked,,"beef pancreas cooked, beef-pancreas-cooked",100,g,100,602,60.2,0,38.2,0,0,13.1,100,582,Meals / Prepared Food,curated,Beef
2368,Proteins,Red Meat,Beef Plate Steak Grilled,,"beef plate steak grilled, beef-plate-steak-grilled",100,g,100,508,47.1,0,35.6,0,0,12.9,100,178,Meals / Prepared Food,curated,Beef
2369,Proteins,Red Meat,Beef Plate Steak Raw,,"beef plate steak raw, beef-plate-steak-raw",100,g,100,617,47.8,0.9,46.8,0,0,19,200,189,Raw,curated,Beef
2370,Proteins,Red Meat,Beef Pork Bologna,,"beef pork bologna, beef pork bolognas, beef-pork-bologna",100,g,100,92,4.6,1.6,7.4,0,1.3,2.8,300,18,Meals / Prepared Food,curated,"Beef, Pork"
2371,Proteins,Red Meat,Beef Rib Roasted,,"beef rib roasted, beef-rib-roasted",100,g,100,238,15.4,0,19.1,0,0,7.7,10,57,Meals / Prepared Food,curated,Beef
2372,Proteins,Red Meat,Beef Round Steak Cooked,,"beef round steak cooked, beef-round-steak-cooked",100,g,100,385,64.8,0,12.1,0,0,4.3,11,174,Meals / Prepared Food,curated,Beef
2373,Proteins,Red Meat,Beef Salami Cooked,,"beef salami cooked, beef-salami-cooked",100,g,100,68,3.3,0.5,5.8,0,0.4,2.6,300,18,Meals / Prepared Food,curated,Beef
2374,Proteins,Red Meat,Beef Shoulder Steak Grilled,,"beef shoulder steak grilled, beef-shoulder-steak-grilled",100,g,100,155,24,0,5.8,0,0,2.5,14,69,Meals / Prepared Food,curated,Beef
2375,Proteins,Red Meat,Beef Shoulder Steak Raw,,"beef shoulder steak raw, beef-shoulder-steak-raw",100,g,100,349,48.2,0,17.3,0,0,7.5,200,165,Raw,curated,Beef
2376,Proteins,Red Meat,Beef Spleen Cooked,,"beef spleen cooked, beef-spleen-cooked",100,g,100,447,77.3,0,12.9,0,0,4.3,200,1069,Meals / Prepared Food,curated,Beef
2377,Proteins,Red Meat,Beef Stick,,"beef stick, beef sticks, beef-stick",100,g,100,110,4.3,1.1,9.9,0,0,4.2,300,27,Raw,curated,Beef
2378,Proteins,Red Meat,Beef Stock,,"beef stock, beef stocks, beef-stock",100,g,100,31,4.7,2.9,0.2,0,1.3,0,500,0,Meals / Prepared Food,curated,Beef
2379,Proteins,Red Meat,Beef Tenderloin Steak Cooked,,"beef tenderloin steak cooked, beef-tenderloin-steak-cooked",100,g,100,374,37,0,24,0,0,9.4,61,136,Meals / Prepared Food,curated,Beef
2380,Proteins,Red Meat,Beef Tenderloin Steak Raw,,"beef tenderloin steak raw, beef-tenderloin-steak-raw",100,g,100,405,32.2,0,29.8,0,0,12,32,139,Raw,curated,Beef
2381,Proteins,Red Meat,Beef Tongue Cooked,,"beef tongue cooked, beef-tongue-cooked",100,g,100,80,5.5,0,6.3,0,0,2.3,29,37,Meals / Prepared Food,curated,Beef
2382,Proteins,Red Meat,Beef Top Blade Cooked,,"beef top blade cooked, beef-top-blade-cooked",100,g,100,184,21.9,0,10,0,0,3.3,2,52,Meals / Prepared Food,curated,Beef
2383,Proteins,Red Meat,Beef Top Loin Filet Grilled,,"beef top loin filet grilled, beef-top-loin-filet-grilled",100,g,100,323,37,0.8,19,0,0,6.5,100,116,Meals / Prepared Food,curated,Beef
2384,Proteins,Red Meat,Beef Top Sirloin Steak Cooked,,"beef top sirloin steak cooked, beef-top-sirloin-steak-cooked",100,g,100,430,47.7,0,25.2,0,0,9.9,55,163,Meals / Prepared Food,curated,Beef
2385,Proteins,Red Meat,Beef Tripe Cooked,,"beef tripe cooked, beef-tripe-cooked",100,g,100,80,10,1.7,3.4,0,0,1.2,45,134,Meals / Prepared Food,curated,Beef
2386,Proteins,Red Meat,Boston Butt Steak Cooked,,"boston butt steak cooked, boston-butt-steak-cooked",100,g,100,494,46.4,0,32.7,0,0,12.2,100,181,Meals / Prepared Food,curated,Boston Butt Steak
2387,Proteins,Red Meat,Boston Butt Steak Raw,,"boston butt steak raw, boston-butt-steak-raw",100,g,100,844,79,0,56.1,0,0,19.7,300,281,Raw,curated,Boston Butt Steak
2388,Proteins,Red Meat,Canadian Style Bacon Grilled,,"canadian style bacon grilled, canadian-style-bacon-grilled",100,g,100,43,5.7,0.3,2,0,0,0.7,400,14,Meals / Prepared Food,curated,Pork
2389,Proteins,Red Meat,Canadian Style Bacon Raw,,"canadian style bacon raw, canadian-style-bacon-raw",100,g,100,45,5.9,0.5,2,0,0,0.6,300,14,Meals / Prepared Food,curated,Pork
2390,Proteins,Red Meat,Chimichanga with Beef,,"chimichanga with beef, chimichanga with beefs, chimichanga-with-beef",100,g,100,425,19.6,42.8,19.7,0,0,8.5,900,9,Meals / Prepared Food,curated,Beef
2391,Proteins,Red Meat,Chopped Ham,,"chopped ham, chopped hams, chopped-ham",100,g,100,50,4.6,1.2,2.9,0,0,1,300,16,Raw,curated,Pork
2392,Proteins,Red Meat,Chuck Blade Roast Cooked,,"chuck blade roast cooked, chuck-blade-roast-cooked",100,g,100,842,66.1,0,62,0,0,24.7,200,257,Meals / Prepared Food,curated,Chuck Blade Roast
2393,Proteins,Red Meat,Chuck Eye Steak Grilled,,"chuck eye steak grilled, chuck-eye-steak-grilled",100,g,100,853,76.9,0,60.5,0,0,26.7,200,268,Meals / Prepared Food,curated,Chuck Eye Steak
2394,Proteins,Red Meat,Chuck Eye Steak Raw,,"chuck eye steak raw, chuck-eye-steak-raw",100,g,100,856,72.4,0,62.8,0,0,26.7,300,261,Raw,curated,Chuck Eye Steak
2395,Proteins,Red Meat,Corned Beef Canned,,"corned beef canned, corned-beef-canned",100,g,100,53,5.7,0,3.1,0,0,1.3,200,18,Meals / Prepared Food,curated,Beef
2396,Proteins,Red Meat,Corned Beef Cooked,,"corned beef cooked, corned-beef-cooked",100,g,100,53,3.8,0,4,0,0,1.3,200,21,Meals / Prepared Food,curated,Beef
2397,Proteins,Red Meat,Corned Beef Raw,,"corned beef raw, corned-beef-raw",100,g,100,898,66.6,0.6,67.6,0,0,21.5,5500,245,Raw,curated,Beef
2398,Proteins,Red Meat,Cured Beef Dried,,"cured beef dried, cured-beef-dried",100,g,100,4,0.9,0.1,0,0,0,0.1,49,2,Raw,curated,Beef
2399,Proteins,Red Meat,Goat Meat Raw,,"goat meat raw, goat-meat-raw",100,g,100,494,93.4,0,10.5,0,0,3.2,400,259,Raw,curated,Goat Meat
2400,Proteins,Red Meat,Ground Beef Cooked,,"ground beef cooked, ground-beef-cooked",100,g,100,375,35.5,0,24.8,0,0,10,100,122,Meals / Prepared Food,curated,Beef
2401,Proteins,Red Meat,Ground Lamb Cooked,,"ground lamb cooked, bakra, ground-lamb-cooked, mutton",100,g,100,886,77.5,0,61.5,0,0,25.4,300,304,Meals / Prepared Food,curated,Mutton/Lamb
2402,Proteins,Red Meat,Ground Lamb Raw,,"ground lamb raw, bakra, ground-lamb-raw, mutton",100,g,100,80,4.7,0,6.6,0,0,2.9,50,21,Raw,curated,Mutton/Lamb
2403,Proteins,Red Meat,Ground Pork Cooked,,"ground pork cooked, ground-pork-cooked",100,g,100,930,80.4,0,65,0,0,24.2,200,294,Meals / Prepared Food,curated,Pork
2404,Proteins,Red Meat,Ground Pork Raw,,"ground pork raw, ground-pork-raw",100,g,100,329,21.1,0,26.5,0,0,9.8,33,90,Raw,curated,Pork
2405,Proteins,Red Meat,Ground Veal Cooked,,"ground veal cooked, ground-veal-cooked",100,g,100,514,72.9,0,22.6,0,0,9.1,200,308,Meals / Prepared Food,curated,Veal
2406,Proteins,Red Meat,Ground Veal Raw,,"ground veal raw, ground-veal-raw",100,g,100,41,5.5,0,1.9,0,0,0.8,29,23,Raw,curated,Veal
2407,Proteins,Red Meat,Ham,,"ham, hams",100,g,100,46,4.6,1,2.5,0.4,0.3,0.1,200,16,Raw,curated,Pork
2408,Proteins,Red Meat,Ham Extra Lean,,"ham extra lean, ham extra leans, ham-extra-lean",100,g,100,45,5.1,0.6,2.3,0,0,0.8,400,15,Meals / Prepared Food,curated,Pork
2409,Proteins,Red Meat,Ham Patties,,"ham patties, ham pattieses, ham patty, ham-patties",100,g,100,205,8.3,1.1,18.3,0,0,6.6,700,46,Meals / Prepared Food,curated,Pork
2410,Proteins,Red Meat,Ham Patties Grilled,,"ham patties grilled, ham-patties-grilled",100,g,100,205,8,1,18.5,0,0,6.7,600,43,Meals / Prepared Food,curated,Pork
2411,Proteins,Red Meat,Ham Raw,,"ham raw, ham-raw",100,g,100,266,23.8,0,18.2,0,0,6,1500,55,Meals / Prepared Food,curated,Pork
2412,Proteins,Red Meat,Ham Roasted,,"ham roasted, ham-roasted",100,g,100,316,28.7,0.6,21.3,0,0,7.1,1300,87,Meals / Prepared Food,curated,Pork
2413,Proteins,Red Meat,Ham Salad,,"ham salad, ham salads, ham-salad",100,g,100,97,3.9,4.8,7,0,0,2.3,500,17,Meals / Prepared Food,curated,Pork
2414,Proteins,Red Meat,Ham Steak,,"ham steak, ham steaks, ham-steak",100,g,100,70,11.1,0,2.4,0,0,0.8,700,26,Meals / Prepared Food,curated,Pork
2415,Proteins,Red Meat,Italian Salami,,"italian salami, italian salamis, italian-salami",100,g,100,43,2.2,0.1,3.7,0,0.1,1.3,200,8,Meals / Prepared Food,curated,Italian Salami
2416,Proteins,Red Meat,Lamb Brain Cooked,,"lamb brain cooked, bakra, lamb-brain-cooked, mutton",100,g,100,503,43.5,0,35.3,0,0,9,500,3000,Meals / Prepared Food,curated,Mutton/Lamb
2417,Proteins,Red Meat,Lamb Foreshank Cooked,,"lamb foreshank cooked, bakra, lamb-foreshank-cooked, mutton",100,g,100,360,42,0,19.9,0,0,8.3,100,157,Meals / Prepared Food,curated,Mutton/Lamb
2418,Proteins,Red Meat,Lamb Foreshank Raw,,"lamb foreshank raw, bakra, lamb-foreshank-raw, mutton",100,g,100,912,85.8,0,60.7,0,0,26.4,300,327,Raw,curated,Mutton/Lamb
2419,Proteins,Red Meat,Lamb Heart Cooked,,"lamb heart cooked, bakra, lamb-heart-cooked, mutton",100,g,100,353,47.7,3.7,15.1,0,0,6,100,476,Meals / Prepared Food,curated,Mutton/Lamb
2420,Proteins,Red Meat,Lamb Kidneys Cooked,,"lamb kidneys cooked, bakra, lamb-kidneys-cooked, mutton",100,g,100,349,60.3,2.5,9.2,0,0,3.1,400,1441,Meals / Prepared Food,curated,Mutton/Lamb
2421,Proteins,Red Meat,Lamb Leg Cooked,,"lamb leg cooked, bakra, lamb-leg-cooked, mutton",100,g,100,684,67.7,0,43.7,0,0,18.3,200,246,Meals / Prepared Food,curated,Mutton/Lamb
2422,Proteins,Red Meat,Lamb Loin Cooked,,"lamb loin cooked, bakra, lamb-loin-cooked, mutton",100,g,100,202,16.1,0,14.8,0,0,6.3,89,64,Meals / Prepared Food,curated,Mutton/Lamb
2423,Proteins,Red Meat,Lamb Loin Raw,,"lamb loin raw, bakra, lamb-loin-raw, mutton",100,g,100,88,4.6,0,7.5,0,0,3.3,3,21,Raw,curated,Mutton/Lamb
2424,Proteins,Red Meat,Lamb Lungs Cooked,,"lamb lungs cooked, bakra, lamb-lungs-cooked, mutton",100,g,100,431,75.7,0,11.8,0,0,4,300,1082,Meals / Prepared Food,curated,Mutton/Lamb
2425,Proteins,Red Meat,Lamb Meat Cooked,,"lamb meat cooked, bakra, lamb-meat-cooked, mutton",100,g,100,678,63.8,0,45,0,0,18.6,200,240,Meals / Prepared Food,curated,Mutton/Lamb
2426,Proteins,Red Meat,Lamb Pancreas Cooked,,"lamb pancreas cooked, bakra, lamb-pancreas-cooked, mutton",100,g,100,541,52.7,0,34.9,0,0,15.8,100,924,Meals / Prepared Food,curated,Mutton/Lamb
2427,Proteins,Red Meat,Lamb Rib Cooked,,"lamb rib cooked, bakra, lamb-rib-cooked, mutton",100,g,100,915,53.9,0,76,0,0,32.6,200,247,Meals / Prepared Food,curated,Mutton/Lamb
2428,Proteins,Red Meat,Lamb Shank Raw,,"lamb shank raw, bakra, lamb-shank-raw, mutton",100,g,100,912,84.3,0,61.2,0,0,26.3,300,304,Raw,curated,Mutton/Lamb
2429,Proteins,Red Meat,Lamb Shank Roasted,,"lamb shank roasted, bakra, lamb-shank-roasted, mutton",100,g,100,605,71,0,33.5,0,0,13.7,200,242,Meals / Prepared Food,curated,Mutton/Lamb
2430,Proteins,Red Meat,Lamb Shoulder Cooked,,"lamb shoulder cooked, bakra, lamb-shoulder-cooked, mutton",100,g,100,750,62.5,0,53.5,0,0,22.5,200,253,Meals / Prepared Food,curated,Mutton/Lamb
2431,Proteins,Red Meat,Lamb Sirloin Cooked,,"lamb sirloin cooked, bakra, lamb-sirloin-cooked, mutton",100,g,100,765,64.5,0,54.2,0,0,22.9,200,254,Meals / Prepared Food,curated,Mutton/Lamb
2432,Proteins,Red Meat,Lamb Tongue Cooked,,"lamb tongue cooked, bakra, lamb-tongue-cooked, mutton",100,g,100,701,55,0,51.7,0,0,20,200,482,Meals / Prepared Food,curated,Mutton/Lamb
2433,Proteins,Red Meat,Lamp Spleen Cooked,,"lamp spleen cooked, lamp-spleen-cooked",100,g,100,460,78.1,0,14.1,0,0,4.7,200,1136,Meals / Prepared Food,curated,Lamp Spleen
2434,Proteins,Red Meat,Lebanon Bologna,,"lebanon bologna, lebanon bolognas, lebanon-bologna",100,g,100,98,10.8,0.3,6,0,0,1.6,800,31,Meals / Prepared Food,curated,Lebanon Bologna
2435,Proteins,Red Meat,Luncheon Meat Beef,,"luncheon meat beef, luncheon meat beefs, luncheon-meat-beef",100,g,100,10,1.8,0,0.3,0,0,0.1,100,3,Meals / Prepared Food,curated,Beef
2436,Proteins,Red Meat,Luncheon Meat Pork Beef,,"luncheon meat pork beef, luncheon meat pork beefs, luncheon-meat-pork-beef",100,g,100,99,3.5,0.7,9,0,0,3.2,400,15,Meals / Prepared Food,curated,"Beef, Pork"
2437,Proteins,Red Meat,Luxury Loaf,,"luxury loaf, luxury loafs, luxury-loaf",100,g,100,39,5.2,1.4,1.3,0,0,0.4,300,10,Raw,curated,Luxury Loaf
2438,Proteins,Red Meat,Meat Extender,,"meat extender, meat extenders, meat-extender",100,g,100,275,33.5,33.7,2.6,15.4,0,0.4,41,0,Raw,curated,Meat Extender
2439,Proteins,Red Meat,Meat Ravioli Canned,,"meat ravioli canned, meat-ravioli-canned",100,g,100,259,8.9,36,8.9,4.2,6.3,3.7,900,13,Meals / Prepared Food,curated,Meat Ravioli
2440,Proteins,Red Meat,Minced Ham,,"minced ham, minced hams, minced-ham",100,g,100,55,3.4,0.4,4.3,0,0,1.5,300,15,Raw,curated,Pork
2441,Proteins,Red Meat,Mock Tender Steak Cooked,,"mock tender steak cooked, mock-tender-steak-cooked",100,g,100,137,21.9,0,4.9,0,0,1.5,28,55,Meals / Prepared Food,curated,Mock Tender Steak
2442,Proteins,Red Meat,Mock Tender Steak Raw,,"mock tender steak raw, mock-tender-steak-raw",100,g,100,244,42.2,0,8.3,0,0,3.6,200,133,Raw,curated,Mock Tender Steak
2443,Proteins,Red Meat,Mortadella,,"mortadella, mortadellas",100,g,100,47,2.5,0.5,3.8,0,0,1.4,200,8,Raw,curated,Mortadella
2444,Proteins,Red Meat,Mozzarella Steak Fried,,"mozzarella steak fried, mozzarella-steak-fried",100,g,100,102,4.6,7.7,5.9,0.6,0.7,2.2,200,10,Meals / Prepared Food,curated,Mozzarella Steak
2445,Proteins,Red Meat,Mutton Cooked,,"mutton cooked, bakra, mutton, mutton-cooked",100,g,100,66,9.5,0,3.1,0,0,1.5,70,31,Meals / Prepared Food,curated,Mutton/Lamb
2446,Proteins,Red Meat,Pastrami Beef,,"pastrami beef, pastrami beefs, pastrami-beef",100,g,100,104,15.5,0.3,4.1,0,0.1,1.9,800,48,Meals / Prepared Food,curated,Beef
2447,Proteins,Red Meat,Pastrami Beef Fat Free,,"pastrami beef fat free, pastrami beef fat frees, pastrami-beef-fat-free",100,g,100,9,1.9,0.1,0.1,0,0,0,5,4,Meals / Prepared Food,curated,Beef
2448,Proteins,Red Meat,Peppered Loaf,,"peppered loaf, peppered loafs, peppered-loaf",100,g,100,42,4.9,1.3,1.8,0,1.3,0.6,200,13,Raw,curated,Peppered Loaf
2449,Proteins,Red Meat,Picnic Loaf,,"picnic loaf, picnic loafs, picnic-loaf",100,g,100,65,4.2,1.3,4.7,0,0,1.7,300,11,Raw,curated,Picnic Loaf
2450,Proteins,Red Meat,Pork Beef Salami,,"pork beef salami, pork beef salamis, pork-beef-salami",100,g,100,37,2.1,0.1,3.1,0,0,1.1,200,11,Meals / Prepared Food,curated,"Beef, Pork"
2451,Proteins,Red Meat,Pork Beef Salami Cooked,,"pork beef salami cooked, pork-beef-salami-cooked",100,g,100,41,2.7,0.3,3.2,0,0.1,1.1,200,11,Meals / Prepared Food,curated,"Beef, Pork"
2452,Proteins,Red Meat,Pork Blade Chops Cooked,,"pork blade chops cooked, pork-blade-chops-cooked",100,g,100,265,32.4,1.1,14.6,0,0,4.3,72,101,Meals / Prepared Food,curated,Pork
2453,Proteins,Red Meat,Pork Blade Chops Raw,,"pork blade chops raw, pork-blade-chops-raw",100,g,100,376,55.8,0,15.4,0,0,5.2,200,155,Raw,curated,Pork
2454,Proteins,Red Meat,Pork Blade Steak Braised,,"pork blade steak braised, pork blade steak braiseds, pork-blade-steak-braised",100,g,100,694,68.2,0.1,44.7,0,0,16.6,400,256,Meals / Prepared Food,curated,Pork
2455,Proteins,Red Meat,Pork Blade Steak Raw,,"pork blade steak raw, pork-blade-steak-raw",100,g,100,664,67.6,0.6,43.7,0,0,15.4,600,244,Raw,curated,Pork
2456,Proteins,Red Meat,Pork Bologna,,"pork bologna, pork bolognas, pork-bologna",100,g,100,69,4.3,0.2,5.6,0,0,1.9,300,16,Meals / Prepared Food,curated,Pork
2457,Proteins,Red Meat,Pork Boston Roast Cooked,,"pork boston roast cooked, pork-boston-roast-cooked",100,g,100,705,60.5,0,49.4,0,0,18.3,200,225,Meals / Prepared Food,curated,Pork
2458,Proteins,Red Meat,Pork Boston Steaks Cooked,,"pork boston steaks cooked, pork-boston-steaks-cooked",100,g,100,438,43.2,0,28.1,0,0,10.1,100,161,Meals / Prepared Food,curated,Pork
2459,Proteins,Red Meat,Pork Brain Cooked,,"pork brain cooked, pork-brain-cooked",100,g,100,527,46.4,0,36.3,0,0,8.2,300,3000,Meals / Prepared Food,curated,Pork
2460,Proteins,Red Meat,Pork Breakfast Strips Cooked,,"pork breakfast strips cooked, pork-breakfast-strips-cooked",100,g,100,52,3.3,0.1,4.1,0,0,1.4,200,12,Meals / Prepared Food,curated,Pork
2461,Proteins,Red Meat,Pork Breakfast Strips Raw,,"pork breakfast strips raw, pork-breakfast-strips-raw",100,g,100,88,2.7,0.2,8.4,0,0,2.9,200,16,Raw,curated,Pork
2462,Proteins,Red Meat,Pork Centre Loin Chops Cooked,,"pork centre loin chops cooked, pork-centre-loin-chops-cooked",100,g,100,328,40.2,0,17.4,0,0,5.5,65,132,Meals / Prepared Food,curated,Pork
2463,Proteins,Red Meat,Pork Centre Loin Chops Raw,,"pork centre loin chops raw, pork-centre-loin-chops-raw",100,g,100,338,41.2,0,18,0,0,6,100,137,Raw,curated,Pork
2464,Proteins,Red Meat,Pork Centre Rib Roasts Raw,,"pork centre rib roasts raw, pork-centre-rib-roasts-raw",100,g,100,275,44,0,9.7,0,0,3.3,100,113,Raw,curated,Pork
2465,Proteins,Red Meat,Pork Chitterlings Cooked,,"pork chitterlings cooked, pork-chitterlings-cooked",100,g,100,66,3.5,0,5.8,0,0,2.7,78,78,Meals / Prepared Food,curated,Pork
2466,Proteins,Red Meat,Pork Country Style Ribs Cooked,,"pork country style ribs cooked, pork-country-style-ribs-cooked",100,g,100,235,22.8,0,15.2,0,0,5.4,49,89,Meals / Prepared Food,curated,Pork
2467,Proteins,Red Meat,Pork Country Style Ribs Raw,,"pork country style ribs raw, pork-country-style-ribs-raw",100,g,100,242,24.8,0,15.1,0,0,3,61,95,Raw,curated,Pork
2468,Proteins,Red Meat,Pork Ears Cooked,,"pork ears cooked, pork-ears-cooked",100,g,100,184,17.7,0.2,12,0,0,4.3,200,100,Meals / Prepared Food,curated,Pork
2469,Proteins,Red Meat,Pork Feet Cooked,,"pork feet cooked, pork-feet-cooked",100,g,100,67,6.2,0,4.5,0,0,1.2,46,30,Meals / Prepared Food,curated,Pork
2470,Proteins,Red Meat,Pork Heart Cooked,,"pork heart cooked, pork-heart-cooked",100,g,100,215,34.2,0.6,7.3,0,0,1.9,53,320,Meals / Prepared Food,curated,Pork
2471,Proteins,Red Meat,Pork Kidneys Cooked,,"pork kidneys cooked, pork-kidneys-cooked",100,g,100,211,35.6,0,6.6,0,0,2.1,100,672,Meals / Prepared Food,curated,Pork
2472,Proteins,Red Meat,Pork Leg Cap Steak Cooked,,"pork leg cap steak cooked, pork-leg-cap-steak-cooked",100,g,100,307,53.5,0,8.6,0,0,2.6,100,157,Meals / Prepared Food,curated,Pork
2473,Proteins,Red Meat,Pork Leg Cap Steak Raw,,"pork leg cap steak raw, pork-leg-cap-steak-raw",100,g,100,284,50,0,7.8,0,0,2.7,200,146,Raw,curated,Pork
2474,Proteins,Red Meat,Pork Liver Cooked,,"pork liver cooked, pork-liver-cooked",100,g,100,584,92.1,13.3,15.6,0,0,5,200,1257,Meals / Prepared Food,curated,Pork
2475,Proteins,Red Meat,Pork Loin Cooked,,"pork loin cooked, pork-loin-cooked",100,g,100,213,24.2,0,12.1,0,0,4.5,77,71,Meals / Prepared Food,curated,Pork
2476,Proteins,Red Meat,Pork Loin Raw,,"pork loin raw, pork-loin-raw",100,g,100,232,23.1,0,14.7,0,0,5.1,3,74,Raw,curated,Pork
2477,Proteins,Red Meat,Pork Lungs Cooked,,"pork lungs cooked, pork-lungs-cooked",100,g,100,297,49.8,0,9.3,0,0,3.3,200,1161,Meals / Prepared Food,curated,Pork
2478,Proteins,Red Meat,Pork Meat Cooked,,"pork meat cooked, pork-meat-cooked",100,g,100,283,14.1,0,14.1,0,0,4.4,700,113,Meals / Prepared Food,curated,Pork
2479,Proteins,Red Meat,Pork Meat Raw,,"pork meat raw, pork-meat-raw",100,g,100,179,2.6,0,18.6,0,0,6.2,21,20,Raw,curated,Pork
2480,Proteins,Red Meat,Pork Olive Loaf,,"pork olive loaf, pork olive loafs, pork-olive-loaf",100,g,100,66,3.3,2.6,4.6,0,0,1.6,300,11,Raw,curated,Pork
2481,Proteins,Red Meat,Pork Pancreas Cooked,,"pork pancreas cooked, pork-pancreas-cooked",100,g,100,537,69.8,0,26.5,0,0,9.1,100,772,Meals / Prepared Food,curated,Pork
2482,Proteins,Red Meat,Pork Salami,,"pork salami, pork salamis, pork-salami",100,g,100,41,2.3,0.2,3.4,0,0,1.2,200,8,Meals / Prepared Food,curated,Pork
2483,Proteins,Red Meat,Pork Shoulder Cooked,,"pork shoulder cooked, pork-shoulder-cooked",100,g,100,394,31.4,0,28.9,0,0,10.6,1,122,Meals / Prepared Food,curated,Pork
2484,Proteins,Red Meat,Pork Sirloin Chops Cooked,,"pork sirloin chops cooked, pork-sirloin-chops-cooked",100,g,100,140,23.3,0,4.5,0,0,1.5,1,66,Meals / Prepared Food,curated,Pork
2485,Proteins,Red Meat,Pork Skin,,"pork skin, pork skins, pork-skin",100,g,100,154,17.3,0,8.9,0,0,3.2,500,27,Raw,curated,Pork
2486,Proteins,Red Meat,Pork Spareribs Cooked,,"pork spareribs cooked, pork-spareribs-cooked",100,g,100,703,51.4,0,53.6,0,0,19.7,200,214,Meals / Prepared Food,curated,Pork
2487,Proteins,Red Meat,Pork Splean Cooked,,"pork splean cooked, pork-splean-cooked",100,g,100,446,84.3,0,9.6,0,0,3.2,300,1507,Meals / Prepared Food,curated,Pork
2488,Proteins,Red Meat,Pork Stomach Cooked,,"pork stomach cooked, pork-stomach-cooked",100,g,100,44,6.1,0,2.1,0,0,0.8,35,89,Meals / Prepared Food,curated,Pork
2489,Proteins,Red Meat,Pork Tenderloin Cooked,,"pork tenderloin cooked, pork-tenderloin-cooked",100,g,100,153,22.7,0,6.2,0,0,2.2,91,71,Meals / Prepared Food,curated,Pork
2490,Proteins,Red Meat,Pork Tongue Cooked,,"pork tongue cooked, pork-tongue-cooked",100,g,100,626,55.7,0,43,0,0,14.9,300,337,Meals / Prepared Food,curated,Pork
2491,Proteins,Red Meat,Pork Top Loin Chops Cooked,,"pork top loin chops cooked, pork-top-loin-chops-cooked",100,g,100,270,39.4,0,11.2,0,0,4.3,64,97,Meals / Prepared Food,curated,Pork
2492,Proteins,Red Meat,Pork Top Loin Chops Raw,,"pork top loin chops raw, pork-top-loin-chops-raw",100,g,100,287,39.9,0,12.8,0,0,4.5,99,124,Raw,curated,Pork
2493,Proteins,Red Meat,Porterhouse Steak Cooked,,"porterhouse steak cooked, porterhouse-steak-cooked",100,g,100,235,20.4,0,16.4,0,0,6.2,85,57,Meals / Prepared Food,curated,Porterhouse Steak
2494,Proteins,Red Meat,Rib Eye Steak Grilled,,"rib eye steak grilled, rib-eye-steak-grilled",100,g,100,680,62.4,0,47.7,0,0,21.2,100,196,Meals / Prepared Food,curated,Rib Eye Steak
2495,Proteins,Red Meat,Rib Eye Steak Raw,,"rib eye steak raw, rib-eye-steak-raw",100,g,100,743,62.8,0.4,54.5,0,0,24,200,222,Raw,curated,Rib Eye Steak
2496,Proteins,Red Meat,Salt Pork Raw,,"salt pork raw, salt-pork-raw",100,g,100,212,1.4,0,22.8,0,0,8.3,800,24,Raw,curated,Pork
2497,Proteins,Red Meat,Sausage Mcgriddles Mcdonalds,,"sausage mcgriddles mcdonalds, sausage mcgriddles mcdonald, sausage mcgriddles mcdonaldses, sausage-mcgriddles-mcdonalds",100,g,100,421,11.4,42.2,24,1.4,15.2,7.3,1000,32,Meals / Prepared Food,curated,Pork
2498,Proteins,Red Meat,Sausage Mcmuffin Mcdonalds,,"sausage mcmuffin mcdonalds, sausage mcmuffin mcdonald, sausage mcmuffin mcdonaldses, sausage-mcmuffin-mcdonalds",100,g,100,383,14.6,28.2,24.2,1.6,2.2,8.3,800,45,Meals / Prepared Food,curated,Pork
2499,Proteins,Red Meat,Sausage Patty Mcdonalds,,"sausage patty mcdonalds, sausage patty mcdonald, sausage patty mcdonaldses, sausage-patty-mcdonalds",100,g,100,115,4.3,0.4,11.2,0,0.1,3.6,200,21,Meals / Prepared Food,curated,Pork
2500,Proteins,Red Meat,Scrapple,,"scrapple, scrapples",100,g,100,60,2.3,4,3.9,0.1,0.1,1.3,100,14,Raw,curated,Scrapple
2501,Proteins,Red Meat,Sirloin Steak,,"sirloin steak, sirloin steaks, sirloin-steak",100,g,100,324,49.5,0,14.1,0,0,5.2,600,144,Raw,curated,Sirloin Steak
2502,Proteins,Red Meat,Squab Meat Raw,,"squab meat raw, squab-meat-raw",100,g,100,585,36.8,0,47.4,0,0,16.8,100,189,Raw,curated,Squab Meat
2503,Proteins,Red Meat,Sweet Sour Pork,,"sweet sour pork, sweet sour porks, sweet-sour-pork",100,g,100,38,1.2,3.3,2.2,0.1,1.4,0.4,3,3,Raw,curated,Pork
2504,Proteins,Red Meat,Veal Brain Cooked,,"veal brain cooked, veal-brain-cooked",100,g,100,461,38.9,0,32.6,0,0,7.4,500,3000,Meals / Prepared Food,curated,Veal Brain
2505,Proteins,Red Meat,Veal Breast Cooked,,"veal breast cooked, veal-breast-cooked",100,g,100,753,76.3,0,47.5,0,0,18.5,200,320,Meals / Prepared Food,curated,Veal Breast
2506,Proteins,Red Meat,Veal Breast Raw,,"veal breast raw, veal-breast-raw",100,g,100,943,79.2,0,66.9,0,0,26.7,300,322,Raw,curated,Veal Breast
2507,Proteins,Red Meat,Veal Heart Cooked,,"veal heart cooked, veal-heart-cooked",100,g,100,368,57.7,0.3,13.4,0,0,3.6,100,348,Meals / Prepared Food,curated,Veal Heart
2508,Proteins,Red Meat,Veal Kidneys Cooked,,"veal kidneys cooked, veal-kidneys-cooked",100,g,100,300,48.4,0,10.4,0,0,3.2,200,1455,Meals / Prepared Food,curated,Veal Kidneys
2509,Proteins,Red Meat,Veal Leg Round Cooked,,"veal leg round cooked, veal-leg-round-cooked",100,g,100,574,98.4,0,17.2,0,0,6.9,200,364,Meals / Prepared Food,curated,Veal Leg Round
2510,Proteins,Red Meat,Veal Leg Round Raw,,"veal leg round raw, veal-leg-round-raw",100,g,100,531,95.2,0,14,0,0,5.4,300,354,Raw,curated,Veal Leg Round
2511,Proteins,Red Meat,Veal Liver Cooked,,"veal liver cooked, veal-liver-cooked",100,g,100,154,22.7,3,5,0,0,1.6,46,409,Meals / Prepared Food,curated,Veal Liver
2512,Proteins,Red Meat,Veal Loin Cooked,,"veal loin cooked, veal-loin-cooked",100,g,100,80,8.5,0,4.9,0,0,1.9,1,33,Meals / Prepared Food,curated,Veal Loin
2513,Proteins,Red Meat,Veal Loin Raw,,"veal loin raw, veal-loin-raw",100,g,100,46,5.3,0,2.6,0,0,1.1,79,22,Raw,curated,Veal Loin
2514,Proteins,Red Meat,Veal Lungs Cooked,,"veal lungs cooked, veal-lungs-cooked",100,g,100,312,56.2,0,7.9,0,0,2.7,200,789,Meals / Prepared Food,curated,Veal Lungs
2515,Proteins,Red Meat,Veal Meat Cooked,,"veal meat cooked, veal-meat-cooked",100,g,100,483,62.9,0,23.8,0,0,8.9,200,238,Meals / Prepared Food,curated,Veal Meat
2516,Proteins,Red Meat,Veal Meat Raw,,"veal meat raw, veal-meat-raw",100,g,100,653,87.8,0,30.7,0,0,12.7,400,372,Raw,curated,Veal Meat
2517,Proteins,Red Meat,Veal Pancreas Cooked,,"veal pancreas cooked, veal-pancreas-cooked",100,g,100,614,69.8,0,35,0,0,12,200,0,Meals / Prepared Food,curated,Veal Pancreas
2518,Proteins,Red Meat,Veal Rib Cooked,,"veal rib cooked, veal-rib-cooked",100,g,100,444,57.4,0,22.2,0,0,8.8,200,246,Meals / Prepared Food,curated,Veal Rib
2519,Proteins,Red Meat,Veal Rib Raw,,"veal rib raw, veal-rib-raw",100,g,100,735,85.5,0,40.9,0,0,16.8,400,372,Raw,curated,Veal Rib
2520,Proteins,Red Meat,Veal Shank Cooked,,"veal shank cooked, veal-shank-cooked",100,g,100,371,61.2,0,12,0,0,4,200,241,Meals / Prepared Food,curated,Veal Shank
2521,Proteins,Red Meat,Veal Shank Raw,,"veal shank raw, veal-shank-raw",100,g,100,513,86.9,0,15.8,0,0,4.8,400,340,Raw,curated,Veal Shank
2522,Proteins,Red Meat,Veal Shoulder Cooked,,"veal shoulder cooked, veal-shoulder-cooked",100,g,100,435,61.2,0,19.4,0,0,7.2,200,241,Meals / Prepared Food,curated,Veal Shoulder
2523,Proteins,Red Meat,Veal Shoulder Raw,,"veal shoulder raw, veal-shoulder-raw",100,g,100,0,0,0,0,0,0,0,0,0,Raw,curated,Veal Shoulder
2524,Proteins,Red Meat,Veal Sirloin Cooked,,"veal sirloin cooked, veal-sirloin-cooked",100,g,100,517,64.1,0,26.9,0,0,10.6,200,221,Meals / Prepared Food,curated,Veal Sirloin
2525,Proteins,Red Meat,Veal Sirloin Raw,,"veal sirloin raw, veal-sirloin-raw",100,g,100,689,86.5,0,35.4,0,0,15.2,300,354,Raw,curated,Veal Sirloin
2526,Proteins,Red Meat,Veal Spleen Cooked,,"veal spleen cooked, veal-spleen-cooked",100,g,100,445,83.1,0,10,0,0,3.3,200,1542,Meals / Prepared Food,curated,Veal Spleen
2527,Proteins,Red Meat,Veal Thymus Cooked,,"veal thymus cooked, veal-thymus-cooked",100,g,100,35,6.4,0,0.9,0,0,0.3,36,99,Meals / Prepared Food,curated,Veal Thymus
2528,Proteins,Red Meat,Veal Tongue Cooked,,"veal tongue cooked, veal-tongue-cooked",100,g,100,515,65.9,0,25.8,0,0,11.1,200,607,Meals / Prepared Food,curated,Veal Tongue
2529,Proteins,Red Meat,Yachtwurst Cooked,,"yachtwurst cooked, yachtwurst-cooked",100,g,100,150,8.3,0.8,12.7,0,0,4.4,500,36,Meals / Prepared Food,curated,Yachtwurst
2530,Proteins,Seafood,Abalone,,"abalone, abalones",100,g,100,89,14.5,5.1,0.6,0,0,0.1,300,72,Raw,curated,Abalone
2531,Proteins,Seafood,Alaska King Crab Cooked,,"alaska king crab cooked, alaska-king-crab-cooked",100,g,100,130,25.9,0,2.1,0,0,0.2,1400,71,Meals / Prepared Food,curated,Crab
2532,Proteins,Seafood,Alaska King Crab Raw,,"alaska king crab raw, alaska-king-crab-raw",100,g,100,144,31.5,0,1,0,0,0.2,1400,72,Raw,curated,Crab
2533,Proteins,Seafood,American Shad Cooked,,"american shad cooked, american-shad-cooked",100,g,100,363,31.3,0,25.4,0,0,0,43,138,Meals / Prepared Food,curated,American Shad
2534,Proteins,Seafood,American Shad Raw,,"american shad raw, american-shad-raw",100,g,100,362,31.2,0,25.3,0,0,5.8,1,138,Raw,curated,American Shad
2535,Proteins,Seafood,Anchovy Raw,,"anchovy raw, anchovy-raw",100,g,100,37,5.8,0,1.4,0,0,0.4,12,17,Raw,curated,Anchovy
2536,Proteins,Seafood,Atlantic Croaker Fried,,"atlantic croaker fried, atlantic-croaker-fried",100,g,100,192,15.8,6.6,11,0.3,0,3,300,73,Meals / Prepared Food,curated,Atlantic Croaker
2537,Proteins,Seafood,Atlantic Croaker Raw,,"atlantic croaker raw, atlantic-croaker-raw",100,g,100,82,14,0,2.5,0,0,0.9,14,48,Raw,curated,Atlantic Croaker
2538,Proteins,Seafood,Bass Cooked,,"bass cooked, bass-cooked",100,g,100,91,15,0,2.9,0,0,0.6,78,54,Meals / Prepared Food,curated,Bass
2539,Proteins,Seafood,Bass Raw,,"bass raw, bass-raw",100,g,100,90,14.9,0,2.9,0,0,0.6,55,54,Raw,curated,Bass
2540,Proteins,Seafood,Black Turtle Beans Cooked,,"black turtle beans cooked, black-turtle-beans-cooked",100,g,100,241,15.1,45,0.6,15.4,0.6,0.2,60,0,Meals / Prepared Food,curated,Green Beans
2541,Proteins,Seafood,Blue Crab Cooked,,"blue crab cooked, blue-crab-cooked",100,g,100,71,15.2,0,0.6,0,0,0.2,300,82,Meals / Prepared Food,curated,Crab
2542,Proteins,Seafood,Blue Crab Raw,,"blue crab raw, blue-crab-raw",100,g,100,18,3.8,0,0.2,0,0,0.1,79,16,Raw,curated,Crab
2543,Proteins,Seafood,Blue Mussels Cooked,,"blue mussels cooked, blue-mussels-cooked",100,g,100,344,47.6,14.8,9,0,0,1.7,700,112,Meals / Prepared Food,curated,Blue Mussels
2544,Proteins,Seafood,Blue Mussels Raw,,"blue mussels raw, blue-mussels-raw",100,g,100,129,17.9,5.5,3.4,0,0,0.6,400,42,Raw,curated,Blue Mussels
2545,Proteins,Seafood,Bluefin Tuna Cooked,,"bluefin tuna cooked, bluefin-tuna-cooked",100,g,100,276,44.9,0,9.4,0,0,2.4,20,74,Meals / Prepared Food,curated,Fish
2546,Proteins,Seafood,Bluefin Tuna Raw,,"bluefin tuna raw, bluefin-tuna-raw",100,g,100,41,6.6,0,1.4,0,0,0.4,13,11,Raw,curated,Fish
2547,Proteins,Seafood,Bluefish Cooked,,"bluefish cooked, bluefish-cooked",100,g,100,186,30.1,0,6.4,0,0,1.4,45,89,Meals / Prepared Food,curated,Bluefish
2548,Proteins,Seafood,Bluefish Raw,,"bluefish raw, bluefish-raw",100,g,100,186,30.1,0,6.4,0,0,1.4,28,88,Raw,curated,Bluefish
2549,Proteins,Seafood,Burbot Cooked,,"burbot cooked, burbot-cooked",100,g,100,104,22.3,0,0.9,0,0,0.2,100,69,Meals / Prepared Food,curated,Burbot
2550,Proteins,Seafood,Burbot Raw,,"burbot raw, burbot-raw",100,g,100,104,22.4,0,0.9,0,0,0.2,100,70,Raw,curated,Burbot
2551,Proteins,Seafood,Butterfish Cooked,,"butterfish cooked, butterfish-cooked",100,g,100,47,5.5,0,2.6,0,0,0,42,21,Meals / Prepared Food,curated,Butterfish
2552,Proteins,Seafood,Butterfish Raw,,"butterfish raw, butterfish-raw",100,g,100,47,5.5,0,2.6,0,0,1.1,72,21,Meals / Prepared Food,curated,Butterfish
2553,Proteins,Seafood,Carp Cooked,,"carp cooked, carp-cooked",100,g,100,275,38.9,0,12.2,0,0,2.4,100,143,Meals / Prepared Food,curated,Carp
2554,Proteins,Seafood,Carp Raw,,"carp raw, carp-raw",100,g,100,277,38.9,0,12.2,0,0,2.4,100,144,Raw,curated,Carp
2555,Proteins,Seafood,Catfish Cooked,,"catfish cooked, catfish-cooked",100,g,100,206,26.4,0,10.3,0,0,2.3,200,94,Meals / Prepared Food,curated,Catfish
2556,Proteins,Seafood,Catfish Fried,,"catfish fried, catfish-fried",100,g,100,199,15.7,7,11.6,0.6,0,2.9,200,62,Meals / Prepared Food,curated,Catfish
2557,Proteins,Seafood,Catfish Raw,,"catfish raw, catfish-raw",100,g,100,189,24.2,0,9.4,0,0,2.1,200,88,Raw,curated,Catfish
2558,Proteins,Seafood,Caviar,,"caviar, caviars",100,g,100,42,3.9,0.6,2.9,0,0,0.6,200,94,Raw,curated,Caviar
2559,Proteins,Seafood,Chinook Salmon Cooked,,"chinook salmon cooked, chinook-salmon-cooked",100,g,100,711,79.2,0,41.2,0,0,9.9,200,262,Meals / Prepared Food,curated,Fish
2560,Proteins,Seafood,Chinook Salmon Raw,,"chinook salmon raw, chinook-salmon-raw",100,g,100,709,78.9,0,41.3,0,0,12.3,200,198,Raw,curated,Fish
2561,Proteins,Seafood,Chinook Salmon Smoked,,"chinook salmon smoked, chinook-salmon-smoked",100,g,100,159,24.9,0,5.9,0,0,1.3,1100,31,Meals / Prepared Food,curated,Fish
2562,Proteins,Seafood,Chum Salmon Canned,,"chum salmon canned, chum-salmon-canned",100,g,100,520,79.1,0,20.3,0,0,5.5,300,144,Meals / Prepared Food,curated,Fish
2563,Proteins,Seafood,Chum Salmon Cooked,,"chum salmon cooked, chum-salmon-cooked",100,g,100,474,79.5,0,14.9,0,0,3.3,200,293,Meals / Prepared Food,curated,Fish
2564,Proteins,Seafood,Chum Salmon Raw,,"chum salmon raw, chum-salmon-raw",100,g,100,3,0.6,0,0.1,0,0,0.1,29,2,Raw,curated,Fish
2565,Proteins,Seafood,Cisco Raw,,"cisco raw, cisco-raw",100,g,100,77,15,0,1.5,0,0,0.3,42,40,Raw,curated,Cisco
2566,Proteins,Seafood,Cisco Smoked,,"cisco smoked, cisco-smoked",100,g,100,50,4.6,0,3.4,0,0,0.5,100,9,Meals / Prepared Food,curated,Cisco
2567,Proteins,Seafood,Clams Canned,,"clams canned, clams-canned",100,g,100,227,38.8,9.4,2.5,0,0,0.5,200,80,Meals / Prepared Food,curated,Clams
2568,Proteins,Seafood,Clams Fried,,"clams fried, clams-fried",100,g,100,19,1.3,1,1,0,0,0.3,68,6,Meals / Prepared Food,curated,Clams
2569,Proteins,Seafood,Clams Raw,,"clams raw, clams-raw",100,g,100,195,33.3,8.1,2.2,0,0,0.4,1400,68,Raw,curated,Clams
2570,Proteins,Seafood,Cod Canned,,"cod canned, cod-canned",100,g,100,328,71,0,2.7,0,0,0.5,700,172,Meals / Prepared Food,curated,Fish
2571,Proteins,Seafood,Cod Cooked,,"cod cooked, cod-cooked",100,g,100,189,41.1,0,1.5,0,0,0.3,100,99,Meals / Prepared Food,curated,Fish
2572,Proteins,Seafood,Cod Raw,,"cod raw, cod-raw",100,g,100,189,41.1,0,1.5,0,0,0.3,100,99,Raw,curated,Fish
2573,Proteins,Seafood,Coho Salmon Cooked,,"coho salmon cooked, coho-salmon-cooked",100,g,100,255,34.7,0,11.8,0,0,2.8,60,90,Meals / Prepared Food,curated,Fish
2574,Proteins,Seafood,Coho Salmon Raw,,"coho salmon raw, coho-salmon-raw",100,g,100,254,33.8,0,12.2,0,0,2.9,54,81,Raw,curated,Fish
2575,Proteins,Seafood,Conch Baked,,"conch baked, conch-baked",100,g,100,165,33.4,2.2,1.5,0,0,0.5,200,83,Meals / Prepared Food,curated,Conch
2576,Proteins,Seafood,Crayfish Cooked,,"crayfish cooked, crayfish-cooked",100,g,100,25,5,0,0.4,0,0,0.1,58,39,Meals / Prepared Food,curated,Crayfish
2577,Proteins,Seafood,Crayfish Raw,,"crayfish raw, crayfish-raw",100,g,100,3,0.6,0,0,0,0,0,24,4,Raw,curated,Crayfish
2578,Proteins,Seafood,Cusk Cooked,,"cusk cooked, cusk-cooked",100,g,100,106,23.1,0,0.8,0,0,0,47,50,Meals / Prepared Food,curated,Cusk
2579,Proteins,Seafood,Cusk Raw,,"cusk raw, cusk-raw",100,g,100,106,23.2,0,0.8,0,0,0.2,86,50,Raw,curated,Cusk
2580,Proteins,Seafood,Cuttlefish Cooked,,"cuttlefish cooked, cuttlefish-cooked",100,g,100,45,9.2,0.5,0.4,0,0,0.1,200,63,Meals / Prepared Food,curated,Cuttlefish
2581,Proteins,Seafood,Cuttlefish Raw,,"cuttlefish raw, cuttlefish-raw",100,g,100,22,4.6,0.2,0.2,0,0,0,100,32,Raw,curated,Cuttlefish
2582,Proteins,Seafood,Dolphinfish Cooked,,"dolphinfish cooked, dolphinfish-cooked",100,g,100,173,37.7,0,1.4,0,0,0.4,200,150,Meals / Prepared Food,curated,Dolphinfish
2583,Proteins,Seafood,Dolphinfish Raw,,"dolphinfish raw, dolphinfish-raw",100,g,100,173,37.7,0,1.4,0,0,0.4,200,149,Raw,curated,Dolphinfish
2584,Proteins,Seafood,Drum Cooked,,"drum cooked, drum-cooked",100,g,100,236,34.6,0,9.7,0,0,2.2,100,126,Meals / Prepared Food,curated,Drum
2585,Proteins,Seafood,Drum Raw,,"drum raw, drum-raw",100,g,100,236,34.7,0,9.8,0,0,2.2,100,127,Raw,curated,Drum
2586,Proteins,Seafood,Dungeness Crab Cooked,,"dungeness crab cooked, dungeness-crab-cooked",100,g,100,140,28.3,1.2,1.6,0,0,0.2,500,96,Meals / Prepared Food,curated,Crab
2587,Proteins,Seafood,Dungeness Crab Raw,,"dungeness crab raw, dungeness-crab-raw",100,g,100,140,28.4,1.2,1.6,0,0,0.2,500,96,Raw,curated,Crab
2588,Proteins,Seafood,Eastern Oyster Canned,,"eastern oyster canned, eastern-oyster-canned",100,g,100,110,11.4,6.3,4,0,0,1,200,89,Meals / Prepared Food,curated,Eastern Oyster
2589,Proteins,Seafood,Eastern Oyster Cooked,,"eastern oyster cooked, eastern-oyster-cooked",100,g,100,8,0.7,0.7,0.2,0,0,0.1,38,4,Meals / Prepared Food,curated,Eastern Oyster
2590,Proteins,Seafood,Eastern Oyster Fried,,"eastern oyster fried, eastern-oyster-fried",100,g,100,29,1.3,1.7,1.8,0,0,0.5,15,10,Meals / Prepared Food,curated,Eastern Oyster
2591,Proteins,Seafood,Eastern Oyster Raw,,"eastern oyster raw, eastern-oyster-raw",100,g,100,8,0.7,0.8,0.2,0,0,0,21,4,Raw,curated,Eastern Oyster
2592,Proteins,Seafood,Eel Cooked,,"eel cooked, eel-cooked",100,g,100,67,6.7,0,4.2,0,0,0.9,69,46,Meals / Prepared Food,curated,Eel
2593,Proteins,Seafood,Eel Raw,,"eel raw, eel-raw",100,g,100,375,37.6,0,23.8,0,0,4.8,100,257,Raw,curated,Eel
2594,Proteins,Seafood,Filet O Fish Mcdonalds,,"filet o fish mcdonalds, filet o fish mcdonald, filet o fish mcdonaldses, filet-o-fish-mcdonalds, machli",100,g,100,378,15.1,35.4,19.6,1.9,4.9,3.8,600,43,Meals / Prepared Food,curated,Fish
2595,Proteins,Seafood,Fish Fillet Fried,,"fish fillet fried, fish-fillet-fried, machli",100,g,100,211,13.3,15.4,11.2,0.5,0,2.6,500,31,Meals / Prepared Food,curated,Fish
2596,Proteins,Seafood,Fish Sticks,,"fish sticks, fish stick, fish stickses, fish-sticks, machli",100,g,100,78,3.1,6.1,4.5,0.4,0.5,1,100,8,Raw,curated,Fish
2597,Proteins,Seafood,Fish Stock,,"fish stock, fish stocks, fish-stock, machli",100,g,100,40,5.3,0,1.9,0,0,0.5,400,2,Meals / Prepared Food,curated,Fish
2598,Proteins,Seafood,Florida Pompano Cooked,,"florida pompano cooked, florida-pompano-cooked",100,g,100,186,20.8,0,10.7,0,0,4,50,56,Meals / Prepared Food,curated,Florida Pompano
2599,Proteins,Seafood,Florida Pompano Raw,,"florida pompano raw, florida-pompano-raw",100,g,100,184,20.7,0,10.6,0,0,3.9,81,56,Raw,curated,Florida Pompano
2600,Proteins,Seafood,Flounder Cooked,,"flounder cooked, flounder-cooked",100,g,100,109,19.4,0,3,0,0,0.7,500,71,Meals / Prepared Food,curated,Flounder
2601,Proteins,Seafood,Flounder Raw,,"flounder raw, flounder-raw",100,g,100,114,20.2,0,3.1,0,0,0.7,500,73,Raw,curated,Flounder
2602,Proteins,Seafood,Green Turtle Raw,,"green turtle raw, green-turtle-raw",100,g,100,25,5.6,0,0.1,0,0,0,99,14,Raw,curated,Green Turtle
2603,Proteins,Seafood,Greenland Halibut Cooked,,"greenland halibut cooked, greenland-halibut-cooked",100,g,100,760,58.6,0,56.4,0,0,9.9,300,188,Meals / Prepared Food,curated,Greenland Halibut
2604,Proteins,Seafood,Greenland Halibut Raw,,"greenland halibut raw, greenland-halibut-raw",100,g,100,759,58.6,0,56.5,0,0,9.9,300,188,Raw,curated,Greenland Halibut
2605,Proteins,Seafood,Grouper Cooked,,"grouper cooked, grouper-cooked",100,g,100,238,50.2,0,2.6,0,0,0.6,100,95,Meals / Prepared Food,curated,Grouper
2606,Proteins,Seafood,Grouper Raw,,"grouper raw, grouper-raw",100,g,100,238,50.2,0,2.6,0,0,0.6,100,96,Raw,curated,Grouper
2607,Proteins,Seafood,Haddock Cooked,,"haddock cooked, haddock-cooked",100,g,100,135,30,0,0.8,0,0,0.2,400,99,Meals / Prepared Food,curated,Haddock
2608,Proteins,Seafood,Haddock Raw,,"haddock raw, haddock-raw",100,g,100,143,31.5,0,0.9,0,0,0.2,400,104,Raw,curated,Haddock
2609,Proteins,Seafood,Haddock Smoked,,"haddock smoked, haddock-smoked",100,g,100,33,7.1,0,0.3,0,0,0,200,22,Meals / Prepared Food,curated,Haddock
2610,Proteins,Seafood,Halibut Cooked,,"halibut cooked, halibut-cooked",100,g,100,353,71.7,0,5.1,0,0,1.1,300,191,Meals / Prepared Food,curated,Halibut
2611,Proteins,Seafood,Halibut Raw,,"halibut raw, halibut-raw",100,g,100,371,75.7,0,5.4,0,0,1.2,300,200,Raw,curated,Halibut
2612,Proteins,Seafood,Herring Cooked,,"herring cooked, herring-cooked",100,g,100,290,32.9,0,16.6,0,0,3.7,200,110,Meals / Prepared Food,curated,Herring
2613,Proteins,Seafood,Herring Kippered,,"herring kippered, herring kippereds, herring-kippered",100,g,100,87,9.8,0,4.9,0,0,1.1,400,33,Raw,curated,Herring Kippered
2614,Proteins,Seafood,Herring Raw,,"herring raw, herring-raw",100,g,100,291,33,0,16.6,0,0,3.8,200,110,Raw,curated,Herring
2615,Proteins,Seafood,Jellyfish Dried,,"jellyfish dried, jellyfish-dried",100,g,100,21,3.2,0,0.8,0,0,0.2,5600,3,Meals / Prepared Food,curated,Jellyfish
2616,Proteins,Seafood,Ling Cooked,,"ling cooked, ling-cooked",100,g,100,168,36.8,0,1.2,0,0,0,300,77,Meals / Prepared Food,curated,Ling
2617,Proteins,Seafood,Ling Raw,,"ling raw, ling-raw",100,g,100,168,36.7,0,1.2,0,0,0.2,300,77,Raw,curated,Ling
2618,Proteins,Seafood,Lingcod Cooked,,"lingcod cooked, lingcod-cooked",100,g,100,329,68.4,0,4.1,0,0,0.8,200,202,Meals / Prepared Food,curated,Lingcod
2619,Proteins,Seafood,Lingcod Raw,,"lingcod raw, lingcod-raw",100,g,100,213,44.2,0,2.7,0,0,0.5,100,130,Raw,curated,Lingcod
2620,Proteins,Seafood,Lobster Cooked,,"lobster cooked, lobster-cooked",100,g,100,134,28.5,0,1.3,0,0,0.3,700,219,Meals / Prepared Food,curated,Lobster
2621,Proteins,Seafood,Lobster Raw,,"lobster raw, lobster-raw",100,g,100,116,24.8,0,1.1,0,0,0.3,600,190,Raw,curated,Lobster
2622,Proteins,Seafood,Mackerel Cooked,,"mackerel cooked, mackerel-cooked",100,g,100,231,21,0,15.7,0,0,3.7,64,66,Meals / Prepared Food,curated,Fish
2623,Proteins,Seafood,Mackerel Raw,,"mackerel raw, mackerel-raw",100,g,100,230,20.8,0,15.6,0,0,3.6,100,78,Raw,curated,Fish
2624,Proteins,Seafood,Milkfish Cooked,,"milkfish cooked, milkfish-cooked",100,g,100,54,7.4,0,2.4,0,0,0,76,19,Meals / Prepared Food,curated,Milkfish
2625,Proteins,Seafood,Milkfish Raw,,"milkfish raw, milkfish-raw",100,g,100,42,5.8,0,1.9,0,0,0.5,98,15,Raw,curated,Milkfish
2626,Proteins,Seafood,Monkfish Cooked,,"monkfish cooked, monkfish-cooked",100,g,100,27,5.3,0,0.6,0,0,0,4,9,Meals / Prepared Food,curated,Monkfish
2627,Proteins,Seafood,Monkfish Raw,,"monkfish raw, monkfish-raw",100,g,100,22,4.1,0,0.4,0,0,0.1,59,7,Raw,curated,Monkfish
2628,Proteins,Seafood,Mullet Cooked,,"mullet cooked, mullet-cooked",100,g,100,140,23.1,0,4.5,0,0,1.3,1,59,Meals / Prepared Food,curated,Mullet
2629,Proteins,Seafood,Mullet Raw,,"mullet raw, mullet-raw",100,g,100,139,23,0,4.5,0,0,1.3,98,58,Raw,curated,Mullet
2630,Proteins,Seafood,Northern Pike Cooked,,"northern pike cooked, northern-pike-cooked",100,g,100,350,76.5,0,2.7,0,0,0.5,200,155,Meals / Prepared Food,curated,Northern Pike
2631,Proteins,Seafood,Northern Pike Raw,,"northern pike raw, northern-pike-raw",100,g,100,348,76.3,0,2.7,0,0,0.5,200,154,Raw,curated,Northern Pike
2632,Proteins,Seafood,Ocean Perch Cooked,,"ocean perch cooked, ocean-perch-cooked",100,g,100,48,9.3,0,0.9,0,0,0.2,200,32,Meals / Prepared Food,curated,Ocean Perch
2633,Proteins,Seafood,Ocean Perch Raw,,"ocean perch raw, ocean-perch-raw",100,g,100,51,9.8,0,1,0,0,0.2,200,33,Raw,curated,Ocean Perch
2634,Proteins,Seafood,Octopus Cooked,,"octopus cooked, octopus-cooked",100,g,100,139,25.3,3.7,1.8,0,0,0.4,400,82,Meals / Prepared Food,curated,Octopus
2635,Proteins,Seafood,Octopus Raw,,"octopus raw, octopus-raw",100,g,100,23,4.2,0.6,0.3,0,0,0,64,14,Raw,curated,Octopus
2636,Proteins,Seafood,Oyster Cooked,,"oyster cooked, oyster-cooked",100,g,100,41,4.7,2.5,1.2,0,0,0.3,66,25,Meals / Prepared Food,curated,Oyster
2637,Proteins,Seafood,Oyster Fried,,"oyster fried, oyster-fried",100,g,100,61,2.1,6.7,3,0,0,0.8,100,18,Meals / Prepared Food,curated,Oyster
2638,Proteins,Seafood,Oyster Raw,,"oyster raw, oyster-raw",100,g,100,41,4.7,2.5,1.2,0,0,0.3,59,25,Raw,curated,Oyster
2639,Proteins,Seafood,Perch Cooked,,"perch cooked, perch-cooked",100,g,100,54,11.4,0,0.5,0,0,0.1,43,53,Meals / Prepared Food,curated,Perch
2640,Proteins,Seafood,Perch Raw,,"perch raw, perch-raw",100,g,100,55,11.6,0,0.6,0,0,0.1,37,54,Raw,curated,Perch
2641,Proteins,Seafood,Pink Salmon Canned,,"pink salmon canned, pink-salmon-canned",100,g,100,530,80.9,0,20.4,0,0,3.5,1700,226,Meals / Prepared Food,curated,Fish
2642,Proteins,Seafood,Pink Salmon Cooked,,"pink salmon cooked, pink-salmon-cooked",100,g,100,349,56,0,12,0,0,2.2,200,125,Meals / Prepared Food,curated,Fish
2643,Proteins,Seafood,Pink Salmon Raw,,"pink salmon raw, pink-salmon-raw",100,g,100,404,65.2,0,14,0,0,2.6,200,146,Raw,curated,Fish
2644,Proteins,Seafood,Pollock Cooked,,"pollock cooked, pollock-cooked",100,g,100,356,75.3,0,3.8,0,0,0.5,300,275,Meals / Prepared Food,curated,Pollock
2645,Proteins,Seafood,Pollock Raw,,"pollock raw, pollock-raw",100,g,100,355,75,0,3.8,0,0,0.5,300,274,Raw,curated,Pollock
2646,Proteins,Seafood,Pout Cooked,,"pout cooked, pout-cooked",100,g,100,279,58.4,0,3.2,0,0,1.1,200,184,Meals / Prepared Food,curated,Pout
2647,Proteins,Seafood,Pout Raw,,"pout raw, pout-raw",100,g,100,278,58.6,0,3.2,0,0,1.1,200,183,Raw,curated,Pout
2648,Proteins,Seafood,Queen Crab Cooked,,"queen crab cooked, queen-crab-cooked",100,g,100,98,20.2,0,1.3,0,0,0.2,600,60,Meals / Prepared Food,curated,Crab
2649,Proteins,Seafood,Queen Crab Raw,,"queen crab raw, queen-crab-raw",100,g,100,25,5.2,0,0.3,0,0,0.1,200,16,Raw,curated,Crab
2650,Proteins,Seafood,Rainbow Smelt Cooked,,"rainbow smelt cooked, rainbow-smelt-cooked",100,g,100,35,6.4,0,0.9,0,0,0.2,47,26,Meals / Prepared Food,curated,Rainbow Smelt
2651,Proteins,Seafood,Rainbow Smelt Raw,,"rainbow smelt raw, rainbow-smelt-raw",100,g,100,27,5,0,0.7,0,0,0.1,19,20,Raw,curated,Rainbow Smelt
2652,Proteins,Seafood,Rainbow Trout Cooked,,"rainbow trout cooked, rainbow-trout-cooked",100,g,100,119,16.9,0,5.2,0,0,1.2,41,50,Meals / Prepared Food,curated,Rainbow Trout
2653,Proteins,Seafood,Rainbow Trout Raw,,"rainbow trout raw, rainbow-trout-raw",100,g,100,111,15.8,0,4.9,0,0,1.1,22,47,Raw,curated,Rainbow Trout
2654,Proteins,Seafood,Red Salmon Sockeye Filets Smoked,,"red salmon sockeye filets smoked, red-salmon-sockeye-filets-smoked",100,g,100,373,65.5,0,12.3,0,0,2.8,65,167,Meals / Prepared Food,curated,Fish
2655,Proteins,Seafood,Rockfish Cooked,,"rockfish cooked, rockfish-cooked",100,g,100,162,33.1,0,2.4,0,0,0.6,100,91,Meals / Prepared Food,curated,Rockfish
2656,Proteins,Seafood,Rockfish Raw,,"rockfish raw, rockfish-raw",100,g,100,172,35.1,0,2.6,0,0,0.7,100,96,Raw,curated,Rockfish
2657,Proteins,Seafood,Roe Cooked,,"roe cooked, roe-cooked",100,g,100,58,8.1,0.5,2.3,0,0,0.5,55,136,Meals / Prepared Food,curated,Roe
2658,Proteins,Seafood,Roe Raw,,"roe raw, roe-raw",100,g,100,20,3.1,0.2,0.9,0,0,0.2,52,52,Raw,curated,Roe
2659,Proteins,Seafood,Sablefish Cooked,,"sablefish cooked, sablefish-cooked",100,g,100,755,51.9,0,59.3,0,0,12.4,200,190,Meals / Prepared Food,curated,Sablefish
2660,Proteins,Seafood,Sablefish Raw,,"sablefish raw, sablefish-raw",100,g,100,753,51.8,0,59.1,0,0,12.4,200,189,Raw,curated,Sablefish
2661,Proteins,Seafood,Salmon Canned,,"salmon canned, salmon-canned",100,g,100,520,79.1,0,20.3,0,0,5.5,1800,144,Meals / Prepared Food,curated,Fish
2662,Proteins,Seafood,Salmon Cooked,,"salmon cooked, salmon-cooked",100,g,100,733,78.7,0,44,0,0,8.5,200,224,Meals / Prepared Food,curated,Fish
2663,Proteins,Seafood,Salmon Nuggets,,"salmon nuggets, salmon nugget, salmon nuggetses, salmon-nuggets",100,g,100,60,3.6,4,3.3,0,0,0.4,5,7,Meals / Prepared Food,curated,Fish
2664,Proteins,Seafood,Salmon Raw,,"salmon raw, salmon-raw",100,g,100,824,80.9,0,53.1,0,0,12.1,200,218,Raw,curated,Fish
2665,Proteins,Seafood,Salt Mackerel,,"salt mackerel, salt mackerels, salt-mackerel",100,g,100,415,25.2,0,34.1,0,0,9.7,6100,129,Raw,curated,Fish
2666,Proteins,Seafood,Scallop Imitation,,"scallop imitation, scallop imitations, scallop-imitation",100,g,100,28,3.6,3,0.1,0,0,0.1,200,6,Raw,curated,Scallop Imitation
2667,Proteins,Seafood,Scallop Raw,,"scallop raw, scallop-raw",100,g,100,10,1.8,0.5,0.1,0,0,0.1,57,4,Raw,curated,Scallop
2668,Proteins,Seafood,Scallops Cooked,,"scallops cooked, scallops-cooked",100,g,100,11,2.1,0.5,0.1,0,0,0.1,60,4,Meals / Prepared Food,curated,Scallops
2669,Proteins,Seafood,Scallops Fried,,"scallops fried, scallops-fried",100,g,100,64,2.6,6.4,3.2,0,0,0.8,200,18,Meals / Prepared Food,curated,Scallops
2670,Proteins,Seafood,Scup Cooked,,"scup cooked, scup-cooked",100,g,100,68,12.1,0,1.8,0,0,0,61,34,Meals / Prepared Food,curated,Scup
2671,Proteins,Seafood,Scup Raw,,"scup raw, scup-raw",100,g,100,174,31.3,0,4.5,0,0,1.1,82,86,Raw,curated,Scup
2672,Proteins,Seafood,Sea Bass Cooked,,"sea bass cooked, sea-bass-cooked",100,g,100,125,23.9,0,2.6,0,0,0.7,58,54,Meals / Prepared Food,curated,Sea Bass
2673,Proteins,Seafood,Sea Bass Raw,,"sea bass raw, sea-bass-raw",100,g,100,125,23.8,0,2.6,0,0,0.7,84,53,Raw,curated,Sea Bass
2674,Proteins,Seafood,Seatrout Cooked,,"seatrout cooked, seatrout-cooked",100,g,100,247,39.9,0,8.6,0,0,2.4,100,197,Meals / Prepared Food,curated,Seatrout
2675,Proteins,Seafood,Seatrout Raw,,"seatrout raw, seatrout-raw",100,g,100,248,39.8,0,8.6,0,0,2.4,100,198,Raw,curated,Seatrout
2676,Proteins,Seafood,Shark Cooked,,"shark cooked, shark-cooked",100,g,100,65,5.3,1.8,3.9,0,0,0.9,68,17,Meals / Prepared Food,curated,Shark
2677,Proteins,Seafood,Shark Raw,,"shark raw, shark-raw",100,g,100,37,5.9,0,1.3,0,0,0.3,3,14,Raw,curated,Shark
2678,Proteins,Seafood,Sheepshead Cooked,,"sheepshead cooked, sheepshead-cooked",100,g,100,234,48.4,0,3,0,0,0.7,100,119,Meals / Prepared Food,curated,Sheepshead
2679,Proteins,Seafood,Sheepshead Raw,,"sheepshead raw, sheepshead-raw",100,g,100,257,48.1,0,5.7,0,0,1.4,200,119,Raw,curated,Sheepshead
2680,Proteins,Seafood,Shrimp Canned,,"shrimp canned, jhinga, shrimp-canned",100,g,100,128,26.1,0,1.7,0,0,0.2,1100,323,Meals / Prepared Food,curated,Prawns/Shrimp
2681,Proteins,Seafood,Shrimp Cooked,,"shrimp cooked, jhinga, shrimp-cooked",100,g,100,7,1.3,0,0.1,0,0,0,12,12,Meals / Prepared Food,curated,Prawns/Shrimp
2682,Proteins,Seafood,Shrimp Fried,,"shrimp fried, jhinga, shrimp-fried",100,g,100,52,1.3,4.8,3.2,0.1,0.1,0.7,200,10,Meals / Prepared Food,curated,Prawns/Shrimp
2683,Proteins,Seafood,Shrimp Imitation,,"shrimp imitation, jhinga, shrimp imitations, shrimp-imitation",100,g,100,29,3.5,2.6,0.4,0,0,0,200,10,Raw,curated,Prawns/Shrimp
2684,Proteins,Seafood,Shrimp Raw,,"shrimp raw, jhinga, shrimp-raw",100,g,100,4,0.7,0,0,0,0,0.1,83,6,Raw,curated,Prawns/Shrimp
2685,Proteins,Seafood,Skipjack Tuna Cooked,,"skipjack tuna cooked, skipjack-tuna-cooked",100,g,100,407,86.9,0,4,0,0,1.3,100,185,Meals / Prepared Food,curated,Fish
2686,Proteins,Seafood,Snapper Cooked,,"snapper cooked, snapper-cooked",100,g,100,218,44.7,0,2.9,0,0,0.6,66,80,Meals / Prepared Food,curated,Snapper
2687,Proteins,Seafood,Snapper Raw,,"snapper raw, snapper-raw",100,g,100,218,44.7,0,2.9,0,0,0.6,100,81,Raw,curated,Snapper
2688,Proteins,Seafood,Sockeye Salmon Canned,,"sockeye salmon canned, sockeye-salmon-canned",100,g,100,563,79.5,0,24.9,0,0,4.9,1400,266,Meals / Prepared Food,curated,Fish
2689,Proteins,Seafood,Sockeye Salmon Cooked,,"sockeye salmon cooked, sockeye-salmon-cooked",100,g,100,493,82.1,0,17.3,0,0,3,300,189,Meals / Prepared Food,curated,Fish
2690,Proteins,Seafood,Sockeye Salmon Raw,,"sockeye salmon raw, sockeye-salmon-raw",100,g,100,562,84.4,0,22.2,0,0,4.7,400,210,Raw,curated,Fish
2691,Proteins,Seafood,Spiny Lobster Cooked,,"spiny lobster cooked, spiny-lobster-cooked",100,g,100,233,43,5.1,3.2,0,0,0.5,400,147,Meals / Prepared Food,curated,Spiny Lobster
2692,Proteins,Seafood,Spiny Lobster Raw,,"spiny lobster raw, spiny-lobster-raw",100,g,100,234,43.1,5.1,3.2,0,0,0.5,400,146,Raw,curated,Spiny Lobster
2693,Proteins,Seafood,Spot Cooked,,"spot cooked, spot-cooked",100,g,100,79,11.9,0,3.1,0,0,0.9,22,38,Meals / Prepared Food,curated,Spot
2694,Proteins,Seafood,Spot Raw,,"spot raw, spot-raw",100,g,100,79,11.8,0,3.1,0,0,0.9,22,38,Raw,curated,Spot
2695,Proteins,Seafood,Squid Fried,,"squid fried, squid-fried",100,g,100,140,14.4,6.2,6,0,0,1.5,200,208,Meals / Prepared Food,curated,Squid
2696,Proteins,Seafood,Squid Raw,,"squid raw, squid-raw",100,g,100,26,4.4,0.9,0.4,0,0,0.1,90,66,Raw,curated,Squid
2697,Proteins,Seafood,Sturgeon Cooked,,"sturgeon cooked, sturgeon-cooked",100,g,100,184,28.2,0,7,0,0,1.6,19,105,Meals / Prepared Food,curated,Sturgeon
2698,Proteins,Seafood,Sturgeon Raw,,"sturgeon raw, sturgeon-raw",100,g,100,30,4.6,0,1.1,0,0,0.3,7,17,Raw,curated,Sturgeon
2699,Proteins,Seafood,Sturgeon Smoked,,"sturgeon smoked, sturgeon-smoked",100,g,100,49,8.8,0,1.2,0,0,0.3,200,23,Meals / Prepared Food,curated,Sturgeon
2700,Proteins,Seafood,Sucker Cooked,,"sucker cooked, sucker-cooked",100,g,100,148,26.6,0,3.7,0,0,0.7,19,66,Meals / Prepared Food,curated,Sucker
2701,Proteins,Seafood,Sucker Raw,,"sucker raw, sucker-raw",100,g,100,146,26.6,0,3.7,0,0,0.7,0,65,Raw,curated,Sucker
2702,Proteins,Seafood,Surimi,,"surimi, surimis",100,g,100,28,4.3,1.9,0.3,0,0,0.1,42,8,Raw,curated,Surimi
2703,Proteins,Seafood,Sweet Gefilte Fish,,"sweet gefilte fish, machli, sweet gefilte fishes, sweet-gefilte-fish",100,g,100,35,3.8,3.1,0.7,0,0,0.2,200,13,Raw,curated,Fish
2704,Proteins,Seafood,Swordfish Cooked,,"swordfish cooked, swordfish-cooked",100,g,100,182,24.9,0,8.4,0,0,2,100,83,Meals / Prepared Food,curated,Swordfish
2705,Proteins,Seafood,Swordfish Raw,,"swordfish raw, swordfish-raw",100,g,100,196,26.7,0,9,0,0,2.2,100,90,Raw,curated,Swordfish
2706,Proteins,Seafood,Tilapia Cooked,,"tilapia cooked, tilapia-cooked",100,g,100,111,22.8,0,2.3,0,0,0.8,11,50,Meals / Prepared Food,curated,Fish
2707,Proteins,Seafood,Tilapia Raw,,"tilapia raw, tilapia-raw",100,g,100,111,23.3,0,2,0,0,0.7,9,58,Raw,curated,Fish
2708,Proteins,Seafood,Tilefish Cooked,,"tilefish cooked, tilefish-cooked",100,g,100,441,73.5,0,14.1,0,0,2.6,200,192,Meals / Prepared Food,curated,Tilefish
2709,Proteins,Seafood,Tilefish Raw,,"tilefish raw, tilefish-raw",100,g,100,371,67.6,0,8.9,0,0,1.7,200,193,Raw,curated,Tilefish
2710,Proteins,Seafood,Trout Cooked,,"trout cooked, trout-cooked",100,g,100,118,16.5,0,5.3,0,0,0.9,27,46,Meals / Prepared Food,curated,Trout
2711,Proteins,Seafood,Trout Raw,,"trout raw, trout-raw",100,g,100,117,16.4,0,5.2,0,0,0.9,51,46,Raw,curated,Trout
2712,Proteins,Seafood,Tuna Canned,,"tuna canned, tuna-canned",100,g,100,102,18.9,0,2.4,0,0,0.6,300,34,Meals / Prepared Food,curated,Fish
2713,Proteins,Seafood,Tuna Salad,,"tuna salad, tuna salads, tuna-salad",100,g,100,383,32.9,19.3,19,0,0,3.2,800,27,Meals / Prepared Food,curated,Fish
2714,Proteins,Seafood,Turbot Cooked,,"turbot cooked, turbot-cooked",100,g,100,388,65.4,0,12,0,0,0,600,197,Meals / Prepared Food,curated,Turbot
2715,Proteins,Seafood,Turbot Raw,,"turbot raw, turbot-raw",100,g,100,388,65.5,0,12,0,0,3.1,600,196,Raw,curated,Turbot
2716,Proteins,Seafood,Vegetable Salad with Shrimp,,"vegetable salad with shrimp, jhinga, vegetable salad with shrimps, vegetable-salad-with-shrimp",100,g,100,71,9.7,4.4,1.7,0,0,0.4,300,120,Meals / Prepared Food,curated,Prawns/Shrimp
2717,Proteins,Seafood,Walleye Pike Cooked,,"walleye pike cooked, walleye-pike-cooked",100,g,100,148,30.4,0,1.9,0,0,0.4,69,136,Meals / Prepared Food,curated,Walleye Pike
2718,Proteins,Seafood,Walleye Pike Raw,,"walleye pike raw, walleye-pike-raw",100,g,100,148,30.4,0,1.9,0,0,0.4,11,137,Raw,curated,Walleye Pike
2719,Proteins,Seafood,Whelk Cooked,,"whelk cooked, whelk-cooked",100,g,100,78,13.5,4.4,0.2,0,0,0,100,37,Meals / Prepared Food,curated,Whelk
2720,Proteins,Seafood,Whelk Raw,,"whelk raw, whelk-raw",100,g,100,39,6.7,2.2,0.1,0,0,0.1,73,18,Raw,curated,Whelk
2721,Proteins,Seafood,Whitefish Cooked,,"whitefish cooked, whitefish-cooked",100,g,100,265,37.7,0,11.6,0,0,1.8,100,119,Meals / Prepared Food,curated,Whitefish
2722,Proteins,Seafood,Whitefish Raw,,"whitefish raw, whitefish-raw",100,g,100,265,37.8,0,11.6,0,0,1.8,100,119,Raw,curated,Whitefish
2723,Proteins,Seafood,Whitefish Smoked,,"whitefish smoked, whitefish-smoked",100,g,100,147,31.8,0,1.3,0,0,0.3,1400,45,Meals / Prepared Food,curated,Whitefish
2724,Proteins,Seafood,Whiting Cooked,,"whiting cooked, whiting-cooked",100,g,100,84,16.9,0,1.2,0,0,0.3,18,60,Meals / Prepared Food,curated,Whiting
2725,Proteins,Seafood,Whiting Raw,,"whiting raw, whiting-raw",100,g,100,83,16.8,0,1.2,0,0,0.2,16,62,Raw,curated,Whiting
2726,Proteins,Seafood,Wild Pink Salmon Oceans,,"wild pink salmon oceans, wild pink salmon ocean, wild pink salmon oceanses, wild-pink-salmon-oceans",100,g,100,320,0,0,16,0,0,0,0,0,Raw,curated,Fish
2727,Proteins,Seafood,Wolffish Cooked,,"wolffish cooked, wolffish-cooked",100,g,100,293,53.4,0,7.3,0,0,1.1,300,140,Meals / Prepared Food,curated,Wolffish
2728,Proteins,Seafood,Wolffish Raw,,"wolffish raw, wolffish-raw",100,g,100,294,53.6,0,7.3,0,0,1.1,300,141,Raw,curated,Wolffish
2729,Proteins,Seafood,Yellowfin Tuna Cooked,,"yellowfin tuna cooked, yellowfin-tuna-cooked",100,g,100,37,8.2,0,0.2,0,0,0.1,11,13,Meals / Prepared Food,curated,Fish
2730,Proteins,Seafood,Yellowfin Tuna Raw,,"yellowfin tuna raw, yellowfin-tuna-raw",100,g,100,31,6.9,0,0.1,0,0,0.1,49,11,Raw,curated,Fish
2731,Proteins,Seafood,Yellowtail Cooked,,"yellowtail cooked, yellowtail-cooked",100,g,100,546,86.6,0,19.6,0,0,0,100,207,Meals / Prepared Food,curated,Yellowtail
2732,Proteins,Seafood,Yellowtail Raw,,"yellowtail raw, yellowtail-raw",100,g,100,546,86.5,0,19.6,0,0,4.8,100,206,Raw,curated,Yellowtail
2733,Soups,Soups,Bean Ham Soup,,"bean ham soup, bean ham soups, bean-ham-soup",100,g,100,198,10.3,33.5,2.5,9.8,7.8,0.6,500,5,Meals / Prepared Food,curated,"Pork, Beans, Ham, Onion, Garlic, Black Pepper, Salt, Stock/Water"
2734,Soups,Soups,Bean with Bacon Soup,,"bean with bacon soup, bean with bacon soups, bean-with-bacon-soup",100,g,100,106,5.5,16.4,2.1,9,0.6,1,900,3,Meals / Prepared Food,curated,"Pork, Bacon, Beans, Onion, Garlic, Black Pepper, Salt, Stock/Water"
2735,Soups,Soups,Bean with Frankfurters Soup,,"bean with frankfurters soup, bean with frankfurters soups, bean-with-frankfurters-soup",100,g,100,188,10,22,7,0,0,2.1,1100,12,Meals / Prepared Food,curated,"Beans, Onion, Garlic, Black Pepper, Salt, Stock/Water"
2736,Soups,Soups,Bean with Pork Soup,,"bean with pork soup, bean with pork soups, bean-with-pork-soup",100,g,100,335,15.3,44.1,11.5,15.3,7.8,3,1700,5,Meals / Prepared Food,curated,"Pork, Beans, Onion, Garlic, Black Pepper, Salt, Stock/Water"
2737,Soups,Soups,Beef Broth Powder,,"beef broth powder, beef broth powders, beef-broth-powder",100,g,100,8,0.6,0.6,0.3,0,0.6,0.2,900,0,Meals / Prepared Food,curated,"Beef, Onion, Garlic, Black Pepper, Salt, Stock/Water"
2738,Soups,Soups,Beef Broth Soup,,"beef broth soup, beef broth soups, beef-broth-soup",100,g,100,17,2.7,0,0.5,0,0,0.3,900,0,Meals / Prepared Food,curated,"Beef, Onion, Garlic, Black Pepper, Salt, Stock/Water"
2739,Soups,Soups,Beef Mushroom Soup,,"beef mushroom soup, beef mushroom soups, beef-mushroom-soup, khumb",100,g,100,186,14,15.9,7.3,0.6,0,3.7,2200,15,Meals / Prepared Food,curated,"Beef, Mushroom, Mushrooms, Onion, Garlic, Black Pepper, Salt, Stock/Water"
2740,Soups,Soups,Beef Noodle Soup,,"beef noodle soup, beef noodle soups, beef-noodle-soup",100,g,100,168,9.6,17.9,6.2,1.5,5.2,2.3,1600,10,Meals / Prepared Food,curated,"Beef, Noodles, Onion, Garlic, Black Pepper, Salt, Stock/Water"
2741,Soups,Soups,Beef Vegetable Soup,,"beef vegetable soup, beef vegetable soups, beef-vegetable-soup",100,g,100,120,8,15.4,2.9,3,3.1,1,800,18,Meals / Prepared Food,curated,"Beef, Onion, Garlic, Black Pepper, Salt, Stock/Water"
2742,Soups,Soups,Black Bean Soup,,"black bean soup, black bean soups, black-bean-soup",100,g,100,234,12.4,39.6,3.4,17.5,6.4,0.9,2500,0,Meals / Prepared Food,curated,"Black Beans, Beans, Onion, Garlic, Black Pepper, Salt, Stock/Water"
2743,Soups,Soups,Cheese Soup,,"cheese soup, cheese soups, cheese-soup",100,g,272.4,122.1,7.2,14.9,13.4,3.6,5.1,4,7698,8,Meals / Prepared Food,curated,"Cheese, Onion, Garlic, Black Pepper, Salt, Stock/Water"
2744,Soups,Soups,Chicken Broth,,"chicken broth, chicken broths, chicken-broth, murgi",100,g,100,12,1,1,0.5,0,0,0,900,0,Meals / Prepared Food,curated,"Chicken, Onion, Garlic, Black Pepper, Salt, Stock/Water"
2745,Soups,Soups,Chicken Broth Dry,,"chicken broth dry, chicken broth dries, chicken-broth-dry, murgi",100,g,100,10,0.7,1.1,0.2,0,0,0.1,1200,1,Meals / Prepared Food,curated,"Chicken, Onion, Garlic, Black Pepper, Salt, Stock/Water"
2746,Soups,Soups,Chicken Broth Soup,,"chicken broth soup, chicken broth soups, chicken-broth-soup, murgi",100,g,100,78,11.1,1.9,2.6,0,0.9,0.8,1600,2,Meals / Prepared Food,curated,"Chicken, Onion, Garlic, Black Pepper, Salt, Stock/Water"
2747,Soups,Soups,Chicken Dumplings Soup,,"chicken dumplings soup, chicken dumplings soups, chicken-dumplings-soup, murgi",100,g,100,235,13.6,14.7,13.4,1.2,1.4,3.2,1800,80,Meals / Prepared Food,curated,"Chicken, Onion, Garlic, Black Pepper, Salt, Stock/Water"
2748,Soups,Soups,Chicken Gumbo Soup,,"chicken gumbo soup, chicken gumbo soups, chicken-gumbo-soup, murgi",100,g,100,113,5.3,16.8,2.9,4,4.9,0.7,1700,8,Meals / Prepared Food,curated,"Chicken, Onion, Garlic, Black Pepper, Salt, Stock/Water"
2749,Soups,Soups,Chicken Mushroom Chowder Soup,,"chicken mushroom chowder soup, chicken mushroom chowder soups, chicken-mushroom-chowder-soup, khumb, murgi",100,g,100,431,16.2,38.3,23.7,7.5,0,6.2,1800,32,Meals / Prepared Food,curated,"Chicken, Mushroom, Mushrooms, Onion, Garlic, Black Pepper, Salt, Stock/Water"
2750,Soups,Soups,Chicken Mushroom Soup,,"chicken mushroom soup, chicken mushroom soups, chicken-mushroom-soup, khumb, murgi",100,g,100,126,2,15.1,6.1,4,1,1.6,800,10,Meals / Prepared Food,curated,"Chicken, Mushroom, Mushrooms, Onion, Garlic, Black Pepper, Salt, Stock/Water"
2751,Soups,Soups,Chicken Noodle Soup,,"chicken noodle soup, chicken noodle soups, chicken-noodle-soup, murgi",100,g,100,145,7.2,18.4,4.7,2.7,0,1.2,2100,24,Meals / Prepared Food,curated,"Chicken, Noodles, Onion, Garlic, Black Pepper, Salt, Stock/Water"
2752,Soups,Soups,Chicken Rice Soup,,"chicken rice soup, chawal, chicken rice soups, chicken-rice-soup, murgi",100,g,100,127,12.3,13,3.2,1,1.4,1,900,12,Meals / Prepared Food,curated,"Chicken, Rice, Onion, Garlic, Black Pepper, Salt, Stock/Water"
2753,Soups,Soups,Chicken Soup,,"chicken soup, chicken soups, chicken-soup, murgi",100,g,100,174,12.4,16.9,6.5,1.5,2.1,1.9,900,29,Meals / Prepared Food,curated,"Chicken, Onion, Garlic, Black Pepper, Salt, Stock/Water"
2754,Soups,Soups,Chicken Vegetable Soup,,"chicken vegetable soup, chicken vegetable soups, chicken-vegetable-soup, murgi",100,g,100,148,7.1,17,5.6,1.7,3,1.7,1700,17,Meals / Prepared Food,curated,"Chicken, Onion, Garlic, Black Pepper, Salt, Stock/Water"
2755,Soups,Soups,Chili Beef Soup,,"chili beef soup, chili beef soups, chili-beef-soup",100,g,100,308,13.4,49.6,6.7,6.6,13.4,3.3,2100,26,Meals / Prepared Food,curated,"Beef, Onion, Garlic, Black Pepper, Salt, Stock/Water"
2756,Soups,Soups,Clam Chowder Soup,,"clam chowder soup, clam chowder soups, clam-chowder-soup",100,g,100,154,4.4,24.5,4.4,3,6.8,0.8,1800,5,Meals / Prepared Food,curated,"Clams, Onion, Garlic, Black Pepper, Salt, Stock/Water"
2757,Soups,Soups,Consomme Dry,,"consomme dry, consomme dries, consomme-dry",100,g,100,17,2.2,1.9,0.2,0,1.1,0,800,0,Meals / Prepared Food,curated,"Onion, Garlic, Black Pepper, Salt, Stock/Water"
2758,Soups,Soups,Crab Soup,,"crab soup, crab soups, crab-soup",100,g,100,95,10.4,12.5,0.8,2.4,0,0.2,600,42,Meals / Prepared Food,curated,"Crab, Onion, Garlic, Black Pepper, Salt, Stock/Water"
2759,Soups,Soups,Cream of Asparagus Soup,,"cream of asparagus soup, cream of asparagus soups, cream-of-asparagus-soup",100,g,100,174,4.6,21.5,8.2,1,1.8,2.1,1700,10,Meals / Prepared Food,curated,"Cream, Asparagus, Onion, Garlic, Black Pepper, Salt, Stock/Water"
2760,Soups,Soups,Cream of Celery Soup,,"cream of celery soup, cream of celery soups, cream-of-celery-soup",100,g,100,181,3.3,17.7,11.2,1.5,3.4,2.8,1300,28,Meals / Prepared Food,curated,"Cream, Celery, Onion, Garlic, Black Pepper, Salt, Stock/Water"
2761,Soups,Soups,Cream of Chicken Soup,,"cream of chicken soup, cream of chicken soups, cream-of-chicken-soup, murgi",100,g,100,227,6,18,14.5,0,1.4,4.3,1800,20,Meals / Prepared Food,curated,"Chicken, Cream, Onion, Garlic, Black Pepper, Salt, Stock/Water"
2762,Soups,Soups,Cream of Mushroom Soup,,"cream of mushroom soup, cream of mushroom soups, cream-of-mushroom-soup, khumb",100,g,237.5,158.1,5,10.4,14.5,1.6,1.5,2.7,3488,3,Meals / Prepared Food,curated,"Mushroom, Cream, Mushrooms, Onion, Garlic, Black Pepper, Salt, Stock/Water"
2763,Soups,Soups,Cream of Onion Soup,,"cream of onion soup, cream of onion soups, cream-of-onion-soup, pyaaz, pyaz",100,g,100,268,6.7,31.7,12.8,1.2,11.1,3.6,1900,37,Meals / Prepared Food,curated,"Onion, Cream, Garlic, Black Pepper, Salt, Stock/Water"
2764,Soups,Soups,Cream of Potato Soup,,"cream of potato soup, aloo, cream of potato soups, cream-of-potato-soup",100,g,287.8,123.1,6,19.2,8.4,2.4,2.4,2.2,5002,5,Meals / Prepared Food,curated,"Potato, Cream, Onion, Garlic, Black Pepper, Salt, Stock/Water"
2765,Soups,Soups,Cream of Shrimp Soup,,"cream of shrimp soup, cream of shrimp soups, cream-of-shrimp-soup, jhinga",100,g,100,181,5.6,16.5,10.4,0.5,0,6.5,1700,33,Meals / Prepared Food,curated,"Prawns/Shrimp, Cream, Shrimp, Onion, Garlic, Black Pepper, Salt, Stock/Water"
2766,Soups,Soups,Egg Drop Soup,,"egg drop soup, anda, egg drop soups, egg-drop-soup",100,g,208.9,45.8,7.9,5.7,7.5,0.9,0.4,0.7,6659,44,Meals / Prepared Food,curated,"Egg, Onion, Garlic, Black Pepper, Salt, Stock/Water"
2767,Soups,Soups,Escarole Soup,,"escarole soup, escarole soups, escarole-soup",100,g,100,61,3.4,4,4,0,0,1.2,2300,6,Meals / Prepared Food,curated,"Onion, Garlic, Black Pepper, Salt, Stock/Water"
2768,Soups,Soups,Fish Broth,,"fish broth, fish broths, fish-broth, machli",100,g,100,39,4.9,1,1.5,0,0.2,0.3,500,0,Meals / Prepared Food,curated,"Fish, Onion, Garlic, Black Pepper, Salt, Stock/Water"
2769,Soups,Soups,Gazpacho Soup,,"gazpacho soup, gazpacho soups, gazpacho-soup",100,g,100,70,10.7,6.6,0.4,0.7,2.2,0,1100,0,Meals / Prepared Food,curated,"Onion, Garlic, Black Pepper, Salt, Stock/Water"
2770,Soups,Soups,Green Pea Soup,,"green pea soup, green pea soups, green-pea-soup, matar, matar ka soup",100,g,328,179.9,13.9,27.7,9.3,6.2,8.8,1.8,6329,2,Meals / Prepared Food,curated,"Green Peas, Onion, Garlic, Black Pepper, Salt, Stock/Water"
2771,Soups,Soups,Hot Sour Soup,,"hot sour soup, hot sour soups, hot-sour-soup",100,g,100,91,6,10.1,2.8,1.2,1,0.5,900,49,Meals / Prepared Food,curated,"Onion, Garlic, Black Pepper, Salt, Stock/Water"
2772,Soups,Soups,Lentil Soup with Ham,,"lentil soup with ham, dal, lentil soup with hams, lentil-soup-with-ham",100,g,100,139,9.3,20.2,2.8,0,0,1.1,1300,7,Meals / Prepared Food,curated,"Pork, Lentils (Dal), Lentils, Ham, Onion, Garlic, Black Pepper, Salt, Stock/Water"
2773,Soups,Soups,Minestrone Soup,,"minestrone soup, minestrone soups, minestrone-soup",100,g,165,104.8,9,13.2,8,2,2.4,0.9,5088,3,Meals / Prepared Food,curated,"Onion, Garlic, Black Pepper, Salt, Stock/Water"
2774,Soups,Soups,Mushroom Barley Soup,,"mushroom barley soup, jau, khumb, mushroom barley soups, mushroom-barley-soup",100,g,100,186,4.6,29.3,5.5,0,0,1.1,1700,0,Meals / Prepared Food,curated,"Mushroom, Mushrooms, Barley, Onion, Garlic, Black Pepper, Salt, Stock/Water"
2775,Soups,Soups,Onion Soup,,"onion soup, onion soups, onion-soup, pyaaz, pyaz",100,g,100,113,7.5,16.4,3.5,1.7,6.7,0.5,1300,0,Meals / Prepared Food,curated,"Onion, Garlic, Black Pepper, Salt, Stock/Water"
2776,Soups,Soups,Oyster Stew Soup,,"oyster stew soup, oyster stew soups, oyster-stew-soup",100,g,100,118,4.2,8.2,7.7,0,0,5,1800,27,Meals / Prepared Food,curated,"Oyster, Onion, Garlic, Black Pepper, Salt, Stock/Water"
2777,Soups,Soups,Pea Soup,,"pea soup, matar, pea soups, pea-soup",100,g,100,161,8.3,25.6,2.8,4.9,8.3,1.4,15,0,Meals / Prepared Food,curated,"Green Peas, Onion, Garlic, Black Pepper, Salt, Stock/Water"
2778,Soups,Soups,Pepperpot Soup,,"pepperpot soup, pepperpot soups, pepperpot-soup",100,g,100,100,6.2,9.1,4.5,0.5,0,2,900,10,Meals / Prepared Food,curated,"Onion, Garlic, Black Pepper, Salt, Stock/Water"
2779,Soups,Soups,Potato Ham Chowder Soup,,"potato ham chowder soup, aloo, potato ham chowder soups, potato-ham-chowder-soup",100,g,100,192,6.5,13.4,12.5,1.4,0,3.9,900,22,Meals / Prepared Food,curated,"Pork, Potato, Ham, Onion, Garlic, Black Pepper, Salt, Stock/Water"
2780,Soups,Soups,Ramen Noodle Soup Dry,,"ramen noodle soup dry, ramen noodle soup dries, ramen-noodle-soup-dry",100,g,100,371,8.9,53.9,13.3,2,1.3,6.4,1700,0,Meals / Prepared Food,curated,"Noodles, Onion, Garlic, Black Pepper, Salt, Stock/Water"
2781,Soups,Soups,Scotch Broth,,"scotch broth, scotch broths, scotch-broth",100,g,100,197,12.1,23,6.4,3,0,2.7,2100,12,Meals / Prepared Food,curated,"Onion, Garlic, Black Pepper, Salt, Stock/Water"
2782,Soups,Soups,Shark Fin Soup,,"shark fin soup, shark fin soups, shark-fin-soup",100,g,100,99,6.9,8.2,4.3,0,0,1.1,1100,4,Meals / Prepared Food,curated,"Shark, Onion, Garlic, Black Pepper, Salt, Stock/Water"
2783,Soups,Soups,Split Pea Soup,,"split pea soup, matar, matar dal, split pea soups, split-pea-soup",100,g,100,180,9.7,29.9,2.3,4.8,12.8,0.8,400,5,Meals / Prepared Food,curated,"Lentils (Dal), Green Peas, Split Peas, Onion, Garlic, Black Pepper, Salt, Stock/Water"
2784,Soups,Soups,Split Pea Soup with Ham,,"split pea soup with ham, matar, matar dal, split pea soup with hams, split-pea-soup-with-ham",100,g,100,381,20.7,56.2,8.9,4.6,0,3.5,1700,16,Meals / Prepared Food,curated,"Pork, Lentils (Dal), Green Peas, Split Peas, Ham, Onion, Garlic, Black Pepper, Salt, Stock/Water"
2785,Soups,Soups,Split Pea Soup with Ham Bacon,,"split pea soup with ham bacon, matar, matar dal, split pea soup with ham bacons, split-pea-soup-with-ham-bacon",100,g,100,189,11.6,28.6,3.1,4.1,0,0.9,1000,4,Meals / Prepared Food,curated,"Pork, Lentils (Dal), Green Peas, Split Peas, Bacon, Ham, Onion, Garlic, Black Pepper, Salt, Stock/Water"
2786,Soups,Soups,Stockpot Soup,,"stockpot soup, stockpot soups, stockpot-soup",100,g,100,201,9.8,23.1,7.8,0,0,1.7,2100,8,Meals / Prepared Food,curated,"Onion, Garlic, Black Pepper, Salt, Stock/Water"
2787,Soups,Soups,Tomato Beef Noodle Soup,,"tomato beef noodle soup, tamatar, tomato beef noodle soups, tomato-beef-noodle-soup",100,g,100,281,8.9,42.3,8.6,3,0,3.2,1800,8,Meals / Prepared Food,curated,"Beef, Tomato, Noodles, Onion, Garlic, Black Pepper, Salt, Stock/Water"
2788,Soups,Soups,Tomato Bisque Soup,,"tomato bisque soup, tamatar, tomato bisque soups, tomato-bisque-soup",100,g,100,248,4.5,47.7,5,2.1,0,1.1,1800,10,Meals / Prepared Food,curated,"Tomato, Onion, Garlic, Black Pepper, Salt, Stock/Water"
2789,Soups,Soups,Tomato Rice Soup,,"tomato rice soup, chawal, tamatar, tomato rice soups, tomato-rice-soup",100,g,100,240,4.2,44.1,5.5,3.4,15.2,1,1600,3,Meals / Prepared Food,curated,"Tomato, Rice, Onion, Garlic, Black Pepper, Salt, Stock/Water"
2790,Soups,Soups,Tomato Soup,,"tomato soup, tamatar, tomato soups, tomato-soup",100,g,100,98,2.2,22.5,0.7,1.6,12.2,0.2,600,0,Meals / Prepared Food,curated,"Tomato, Onion, Garlic, Black Pepper, Salt, Stock/Water"
2791,Soups,Soups,Tomato Soup Canned,,"tomato soup canned, tamatar, tomato-soup-canned",100,g,100,139,6.3,22.6,3.3,1.5,16.5,1.8,500,10,Meals / Prepared Food,curated,"Tomato, Onion, Garlic, Black Pepper, Salt, Stock/Water"
2792,Soups,Soups,Tomato Vegetable Soup,,"tomato vegetable soup, tamatar, tomato vegetable soups, tomato-vegetable-soup",100,g,100,54,1.9,9.9,0.8,0.7,2.4,0.4,300,0,Meals / Prepared Food,curated,"Tomato, Onion, Garlic, Black Pepper, Salt, Stock/Water"
2793,Soups,Soups,Tripe Soup,,"tripe soup, tripe soups, tripe-soup",100,g,100,148,17.2,8.1,5.2,0,0,2.1,800,118,Meals / Prepared Food,curated,"Onion, Garlic, Black Pepper, Salt, Stock/Water"
2794,Soups,Soups,Turkey Noodle Soup,,"turkey noodle soup, turkey noodle soups, turkey-noodle-soup",100,g,100,139,7.8,17.3,4,1.5,1,1.1,1600,10,Meals / Prepared Food,curated,"Noodles, Turkey, Onion, Garlic, Black Pepper, Salt, Stock/Water"
2795,Soups,Soups,Turkey Soup,,"turkey soup, turkey soups, turkey-soup",100,g,100,135,10.2,14.1,4.4,0,0,1.2,900,9,Meals / Prepared Food,curated,"Turkey, Onion, Garlic, Black Pepper, Salt, Stock/Water"
2796,Soups,Soups,Turkey Vegetable Soup,,"turkey vegetable soup, turkey vegetable soups, turkey-vegetable-soup",100,g,100,72,3.1,8.6,3,0.5,2.6,0.9,900,2,Meals / Prepared Food,curated,"Turkey, Onion, Garlic, Black Pepper, Salt, Stock/Water"
2797,Soups,Soups,Vegetable Beef Soup,,"vegetable beef soup, vegetable beef soups, vegetable-beef-soup",100,g,100,128,18.1,9.6,2,4.4,0,0.6,1100,9,Meals / Prepared Food,curated,"Beef, Onion, Garlic, Black Pepper, Salt, Stock/Water"
2798,Soups,Soups,Vegetable Chicken Soup,,"vegetable chicken soup, murgi, vegetable chicken soups, vegetable-chicken-soup",100,g,100,166,12.3,21.1,4.8,1,3.4,1.4,75,17,Meals / Prepared Food,curated,"Chicken, Onion, Garlic, Black Pepper, Salt, Stock/Water"
2799,Soups,Soups,Vegetable Soup,,"vegetable soup, vegetable soups, vegetable-soup",100,g,100,102.1,3.3,16.1,2.8,2.2,4.8,0.7,735,2,Meals / Prepared Food,curated,"Onion, Garlic, Black Pepper, Salt, Stock/Water"
2800,Soups,Soups,Vegetable Soup with Beef Broth,,"vegetable soup with beef broth, vegetable soup with beef broths, vegetable-soup-with-beef-broth",100,g,100,162,6,26.3,3.8,3.2,4,0.9,1300,2,Meals / Prepared Food,curated,"Beef, Onion, Garlic, Black Pepper, Salt, Stock/Water"
2801,Soups,Soups,Wonton Soup,,"wonton soup, wonton soups, wonton-soup",100,g,100,71,4.6,11.7,0.6,0.4,0.8,0.1,900,9,Meals / Prepared Food,curated,"Onion, Garlic, Black Pepper, Salt, Stock/Water"
2802,Starchy Vegetables,Starchy Vegetables,Baked Potato,,"baked potato, aloo, baked potatos, baked-potato",100,g,100,161,4.3,36.6,0.2,3.8,2,0.1,97,0,Meals / Prepared Food,curated,Potato
2803,Starchy Vegetables,Starchy Vegetables,Cassava,,"cassava, cassavas",100,g,100,330,2.8,78.4,0.6,3.7,3.5,0.2,99,0,Raw,curated,Cassava
2804,Starchy Vegetables,Starchy Vegetables,Corned Beef Hash with Potatoes,,"corned beef hash with potatoes, aloo, corned beef hash with potato, corned beef hash with potatoeses, corned-beef-hash-with-potatoes",100,g,100,387,20.6,21.9,24.2,2.6,0.8,10.2,1000,76,Meals / Prepared Food,curated,"Beef, Potato"
2805,Starchy Vegetables,Starchy Vegetables,Eppaw,,"eppaw, eppaws",100,g,100,150,4.6,31.7,1.8,0,0,0,15,0,Raw,curated,Eppaw
2806,Starchy Vegetables,Starchy Vegetables,Gatto Di Patate Home Made,,"gatto di patate home made, gatto di patate home mades, gatto-di-patate-home-made",100,g,100,202,0,4,9.4,0,3.6,4.6,0,0,Raw,curated,Gatto Di Patate Home Made
2807,Starchy Vegetables,Starchy Vegetables,Mashed Potatoes,,"mashed potatoes, aloo, mashed potato, mashed potatoeses, mashed-potatoes",100,g,100,215,4,35.5,6.8,3.1,1.2,1.4,700,0,Meals / Prepared Food,curated,Potato
2808,Starchy Vegetables,Starchy Vegetables,Mountain Yam Cooked,,"mountain yam cooked, jimikand, mountain-yam-cooked",100,g,100,119,2.5,29,0.1,0,0,0,400,0,Meals / Prepared Food,curated,Mountain Yam
2809,Starchy Vegetables,Starchy Vegetables,Mountain Yam Raw,,"mountain yam raw, jimikand, mountain-yam-raw",100,g,100,91,1.8,22.2,0.1,3.4,0.4,0,21,0,Raw,curated,Mountain Yam
2810,Starchy Vegetables,Starchy Vegetables,Plantain Cooked,,"plantain cooked, plantain-cooked",100,g,100,179,1.2,48,0.3,3.5,21.6,0.1,79,0,Meals / Prepared Food,curated,Plantain
2811,Starchy Vegetables,Starchy Vegetables,Plantain Fried,,"plantain fried, plantain-fried",100,g,100,16,0,2.6,0.6,0.2,0.2,0.2,65,0,Meals / Prepared Food,curated,Plantain
2812,Starchy Vegetables,Starchy Vegetables,Plantain Raw,,"plantain raw, plantain-raw",100,g,100,218,2.3,57.1,0.6,3,31.3,0.3,82,0,Raw,curated,Plantain
2813,Starchy Vegetables,Starchy Vegetables,Poi,,"poi, pois",100,g,100,269,0.9,65.4,0.3,1,0.9,0.1,91,0,Raw,curated,Poi
2814,Starchy Vegetables,Starchy Vegetables,Potato Cooked,,"potato cooked, aloo, potato-cooked",100,g,100,52,1.1,12.1,0,1.2,0.5,0,35,0,Meals / Prepared Food,curated,Potato
2815,Starchy Vegetables,Starchy Vegetables,Potato Gratin,,"potato gratin, aloo, potato gratins, potato-gratin",100,g,100,328,12.4,27.6,18.6,4.4,0,11.6,1100,56,Meals / Prepared Food,curated,Potato
2816,Starchy Vegetables,Starchy Vegetables,Potato Puffs,,"potato puffs, aloo, potato puff, potato puffses, potato-puffs",100,g,100,243,2.6,35.5,11,3.2,0.3,2.3,600,0,Meals / Prepared Food,curated,Potato
2817,Starchy Vegetables,Starchy Vegetables,Potato Raw,,"potato raw, aloo, potato-raw",100,g,100,164,4.3,37.2,0.2,4.7,1.7,0,72,0,Raw,curated,Potato
2818,Starchy Vegetables,Starchy Vegetables,Potato Salad,,"potato salad, aloo, aloo ka salaad, potato salads, potato-salad",100,g,168,224,4,19.5,12.4,2.3,2,2.1,713,85,Meals / Prepared Food,curated,Potato
2819,Starchy Vegetables,Starchy Vegetables,Potato Scalloped,,"potato scalloped, aloo, potato scallopeds, potato-scalloped",100,g,100,216,7,26.4,9,4.7,0,5.5,800,29,Raw,curated,Potato
2820,Starchy Vegetables,Starchy Vegetables,Potato Skin Raw,,"potato skin raw, aloo, potato-skin-raw",100,g,100,22,1,4.7,0.1,1,0,0.1,53,0,Raw,curated,Potato
2821,Starchy Vegetables,Starchy Vegetables,Potato Sticks,,"potato sticks, aloo, potato stick, potato stickses, potato-sticks",100,g,100,188,2.4,19.2,12.4,1.2,0,3.2,200,0,Raw,curated,Potato
2822,Starchy Vegetables,Starchy Vegetables,Potatoes Canned,,"potatoes canned, aloo, potatoes-canned",100,g,100,132,3.6,29.7,0.3,4.2,0,0.1,700,0,Meals / Prepared Food,curated,Potato
2823,Starchy Vegetables,Starchy Vegetables,Red Potato Baked,,"red potato baked, aloo, red-potato-baked",100,g,100,74,2,16.7,0.1,1.5,1.2,0,37,0,Meals / Prepared Food,curated,Potato
2824,Starchy Vegetables,Starchy Vegetables,Red Potato Raw,,"red potato raw, aloo, red-potato-raw",100,g,100,149,4,33.9,0.3,3.6,2.7,0.1,20,0,Raw,curated,Potato
2825,Starchy Vegetables,Starchy Vegetables,Russet Potato Baked,,"russet potato baked, aloo, russet-potato-baked",100,g,100,290,7.9,64.1,0.4,6.9,3.2,0.1,84,0,Meals / Prepared Food,curated,Potato
2826,Starchy Vegetables,Starchy Vegetables,Russet Potato Raw,,"russet potato raw, aloo, russet-potato-raw",100,g,100,292,7.9,66.7,0.3,4.8,2.3,0.1,68,0,Raw,curated,Potato
2827,Starchy Vegetables,Starchy Vegetables,Sweet Mashed Potato Canned,,"sweet mashed potato canned, aloo, sweet-mashed-potato-canned",100,g,100,258,5,59.1,0.5,4.3,13.9,0.1,200,0,Meals / Prepared Food,curated,Potato
2828,Starchy Vegetables,Starchy Vegetables,Sweet Potato Baked,,"sweet potato baked, aloo, shakarkandi, sweet-potato-baked",100,g,100,103,2.3,23.6,0.2,3.8,7.4,0,70,0,Meals / Prepared Food,curated,Potato
2829,Starchy Vegetables,Starchy Vegetables,Sweet Potato Leaves Cooked,,"sweet potato leaves cooked, aloo, shakarkandi, sweet-potato-leaves-cooked",100,g,100,22,1.4,4.7,0.2,1.2,3.5,0.1,200,0,Meals / Prepared Food,curated,Potato
2830,Starchy Vegetables,Starchy Vegetables,Sweet Potato Leaves Raw,,"sweet potato leaves raw, aloo, shakarkandi, sweet-potato-leaves-raw",100,g,100,15,0.9,3.1,0.2,1.9,0,0.1,73,0,Raw,curated,Potato
2831,Starchy Vegetables,Starchy Vegetables,Sweet Potato Raw,,"sweet potato raw, aloo, shakarkandi, sweet-potato-raw",100,g,100,112,2,26.2,0,3.9,5.4,0,79,0,Raw,curated,Potato
2832,Starchy Vegetables,Starchy Vegetables,Tahitian Taro Cooked,,"tahitian taro cooked, arbi, tahitian-taro-cooked",100,g,100,60,5.7,9.4,0.9,0,0,0.2,400,0,Meals / Prepared Food,curated,Tahitian Taro
2833,Starchy Vegetables,Starchy Vegetables,Tahitian Taro Raw,,"tahitian taro raw, arbi, tahitian-taro-raw",100,g,100,55,3.5,8.6,1.2,0,0,0.2,3,0,Raw,curated,Tahitian Taro
2834,Starchy Vegetables,Starchy Vegetables,Taro Cooked,,"taro cooked, arbi, taro-cooked",100,g,100,187,0.7,45.7,0.1,6.7,0.6,0,55,0,Meals / Prepared Food,curated,Taro
2835,Starchy Vegetables,Starchy Vegetables,Taro Leaves Cooked,,"taro leaves cooked, arbi, taro-leaves-cooked",100,g,100,35,3.9,5.6,0.6,2.9,0,0.1,300,0,Meals / Prepared Food,curated,Taro Leaves
2836,Starchy Vegetables,Starchy Vegetables,Taro Leaves Raw,,"taro leaves raw, arbi, taro-leaves-raw",100,g,100,12,1.4,1.9,0.2,1,0.8,0,83,0,Raw,curated,Taro Leaves
2837,Starchy Vegetables,Starchy Vegetables,Taro Raw,,"taro raw, arbi, taro-raw",100,g,100,116,1.6,27.5,0.2,4.3,0.4,0.1,54,0,Raw,curated,Taro
2838,Starchy Vegetables,Starchy Vegetables,Taro Shoots Cooked,,"taro shoots cooked, arbi, taro-shoots-cooked",100,g,100,20,1,4.5,0.1,0,0,0.1,300,0,Meals / Prepared Food,curated,Taro Shoots
2839,Starchy Vegetables,Starchy Vegetables,Taro Shoots Raw,,"taro shoots raw, arbi, taro-shoots-raw",100,g,100,9,0.8,2,0.1,0,0,0,56,0,Raw,curated,Taro Shoots
2840,Starchy Vegetables,Starchy Vegetables,Vivaldi Potatoes Sainsburys,,"vivaldi potatoes sainsburys, aloo, vivaldi potatoes sainsbury, vivaldi potatoes sainsburyses, vivaldi-potatoes-sainsburys",100,g,100,23,0,0,0.1,0,0,5,0,0,Raw,curated,Potato
2841,Starchy Vegetables,Starchy Vegetables,Yam Bean Jicama,,"yam bean jicama, jimikand, yam bean jicamas, yam-bean-jicama",100,g,100,49,0.9,11.5,0.1,6.4,2.3,0.1,47,0,Raw,curated,Yam Bean Jicama
2842,Starchy Vegetables,Starchy Vegetables,Yam Cooked,,"yam cooked, jimikand, yam-cooked",100,g,100,158,2,37.4,0.2,5.3,0.7,0.1,17,0,Meals / Prepared Food,curated,Yam
2843,Starchy Vegetables,Starchy Vegetables,Yam Raw,,"yam raw, jimikand, yam-raw",100,g,100,177,2.3,41.8,0.3,6.2,0.8,0.1,17,0,Raw,curated,Yam
2844,Starchy Vegetables,Starchy Vegetables,Yautia Tannier,,"yautia tannier, yautia tanniers, yautia-tannier",100,g,100,132,2,31.9,0.5,2,0,0.1,31,0,Raw,curated,Yautia Tannier
2845,Starchy Vegetables,Starchy Vegetables,Yellow Plantain Fried,,"yellow plantain fried, yellow-plantain-fried",100,g,100,399,2.4,68.9,12.7,5.4,36.8,3.1,79,0,Meals / Prepared Food,curated,Yellow Plantain
2846,Supplements,Protein & Meal Supplements,Egg Substitute Powder,,"egg substitute powder, anda, egg substitute powders, egg-substitute-powder",100,g,100,126,15.7,6.2,3.7,0,6.2,1.1,200,162,Meals / Prepared Food,curated,"Egg, Egg Substitute"
2847,Supplements,Protein & Meal Supplements,Hanfprotein Pulver Rohkostqualitat Veganz,,"hanfprotein pulver rohkostqualitat veganz, hanfprotein pulver rohkostqualitat veganzs, hanfprotein-pulver-rohkostqualitat-veganz",100,g,100,107,0,14.2,3.1,0,0.1,0.3,0,0,Meals / Prepared Food,curated,Hanfprotein Pulver Rohkostqualitat Veganz
2848,Supplements,Protein & Meal Supplements,Soy Proteins Concentrate,,"soy proteins concentrate, soy proteins concentrates, soy-proteins-concentrate",100,g,100,93,18,7.2,0.1,1.6,0,0,300,0,Meals / Prepared Food,curated,Soya/Tofu
2849,Supplements,Protein & Meal Supplements,Soy Proteins Isolate,,"soy proteins isolate, soy proteins isolates, soy-proteins-isolate",100,g,100,96,22.8,2.1,1,1.6,0,0.1,300,0,Meals / Prepared Food,curated,Soya/Tofu
2850,Supplements,Protein & Meal Supplements,Spirulina Dried,,"spirulina dried, spirulina-dried",100,g,100,20,4,1.7,0.5,0.3,0.2,0.2,31,0,Meals / Prepared Food,curated,Spirulina
2851,Supplements,Protein & Meal Supplements,Whey Protein Powder Vanilla Eas,,"whey protein powder vanilla eas, whey protein powder vanilla ea, whey protein powder vanilla eases, whey-protein-powder-vanilla-eas",100,g,100,108,0,0,1.7,0,0,1.4,0,0,Meals / Prepared Food,curated,Whey Protein Powder Vanilla Eas
2852,Sweets & Candy,Candy,Butterscotch,,"butterscotch, butterscotches",100,g,100,21,0.1,4.8,0.2,0,4.3,0.1,39,0,Meals / Prepared Food,curated,"Sugar, Milk"
2853,Sweets & Candy,Candy,Caramel Custard Flan,,"caramel custard flan, caramel custard flans, caramel-custard-flan",100,g,100,444,13.9,69.7,12.3,0,70.8,5.5,200,275,Meals / Prepared Food,curated,"Sugar, Milk"
2854,Sweets & Candy,Candy,Caramel Popcorn,,"caramel popcorn, caramel popcorns, caramel-popcorn",100,g,100,122,1.1,22.4,3.6,1.5,15.1,1,69,1,Meals / Prepared Food,curated,"Sugar, Milk"
2855,Sweets & Candy,Candy,Caramels,,"caramels, caramel, caramelses",100,g,100,39,0.5,7.8,0.8,0,6.6,0.3,15,1,Meals / Prepared Food,curated,"Sugar, Milk"
2856,Sweets & Candy,Candy,Chewing Gum,,"chewing gum, chewing gums, chewing-gum",100,g,100,11,0,2.9,0,0,2,0.1,83,0,Meals / Prepared Food,curated,"Sugar, Milk"
2857,Sweets & Candy,Candy,Chewing Gum Sugarless,,"chewing gum sugarless, chewing gum sugarlesses, chewing-gum-sugarless",100,g,100,5,0,1.9,0,0.1,0,0.1,1,0,Meals / Prepared Food,curated,"Sugar, Milk"
2858,Sweets & Candy,Candy,Eisbonbons Mac Iver,,"eisbonbons mac iver, eisbonbons mac ivers, eisbonbons-mac-iver",100,g,100,23,0,0,0,0,0,0,0,0,Meals / Prepared Food,curated,"Sugar, Milk"
2859,Sweets & Candy,Candy,Gum Drops,,"gum drops, gum drop, gum dropses, gum-drops",100,g,100,18,0,4.4,0,0,3.5,0,8,0,Meals / Prepared Food,curated,"Sugar, Milk"
2860,Sweets & Candy,Candy,Gushers Fruit Gushers,,"gushers fruit gushers, gushers fruit gusher, gushers fruit gusherses, gushers-fruit-gushers",100,g,100,360,0,0.2,6,0,0,80,0,0,Meals / Prepared Food,curated,"Sugar, Milk"
2861,Sweets & Candy,Candy,Halavah,,"halavah, halavahs",100,g,100,328,8.7,42.3,15.1,3.2,0,2.9,100,0,Meals / Prepared Food,curated,"Sugar, Milk"
2862,Sweets & Candy,Candy,Hard Candy,,"hard candy, hard candies, hard-candy",100,g,100,24,0,5.9,0.1,0,3.8,0,21,0,Meals / Prepared Food,curated,"Sugar, Milk"
2863,Sweets & Candy,Candy,Jellybeans,,"jellybeans, jellybean, jellybeanses",100,g,100,4,0,1,0,0.1,0.8,0,76,0,Meals / Prepared Food,curated,"Sugar, Milk"
2864,Sweets & Candy,Candy,Marshmallow,,"marshmallow, marshmallows",100,g,100,64,0.4,16.3,0,0,11.5,0,39,0,Meals / Prepared Food,curated,"Sugar, Milk"
2865,Sweets & Candy,Candy,Pectin,,"pectin, pectins",100,g,100,163,0.2,45.2,0.2,4.3,0,0.1,100,0,Meals / Prepared Food,curated,"Sugar, Milk"
2866,Sweets & Candy,Candy,Praline,,"praline, pralines",100,g,100,189,1.3,23.2,10.1,1.4,21.8,0.9,16,0,Meals / Prepared Food,curated,"Sugar, Milk"
2867,Sweets & Candy,Candy,Taffy,,"taffy, taffies",100,g,100,60,0.1,13.7,0.5,0,10.3,0.3,28,1,Meals / Prepared Food,curated,"Sugar, Milk"
2868,Sweets & Candy,Candy,Toffee,,"toffee, toffees",100,g,100,67,0.1,7.8,3.9,0,7.6,2.5,44,12,Meals / Prepared Food,curated,"Sugar, Milk"
2869,Sweets & Candy,Candy,Yokan,,"yokan, yokans",100,g,100,36,0.5,8.5,0,0,0,0.1,50,0,Meals / Prepared Food,curated,"Sugar, Milk"
2870,Sweets & Candy,Chocolate,After Eight Mints Nestle,,"after eight mints nestle, after eight mints nestles, after-eight-mints-nestle",100,g,100,36,0.1,6.7,1,0.2,5.6,0.7,25,0,Meals / Prepared Food,curated,"Sugar, Milk"
2871,Sweets & Candy,Chocolate,Baking Chocolate,,"baking chocolate, baking chocolates, baking-chocolate",100,g,100,145,3.7,8.7,15.2,4.8,0.3,9.4,49,0,Meals / Prepared Food,curated,"Sugar, Milk"
2872,Sweets & Candy,Chocolate,Caramel with Nuts Chocolate Coated,,"caramel with nuts chocolate coated, caramel with nuts chocolate coateds, caramel-with-nuts-chocolate-coated",100,g,100,66,1.3,8.5,2.9,0.6,5.8,0.7,41,0,Meals / Prepared Food,curated,"Sugar, Milk"
2873,Sweets & Candy,Chocolate,Chocolate,,"chocolate, chocolates",100,g,100,208,1.6,24.8,14,2.3,21.1,8.2,1,0,Meals / Prepared Food,curated,"Sugar, Milk"
2874,Sweets & Candy,Chocolate,Chocolate Cake,,"chocolate cake, chocolate cakes, chocolate-cake",100,g,79.4,343.8,5.5,47.9,14.7,1.1,13.8,7.1,271,82,Meals / Prepared Food,curated,"Sugar, Milk"
2875,Sweets & Candy,Chocolate,Chocolate Cake with Chocolate Frosting,,"chocolate cake with chocolate frosting, chocolate cake with chocolate frostings, chocolate-cake-with-chocolate-frosting",100,g,100,537,4.8,72.9,27.7,3,55.1,8.2,500,30,Meals / Prepared Food,curated,"Sugar, Milk"
2876,Sweets & Candy,Chocolate,Chocolate Chip Cookie,,"chocolate chip cookie, chocolate chip cookies, chocolate-chip-cookie",100,g,100,63,0.5,9.3,2.8,0.3,5.3,1.4,47,0,Meals / Prepared Food,curated,"Sugar, Milk"
2877,Sweets & Candy,Chocolate,Chocolate Chip Cookies Mcdonalds,,"chocolate chip cookies mcdonalds, chocolate chip cookies mcdonald, chocolate chip cookies mcdonaldses, chocolate-chip-cookies-mcdonalds",100,g,100,136,1.6,18.7,6.4,0.6,9.6,3.2,58,18,Meals / Prepared Food,curated,"Sugar, Milk"
2878,Sweets & Candy,Chocolate,Chocolate Chip Granola Bar,,"chocolate chip granola bar, chocolate chip granola bars, chocolate-chip-granola-bar",100,g,100,105,1.8,17.3,3.9,1.1,0,2.7,62,0,Meals / Prepared Food,curated,"Sugar, Milk"
2879,Sweets & Candy,Chocolate,Chocolate Coated Donut,,"chocolate coated donut, chocolate coated donuts, chocolate-coated-donut",100,g,100,81,0.9,9.2,4.5,0.3,4.8,2.4,99,3,Meals / Prepared Food,curated,"Sugar, Milk"
2880,Sweets & Candy,Chocolate,Chocolate Coated Marshmallow,,"chocolate coated marshmallow, chocolate coated marshmallows, chocolate-coated-marshmallow",100,g,100,118,1.1,19,4.7,0.6,12.5,1.3,2,0,Meals / Prepared Food,curated,"Sugar, Milk"
2881,Sweets & Candy,Chocolate,Chocolate Covered Graham Crackers,,"chocolate covered graham crackers, chocolate covered graham cracker, chocolate covered graham crackerses, chocolate-covered-graham-crackers",100,g,100,68,0.8,9.3,3.2,0.4,5.8,1.8,67,0,Meals / Prepared Food,curated,"Sugar, Milk"
2882,Sweets & Candy,Chocolate,Chocolate Cream Pie,,"chocolate cream pie, chocolate cream pies, chocolate-cream-pie, malai",100,g,100,301,2.6,33.3,19.2,2,0,4.9,100,5,Meals / Prepared Food,curated,"Cream, Sugar, Milk"
2883,Sweets & Candy,Chocolate,Chocolate Donut,,"chocolate donut, chocolate donuts, chocolate-donut",100,g,100,250,2.7,34.4,11.9,1.3,19.2,3.1,100,34,Meals / Prepared Food,curated,"Sugar, Milk"
2884,Sweets & Candy,Chocolate,Chocolate Frosting,,"chocolate frosting, chocolate frostings, chocolate-frosting",100,g,100,81,0.2,13,3.6,0.2,11.8,1.1,25,0,Meals / Prepared Food,curated,"Sugar, Milk"
2885,Sweets & Candy,Chocolate,Chocolate Frozen Yogurt,,"chocolate frozen yogurt, chocolate frozen yogurts, chocolate-frozen-yogurt, dahi",100,g,100,221,5.2,37.6,6.3,4,33.5,4,100,23,Meals / Prepared Food,curated,"Yogurt (Curd), Yogurt, Sugar, Milk"
2886,Sweets & Candy,Chocolate,Chocolate Fudge,,"chocolate fudge, chocolate fudges, chocolate-fudge",100,g,100,70,0.4,13,1.8,0.3,12.4,1.1,32,2,Meals / Prepared Food,curated,"Sugar, Milk"
2887,Sweets & Candy,Chocolate,Chocolate Fudge Syrup,,"chocolate fudge syrup, chocolate fudge syrups, chocolate-fudge-syrup",100,g,100,67,0.9,12,1.7,0.5,6.6,0.8,84,0,Meals / Prepared Food,curated,"Sugar, Milk"
2888,Sweets & Candy,Chocolate,Chocolate Hazelnut Spread,,"chocolate hazelnut spread, chocolate hazelnut spreads, chocolate-hazelnut-spread",100,g,100,100,1,11.5,5.5,1,10,5.3,99,0,Meals / Prepared Food,curated,"Hazelnuts, Sugar, Milk"
2889,Sweets & Candy,Chocolate,Chocolate Mousse,,"chocolate mousse, chocolate mousses, chocolate-mousse",100,g,100,338,6.2,24.1,24,0.9,22.2,13.7,81,210,Meals / Prepared Food,curated,"Sugar, Milk"
2890,Sweets & Candy,Chocolate,Chocolate Powder For Milk,,"chocolate powder for milk, chocolate powder for milks, chocolate-powder-for-milk, doodh",100,g,100,88,1,19.9,0.5,1,18,0.5,12,0,Meals / Prepared Food,curated,"Milk, Sugar"
2891,Sweets & Candy,Chocolate,Chocolate Pretzels,,"chocolate pretzels, chocolate pretzel, chocolate pretzelses, chocolate-pretzels",100,g,100,50,0.8,7.8,1.8,0,0,0.8,37,0,Meals / Prepared Food,curated,"Sugar, Milk"
2892,Sweets & Candy,Chocolate,Chocolate Pudding,,"chocolate pudding, chocolate puddings, chocolate-pudding",100,g,132.8,212.5,3.3,32,8.2,0.3,23.2,3.7,186,24,Meals / Prepared Food,curated,"Sugar, Milk"
2893,Sweets & Candy,Chocolate,Chocolate Pudding Fat Free,,"chocolate pudding fat free, chocolate pudding fat frees, chocolate-pudding-fat-free",100,g,100,105,2.2,23.6,0.3,0.3,17.8,0,100,1,Meals / Prepared Food,curated,"Sugar, Milk"
2894,Sweets & Candy,Chocolate,Chocolate Rasberry Protein Mini Proteinfx,,"chocolate rasberry protein mini proteinfx, chocolate rasberry protein mini proteinfxes, chocolate-rasberry-protein-mini-proteinfx",100,g,100,102,0,0,2.9,0,0,1.8,0,0,Meals / Prepared Food,curated,"Sugar, Milk"
2895,Sweets & Candy,Chocolate,Chocolate Snack Cake,,"chocolate snack cake, chocolate snack cakes, chocolate-snack-cake",100,g,100,200,1.8,30.2,8,1.6,18.9,2.4,200,0,Meals / Prepared Food,curated,"Sugar, Milk"
2896,Sweets & Candy,Chocolate,Chocolate Soymilk,,"chocolate soymilk, chocolate soymilks, chocolate-soymilk",100,g,100,153,5.5,24.2,3.7,1,19.1,0.6,100,0,Meals / Prepared Food,curated,"Soymilk, Sugar, Milk"
2897,Sweets & Candy,Chocolate,Chocolate Soymilk Nonfat,,"chocolate soymilk nonfat, chocolate soymilk nonfats, chocolate-soymilk-nonfat",100,g,100,107,6,20.7,0,0.5,8.9,0,100,0,Meals / Prepared Food,curated,"Soymilk Nonfat, Soymilk, Sugar, Milk"
2898,Sweets & Candy,Chocolate,Chocolate Syrup,,"chocolate syrup, chocolate syrups, chocolate-syrup",100,g,100,109,0.8,25.4,0.4,1,19.4,0.2,61,0,Meals / Prepared Food,curated,"Sugar, Milk"
2899,Sweets & Candy,Chocolate,Chocolate Wafers,,"chocolate wafers, chocolate wafer, chocolate waferses, chocolate-wafers",100,g,100,485,7.4,81.1,15.9,3.8,33.2,4.7,800,2,Meals / Prepared Food,curated,"Sugar, Milk"
2900,Sweets & Candy,Chocolate,Chocolate Yogurt,,"chocolate yogurt, chocolate yogurts, chocolate-yogurt, dahi",100,g,100,168,5.3,35.3,0,1.8,22.5,0,200,2,Meals / Prepared Food,curated,"Yogurt (Curd), Yogurt, Sugar, Milk"
2901,Sweets & Candy,Chocolate,Dark Chocolate,,"dark chocolate, dark chocolates, dark-chocolate",100,g,100,165,1.5,18,9.7,2.2,13.8,5.7,13,2,Meals / Prepared Food,curated,"Sugar, Milk"
2902,Sweets & Candy,Chocolate,Kit Kat Nestle,,"kit kat nestle, kit kat nestles, kit-kat-nestle",100,g,100,62,0.7,7.6,3.3,0.2,6.5,2.2,22,1,Meals / Prepared Food,curated,"Sugar, Milk"
2903,Sweets & Candy,Chocolate,M Ms Milk Chocolate Mars,,"m ms milk chocolate mars, doodh, m ms milk chocolate mar, m ms milk chocolate marses, m-ms-milk-chocolate-mars",100,g,100,207,1.8,29.9,8.9,1.2,26.7,5.5,18,6,Meals / Prepared Food,curated,"Milk, Sugar"
2904,Sweets & Candy,Chocolate,M Ms Peanut Chocolate Mars,,"m ms peanut chocolate mars, m ms peanut chocolate mar, m ms peanut chocolate marses, m-ms-peanut-chocolate-mars, moongphali, mungfali",100,g,100,93,1.7,10.9,4.7,0.7,9.1,1.8,17,1,Meals / Prepared Food,curated,"Peanuts, Sugar, Milk"
2905,Sweets & Candy,Chocolate,Milk Chocolate,,"milk chocolate, doodh, milk chocolates, milk-chocolate",100,g,100,37,0.5,4.2,2.1,0.2,3.6,1.3,45,2,Meals / Prepared Food,curated,"Milk, Sugar"
2906,Sweets & Candy,Chocolate,Milk Chocolate with Almonds,,"milk chocolate with almonds, badam, doodh, milk chocolate with almond, milk chocolate with almondses, milk-chocolate-with-almonds",100,g,100,216,3.7,21.9,14.1,2.5,18,7.3,51,8,Meals / Prepared Food,curated,"Milk, Almonds, Sugar"
2907,Sweets & Candy,Chocolate,Milk Chocolate with Rice Cereal,,"milk chocolate with rice cereal, chawal, doodh, milk chocolate with rice cereals, milk-chocolate-with-rice-cereal",100,g,100,0,0,0,0,0,0,0,0,0,Meals / Prepared Food,curated,"Rice, Milk, Sugar"
2908,Sweets & Candy,Chocolate,Milky Way Mars,,"milky way mars, milky way mar, milky way marses, milky-way-mars",100,g,100,264,2.3,41.3,10,0.6,34.6,7,21,5,Meals / Prepared Food,curated,"Sugar, Milk"
2909,Sweets & Candy,Chocolate,Pain Au Chocolat De La Boulangerie,,"pain au chocolat de la boulangerie, pain au chocolat de la boulangeries, pain-au-chocolat-de-la-boulangerie",100,g,100,235,0,0,12,0,0,27.6,0,0,Meals / Prepared Food,curated,"Sugar, Milk"
2910,Sweets & Candy,Chocolate,Peanut Butter Fudge,,"peanut butter fudge, makhan, moongphali, mungfali, peanut butter fudges, peanut-butter-fudge",100,g,100,62,0.6,12.4,1.1,0.1,11.7,0.3,85,0,Meals / Prepared Food,curated,"Butter, Peanut Butter, Peanuts, Sugar, Milk"
2911,Sweets & Candy,Chocolate,Peanuts Chocolate Coated,,"peanuts chocolate coated, moongphali, mungfali, peanuts chocolate coateds, peanuts-chocolate-coated",100,g,100,21,0.5,2,1.3,0.2,1.5,0.6,63,0,Meals / Prepared Food,curated,"Peanuts, Sugar, Milk"
2912,Sweets & Candy,Chocolate,Raisins Chocolate Coated,,"raisins chocolate coated, kishmish, raisins chocolate coateds, raisins-chocolate-coated",100,g,100,390,4.1,68.4,14.8,3.1,62.2,10.3,21,3,Meals / Prepared Food,curated,"Raisins, Sugar, Milk"
2913,Sweets & Candy,Chocolate,Rolo Nestle,,"rolo nestle, rolo nestles, rolo-nestle",100,g,100,24,0,0.2,1,0,0.1,0.6,0,0,Meals / Prepared Food,curated,"Sugar, Milk"
2914,Sweets & Candy,Chocolate,Skittles Original Mars,,"skittles original mars, skittles original mar, skittles original marses, skittles-original-mars",100,g,100,251,0.1,56.3,2.7,0,47,2.6,25,0,Meals / Prepared Food,curated,"Sugar, Milk"
2915,Sweets & Candy,Chocolate,Skittles Tropical Mars,,"skittles tropical mars, skittles tropical mar, skittles tropical marses, skittles-tropical-mars",100,g,100,251,0.1,56.3,2.7,0,47,0,95,0,Meals / Prepared Food,curated,"Sugar, Milk"
2916,Sweets & Candy,Chocolate,Skittles Wild Berry Mars,,"skittles wild berry mars, skittles wild berry mar, skittles wild berry marses, skittles-wild-berry-mars",100,g,100,249,0.1,56.3,2.6,0,47.1,2.6,36,0,Meals / Prepared Food,curated,"Sugar, Milk"
2917,Sweets & Candy,Chocolate,Snickers Mars,,"snickers mars, snickers mar, snickers marses, snickers-mars",100,g,100,280,4.3,35.1,13.6,1.3,28.8,5.2,100,7,Meals / Prepared Food,curated,"Sugar, Milk"
2918,Sweets & Candy,Chocolate,Trail Mix with Chocolate Chips,,"trail mix with chocolate chips, trail mix with chocolate chip, trail mix with chocolate chipses, trail-mix-with-chocolate-chips",100,g,100,707,20.7,65.6,46.6,0,0,8.9,200,6,Meals / Prepared Food,curated,"Sugar, Milk"
2919,Sweets & Candy,Chocolate,Truffles,,"truffles, truffl, truffleses",100,g,100,61,0.7,5.4,4.1,0.3,4.6,2.2,34,6,Meals / Prepared Food,curated,"Sugar, Milk"
2920,Sweets & Candy,Chocolate,Twix Mars,,"twix mars, twix mar, twix marses, twix-mars",100,g,100,146,1.4,18.8,7.2,0.3,14,5.5,64,2,Meals / Prepared Food,curated,"Sugar, Milk"
2921,Sweets & Candy,Chocolate,Vanilla Fudge,,"vanilla fudge, vanilla fudges, vanilla-fudge",100,g,100,108,0.3,23.2,1.5,0,22.6,1,40,4,Meals / Prepared Food,curated,"Sugar, Milk"
2922,Sweets & Candy,Chocolate,Vanilla Fudge with Nuts,,"vanilla fudge with nuts, vanilla fudge with nut, vanilla fudge with nutses, vanilla-fudge-with-nuts",100,g,100,123,0.8,21.1,3.9,0.3,20.1,1.1,75,4,Meals / Prepared Food,curated,"Sugar, Milk"
2923,Sweets & Candy,Chocolate,White Chocolate,,"white chocolate, white chocolates, white-chocolate",100,g,100,162,1.8,17.8,9.6,0.1,17.7,5.8,9,6,Meals / Prepared Food,curated,"Sugar, Milk"
2924,Sweets & Candy,Chocolate,Yellow Cake with Chocolate Frosting,,"yellow cake with chocolate frosting, yellow cake with chocolate frostings, yellow-cake-with-chocolate-frosting",100,g,100,546,4.6,79.7,25.6,2.2,56.5,8.3,400,23,Meals / Prepared Food,curated,"Sugar, Milk"
2925,Sweets & Candy,Sugars & Sweeteners,Agave Syrup,,"agave syrup, agave syrups, agave-syrup",100,g,100,21,0,5.3,0.1,0,4.7,0,90,0,Meals / Prepared Food,curated,Agave Syrup
2926,Sweets & Candy,Sugars & Sweeteners,Aspartame Sweetener,,"aspartame sweetener, aspartame sweeteners, aspartame-sweetener",100,g,100,365,2.2,89.1,0,0,80.7,0,0,0,Meals / Prepared Food,curated,Aspartame Sweetener
2927,Sweets & Candy,Sugars & Sweeteners,Brown Sugar,,"brown sugar, brown sugars, brown-sugar, cheeni, shakkar",100,g,100,16,0,4.1,0,0,4.1,0,94,0,Meals / Prepared Food,curated,Sugar/Jaggery
2928,Sweets & Candy,Sugars & Sweeteners,Canadian Maple Syrup,,"canadian maple syrup, canadian maple syrups, canadian-maple-syrup",100,g,100,76,0,19.1,0,0,17,0,86,0,Meals / Prepared Food,curated,Canadian Maple Syrup
2929,Sweets & Candy,Sugars & Sweeteners,Corn Syrup Dark,,"corn syrup dark, bhutta, corn syrup darks, corn-syrup-dark, makka",100,g,100,57,0,15.5,0,0,15.5,0,47,0,Meals / Prepared Food,curated,Corn
2930,Sweets & Candy,Sugars & Sweeteners,Corn Syrup Light,,"corn syrup light, bhutta, corn syrup lights, corn-syrup-light, makka",100,g,100,62,0,16.9,0.1,0,16.9,0,65,0,Meals / Prepared Food,curated,Corn
2931,Sweets & Candy,Sugars & Sweeteners,Dulce De Leche,,"dulce de leche, dulce de leches, dulce-de-leche",100,g,100,60,1.3,10.5,1.4,0,9.5,0.9,36,6,Meals / Prepared Food,curated,Dulce De Leche
2932,Sweets & Candy,Sugars & Sweeteners,Fondant,,"fondant, fondants",100,g,100,106,0,26.4,0,0,25.2,0,22,0,Meals / Prepared Food,curated,Fondant
2933,Sweets & Candy,Sugars & Sweeteners,Fructose Sweetener,,"fructose sweetener, fructose sweeteners, fructose-sweetener",100,g,100,15,0,4.2,0,0,3.9,0,13,0,Meals / Prepared Food,curated,Fructose Sweetener
2934,Sweets & Candy,Sugars & Sweeteners,Gelatin Powder,,"gelatin powder, gelatin powders, gelatin-powder",100,g,100,17,4.3,0,0.1,0,0,0.1,29,0,Meals / Prepared Food,curated,Gelatin Powder
2935,Sweets & Candy,Sugars & Sweeteners,Granulated Sugar,,"granulated sugar, cheeni, granulated sugars, granulated-sugar, shakkar",100,g,100,16,0,4.2,0,0,4.2,0,19,0,Meals / Prepared Food,curated,Sugar/Jaggery
2936,Sweets & Candy,Sugars & Sweeteners,Honey,,"honey, honeys, shahad",100,g,100,64,0.1,17.3,0,0,17.2,0,11,0,Meals / Prepared Food,curated,Sugar/Jaggery
2937,Sweets & Candy,Sugars & Sweeteners,Honey Cereali General Mills,,"honey cereali general mills, honey cereali general mill, honey cereali general millses, honey-cereali-general-mills, shahad",100,g,100,104,0,3,2,0,0,21.2,0,0,Meals / Prepared Food,curated,Sugar/Jaggery
2938,Sweets & Candy,Sugars & Sweeteners,Honey Loaf,,"honey loaf, honey loafs, honey-loaf, shahad",100,g,100,85,9.9,2.6,3.6,0,2.6,1.3,400,26,Meals / Prepared Food,curated,Sugar/Jaggery
2939,Sweets & Candy,Sugars & Sweeteners,Honey Mustard Dressing,,"honey mustard dressing, honey mustard dressings, honey-mustard-dressing, shahad",100,g,100,70,0.1,3.5,6.1,0.1,2.4,0.8,19,4,Meals / Prepared Food,curated,Sugar/Jaggery
2940,Sweets & Candy,Sugars & Sweeteners,Honey Mustard Dressing Fat Free,,"honey mustard dressing fat free, honey mustard dressing fat frees, honey-mustard-dressing-fat-free, shahad",100,g,100,25,0.2,5.8,0.2,0.2,2.7,0,200,0,Meals / Prepared Food,curated,Sugar/Jaggery
2941,Sweets & Candy,Sugars & Sweeteners,Honey Smoked Ham Cooked,,"honey smoked ham cooked, honey-smoked-ham-cooked, shahad",100,g,100,67,9.9,4,1.3,0,0,0.6,500,12,Meals / Prepared Food,curated,"Pork, Sugar/Jaggery"
2942,Sweets & Candy,Sugars & Sweeteners,Malt Syrup,,"malt syrup, malt syrups, malt-syrup",100,g,100,67,1.3,15,0,0,15,0,50,0,Meals / Prepared Food,curated,Malt Syrup
2943,Sweets & Candy,Sugars & Sweeteners,Maple Sugar,,"maple sugar, cheeni, maple sugars, maple-sugar, shakkar",100,g,100,42,0,10.9,0.1,0,10.2,0.1,31,0,Meals / Prepared Food,curated,Sugar/Jaggery
2944,Sweets & Candy,Sugars & Sweeteners,Maple Syrup,,"maple syrup, maple syrups, maple-syrup",100,g,100,52,0.1,13.4,0,0,13.6,0,59,0,Meals / Prepared Food,curated,Maple Syrup
2945,Sweets & Candy,Sugars & Sweeteners,Molasses,,"molasses, molass, molasseses",100,g,100,58,0,14.9,0.1,0,14.9,0.1,7,0,Meals / Prepared Food,curated,Molasses
2946,Sweets & Candy,Sugars & Sweeteners,Nachos with Cinnamon Sugar,,"nachos with cinnamon sugar, cheeni, dalchini, nachos with cinnamon sugars, nachos-with-cinnamon-sugar, shakkar",100,g,100,592,7.2,63.4,36,0,0,18.2,400,39,Meals / Prepared Food,curated,Sugar/Jaggery
2947,Sweets & Candy,Sugars & Sweeteners,Nance Syrup,,"nance syrup, nance syrups, nance-syrup",100,g,100,4,0,0.8,0,0.3,0.6,0,35,0,Meals / Prepared Food,curated,Nance Syrup
2948,Sweets & Candy,Sugars & Sweeteners,Pancake Syrup,,"pancake syrup, pancake syrups, pancake-syrup",100,g,100,53,0,13.9,0.1,0,8.4,0,64,0,Meals / Prepared Food,curated,Pancake Syrup
2949,Sweets & Candy,Sugars & Sweeteners,Saccharin Sweetener,,"saccharin sweetener, saccharin sweeteners, saccharin-sweetener",100,g,100,360,0.9,89.1,0,0,85.2,0,400,0,Meals / Prepared Food,curated,Saccharin Sweetener
2950,Sweets & Candy,Sugars & Sweeteners,Sorghum Syrup,,"sorghum syrup, jowar, sorghum syrups, sorghum-syrup",100,g,100,61,0,15.7,0,0,15.7,0,96,0,Meals / Prepared Food,curated,Sorghum Syrup
2951,Sweets & Candy,Sugars & Sweeteners,Splenda Sweetener,,"splenda sweetener, splenda sweeteners, splenda-sweetener",100,g,100,336,0,91.2,0,0,80.3,0,0,0,Meals / Prepared Food,curated,Splenda Sweetener
2952,Sweets & Candy,Sugars & Sweeteners,Sugar Apple,,"sugar apple, cheeni, seb, shakkar, sugar apples, sugar-apple",100,g,100,72,1.6,18.2,0.2,3.4,0,0,45,0,Meals / Prepared Food,curated,Sugar/Jaggery
2953,Sweets & Candy,Sugars & Sweeteners,Sugar Coated Almonds,,"sugar coated almonds, badam, cheeni, shakkar, sugar coated almond, sugar coated almondses, sugar-coated-almonds",100,g,100,17,0.4,2.4,0.6,0,2.2,0,21,0,Meals / Prepared Food,curated,Sugar/Jaggery
2954,Sweets & Candy,Sugars & Sweeteners,Sugar Cookies,,"sugar cookies, cheeni, shakkar, sugar cookieses, sugar cooky, sugar-cookies",100,g,100,72,0.8,10.2,3.2,0.1,5.7,0.8,7,8,Meals / Prepared Food,curated,Sugar/Jaggery
2955,Sweets & Candy,Sugars & Sweeteners,Sugar Wafers with Creme Filling,,"sugar wafers with creme filling, cheeni, shakkar, sugar wafers with creme fillings, sugar-wafers-with-creme-filling",100,g,100,51,0.4,7.1,2.3,0.2,4.3,1.2,60,0,Meals / Prepared Food,curated,Sugar/Jaggery
2956,Sweets & Candy,Sugars & Sweeteners,Turbinado Sugar,,"turbinado sugar, cheeni, shakkar, turbinado sugars, turbinado-sugar",100,g,100,18,0,4.6,0,0,4.6,0,8,0,Meals / Prepared Food,curated,Sugar/Jaggery
2957,Sweets & Candy,Sugars & Sweeteners,White Sugar,,"white sugar, cheeni, shakkar, white sugars, white-sugar",100,g,100,19,0,5,0,0,4.9,0,12,0,Meals / Prepared Food,curated,Sugar/Jaggery
2958,Vegetables,Mushrooms,Chanterelle Mushrooms,,"chanterelle mushrooms, chanterelle mushroom, chanterelle mushroomses, chanterelle-mushrooms, khumb",100,g,100,2,0,0.4,0.1,0.2,0.1,0,28,0,Raw,curated,Mushroom
2959,Vegetables,Mushrooms,Cloud Ear Fungus Dried,,"cloud ear fungus dried, cloud-ear-fungus-dried",100,g,100,80,2.6,20.4,0.2,19.6,0,0,36,0,Raw,curated,Cloud Ear Fungus
2960,Vegetables,Mushrooms,Crimini Mushrooms,,"crimini mushrooms, crimini mushroom, crimini mushroomses, crimini-mushrooms, khumb",100,g,100,1,0.2,0.3,0,0.1,0.1,0.1,86,0,Raw,curated,Mushroom
2961,Vegetables,Mushrooms,Enoki Mushrooms,,"enoki mushrooms, enoki mushroom, enoki mushroomses, enoki-mushrooms, khumb",100,g,100,1,0.1,0.2,0.1,0.1,0,0,84,0,Raw,curated,Mushroom
2962,Vegetables,Mushrooms,Jews Ear,,"jews ear, jews ears, jews-ear",100,g,100,25,0.5,6.7,0.1,0,0,0,27,0,Raw,curated,Jews Ear
2963,Vegetables,Mushrooms,Maitake Mushrooms,,"maitake mushrooms, khumb, maitake mushroom, maitake mushroomses, maitake-mushrooms",100,g,100,0,0,0.1,0,0,0,0,59,0,Raw,curated,Mushroom
2964,Vegetables,Mushrooms,Morel Mushrooms,,"morel mushrooms, khumb, morel mushroom, morel mushroomses, morel-mushrooms",100,g,100,4,0.4,0.7,0.1,0.4,0.1,0.1,80,0,Raw,curated,Mushroom
2965,Vegetables,Mushrooms,Mushrooms Cooked,,"mushrooms cooked, khumb, mushrooms-cooked",100,g,100,44,3.4,8.3,0.7,3.4,3.7,0,11,0,Meals / Prepared Food,curated,Mushrooms
2966,Vegetables,Mushrooms,Mushrooms Raw,,"mushrooms raw, khumb, mushrooms-raw",100,g,100,15,2.2,2.3,0.2,0.7,1.4,0.1,53,0,Raw,curated,Mushrooms
2967,Vegetables,Mushrooms,Oyster Mushroom,,"oyster mushroom, khumb, oyster mushrooms, oyster-mushroom",100,g,100,5,0.5,0.9,0,0.3,0.2,0,98,0,Raw,curated,Mushroom
2968,Vegetables,Mushrooms,Pepeao Dried,,"pepeao dried, pepeao-dried",100,g,100,72,1.2,19.4,0.1,0,0,0,72,0,Raw,curated,Pepeao
2969,Vegetables,Mushrooms,Portabella Mushrooms Grilled,,"portabella mushrooms grilled, khumb, portabella-mushrooms-grilled",100,g,100,35,4,5.4,0.7,2.7,2.7,0,47,0,Meals / Prepared Food,curated,Portabella Mushrooms
2970,Vegetables,Mushrooms,Portabella Mushrooms Raw,,"portabella mushrooms raw, khumb, portabella-mushrooms-raw",100,g,100,19,1.8,3.3,0.3,1.1,2.2,0,14,0,Raw,curated,Portabella Mushrooms
2971,Vegetables,Mushrooms,Shiitake Mushrooms Cooked,,"shiitake mushrooms cooked, khumb, shiitake-mushrooms-cooked",100,g,100,10,0.3,2.6,0,0.4,0.7,0.1,48,0,Meals / Prepared Food,curated,Shiitake Mushrooms
2972,Vegetables,Mushrooms,Shiitake Mushrooms Dried,,"shiitake mushrooms dried, khumb, shiitake-mushrooms-dried",100,g,100,11,0.3,2.7,0.1,0.4,0,0,86,0,Raw,curated,Shiitake Mushrooms
2973,Vegetables,Mushrooms,Shiitake Mushrooms Raw,,"shiitake mushrooms raw, khumb, shiitake-mushrooms-raw",100,g,100,6,0.4,1.3,0,0.5,0.5,0,96,0,Raw,curated,Shiitake Mushrooms
2974,Vegetables,Mushrooms,Straw Mushrooms Canned,,"straw mushrooms canned, khumb, straw-mushrooms-canned",100,g,100,2,0.2,0.3,0.1,0.1,0,0.1,49,0,Meals / Prepared Food,curated,Straw Mushrooms
2975,Vegetables,Vegetables,Ancho Pepper Dried,,"ancho pepper dried, ancho-pepper-dried",100,g,100,48,2,8.7,1.4,3.7,0,0.1,68,0,Raw,curated,Ancho Pepper
2976,Vegetables,Vegetables,Arrowhead,,"arrowhead, arrowheads",100,g,100,12,0.6,2.4,0.1,0,0,0,82,0,Raw,curated,Arrowhead
2977,Vegetables,Vegetables,Artichoke Cooked,,"artichoke cooked, artichoke-cooked",100,g,100,64,3.5,14.3,0.4,10.3,1.2,0.1,87,0,Meals / Prepared Food,curated,Artichoke
2978,Vegetables,Vegetables,Artichoke Raw,,"artichoke raw, artichoke-raw",100,g,100,60,4.2,13.5,0.2,6.9,1.3,0.1,100,0,Raw,curated,Artichoke
2979,Vegetables,Vegetables,Arugula,,"arugula, arugulas",100,g,100,5,0.5,0.7,0.1,0.3,0.4,0,18,0,Raw,curated,Arugula
2980,Vegetables,Vegetables,Asparagus Canned,,"asparagus canned, asparagus-canned",100,g,100,62,7.4,10.2,0.7,4.1,4.1,0.2,100,0,Meals / Prepared Food,curated,Asparagus
2981,Vegetables,Vegetables,Asparagus Cooked,,"asparagus cooked, asparagus-cooked",100,g,100,3,0.4,0.6,0.1,0.3,0.2,0,0,0,Meals / Prepared Food,curated,Asparagus
2982,Vegetables,Vegetables,Asparagus Raw,,"asparagus raw, asparagus-raw",100,g,100,2,0.3,0.5,0,0.3,0.2,0,47,0,Raw,curated,Asparagus
2983,Vegetables,Vegetables,Baby Carrots,,"baby carrots, baby carrot, baby carrotses, baby-carrots, gajar",100,g,100,5,0,1.2,0.1,0.4,0.7,0,97,0,Raw,curated,Carrot
2984,Vegetables,Vegetables,Baby Zucchini,,"baby zucchini, baby zucchinis, baby-zucchini",100,g,100,2,0.3,0.3,0.1,0.1,0,0,41,0,Raw,curated,Baby Zucchini
2985,Vegetables,Vegetables,Bamboo Shoots Cooked,,"bamboo shoots cooked, bamboo-shoots-cooked",100,g,100,14,1.8,2.3,0.3,1.2,0,0,40,0,Meals / Prepared Food,curated,Bamboo Shoots
2986,Vegetables,Vegetables,Bamboo Shoots Raw,,"bamboo shoots raw, bamboo-shoots-raw",100,g,100,49,4.7,9.4,0.5,4,5.4,0.1,67,0,Raw,curated,Bamboo Shoots
2987,Vegetables,Vegetables,Banana Pepper,,"banana pepper, banana peppers, banana-pepper, kela",100,g,100,9,0.5,1.8,0.1,1.1,0.6,0,39,0,Raw,curated,Banana
2988,Vegetables,Vegetables,Beet Greens Cooked,,"beet greens cooked, beet-greens-cooked, chukandar",100,g,100,39,3.7,7.9,0.3,4.2,0.9,0,300,0,Meals / Prepared Food,curated,Beet Greens
2989,Vegetables,Vegetables,Beet Greens Raw,,"beet greens raw, beet-greens-raw, chukandar",100,g,100,8,0.8,1.6,0.1,1.4,0.2,0,13,0,Raw,curated,Beet Greens
2990,Vegetables,Vegetables,Beets Canned,,"beets canned, beets-canned, chukandar",100,g,100,69,2,16.2,0.2,3,13.2,0,20,0,Meals / Prepared Food,curated,Beets
2991,Vegetables,Vegetables,Beets Cooked,,"beets cooked, beets-cooked, chukandar",100,g,100,22,0.8,5,0.1,1,4,0,35,0,Meals / Prepared Food,curated,Beets
2992,Vegetables,Vegetables,Beets Raw,,"beets raw, beets-raw, chukandar",100,g,100,58,2.2,13,0.2,3.8,9.2,0,100,0,Raw,curated,Beets
2993,Vegetables,Vegetables,Black Eyed Cowpeas Cooked,,"black eyed cowpeas cooked, black-eyed-cowpeas-cooked",100,g,100,160,5.2,33.5,0.6,8.3,5.3,0.2,36,0,Meals / Prepared Food,curated,Black Eyed Cowpeas
2994,Vegetables,Vegetables,Black Eyed Cowpeas Raw,,"black eyed cowpeas raw, black-eyed-cowpeas-raw",100,g,100,131,4.3,27.3,0.5,7.3,4.4,0.1,48,0,Raw,curated,Black Eyed Cowpeas
2995,Vegetables,Vegetables,Borage,,"borage, borages",100,g,100,19,1.6,2.7,0.6,0,0,0.2,23,0,Raw,curated,Borage
2996,Vegetables,Vegetables,Broccoli Cooked,,"broccoli cooked, broccoli-cooked",100,g,100,98,6.7,20.1,1.1,9.2,3.9,0.2,100,0,Meals / Prepared Food,curated,Broccoli
2997,Vegetables,Vegetables,Broccoli Raab Cooked,,"broccoli raab cooked, broccoli-raab-cooked",100,g,100,21,3.3,2.7,0.4,2.4,0.5,0.1,77,0,Meals / Prepared Food,curated,Broccoli Raab
2998,Vegetables,Vegetables,Broccoli Raab Raw,,"broccoli raab raw, broccoli-raab-raw",100,g,100,9,1.3,1.1,0.2,1.1,0.2,0,40,0,Raw,curated,Broccoli Raab
2999,Vegetables,Vegetables,Broccoli Raw,,"broccoli raw, broccoli-raw",100,g,100,31,2.6,6,0.3,2.4,1.5,0.1,49,0,Raw,curated,Broccoli
3000,Vegetables,Vegetables,Brussels Sprouts Cooked,,"brussels sprouts cooked, brussels-sprouts-cooked",100,g,100,8,0.5,1.5,0.1,0.5,0.4,0.1,51,0,Meals / Prepared Food,curated,Brussels Sprouts
3001,Vegetables,Vegetables,Brussels Sprouts Raw,,"brussels sprouts raw, brussels-sprouts-raw",100,g,100,8,0.6,1.7,0.1,0.7,0.4,0.1,49,0,Raw,curated,Brussels Sprouts
3002,Vegetables,Vegetables,Burdock Root Cooked,,"burdock root cooked, burdock-root-cooked",100,g,100,146,3.5,35.1,0.2,3,5.9,0,400,0,Meals / Prepared Food,curated,Burdock Root
3003,Vegetables,Vegetables,Burdock Root Raw,,"burdock root raw, burdock-root-raw",100,g,100,85,1.8,20.5,0.2,3.9,3.4,0.1,8,0,Raw,curated,Burdock Root
3004,Vegetables,Vegetables,Butterbur,,"butterbur, butterburs",100,g,100,4,0.1,0.5,0.2,0,0,0,53,0,Meals / Prepared Food,curated,Butterbur
3005,Vegetables,Vegetables,Cabbage Cooked,,"cabbage cooked, band gobi, cabbage-cooked, patta gobi",100,g,100,35,1.9,8.3,0,2.9,4.2,0,11,0,Meals / Prepared Food,curated,"Cauliflower, Cabbage"
3006,Vegetables,Vegetables,Cabbage Raw,,"cabbage raw, band gobi, cabbage-raw, patta gobi",100,g,100,70,3.6,16.2,0.3,7,9,0.1,6,0,Raw,curated,"Cauliflower, Cabbage"
3007,Vegetables,Vegetables,Cardoon Cooked,,"cardoon cooked, cardoon-cooked",100,g,100,26,0.9,6.4,0.1,2,0,0,200,0,Meals / Prepared Food,curated,Cardoon
3008,Vegetables,Vegetables,Cardoon Raw,,"cardoon raw, cardoon-raw",100,g,100,30,1.2,7.2,0.2,2.8,0,0.1,300,0,Raw,curated,Cardoon
3009,Vegetables,Vegetables,Carrots Canned,,"carrots canned, carrots-canned, gajar",100,g,100,104,2.6,24.4,0.6,8.2,11.2,0.1,200,0,Meals / Prepared Food,curated,Carrot
3010,Vegetables,Vegetables,Carrots Cooked,,"carrots cooked, carrots-cooked, gajar",100,g,100,16,0.3,3.8,0.1,1.4,1.6,0.1,25,0,Meals / Prepared Food,curated,Carrot
3011,Vegetables,Vegetables,Carrots Raw,,"carrots raw, carrots-raw, gajar",100,g,100,25,0.6,5.8,0.1,1.7,2.9,0,24,0,Raw,curated,Carrot
3012,Vegetables,Vegetables,Catjang Cowpeas Cooked,,"catjang cowpeas cooked, catjang-cowpeas-cooked",100,g,100,200,13.9,34.7,1.2,6.2,0,0.3,21,0,Meals / Prepared Food,curated,Catjang Cowpeas
3013,Vegetables,Vegetables,Catjang Cowpeas Raw,,"catjang cowpeas raw, catjang-cowpeas-raw",100,g,100,573,39.8,99.6,3.5,17.9,0,0.9,70,0,Raw,curated,Catjang Cowpeas
3014,Vegetables,Vegetables,Cattail,,"cattail, cattails",100,g,100,5,0.2,1,0,0.9,0.1,0,31,0,Raw,curated,Cattail
3015,Vegetables,Vegetables,Cauliflower Cooked,,"cauliflower cooked, cauliflower-cooked, gobi, phool gobi",100,g,100,29,2.3,5.1,0.6,2.9,2.6,0.1,94,0,Meals / Prepared Food,curated,Cauliflower
3016,Vegetables,Vegetables,Cauliflower Raw,,"cauliflower raw, cauliflower-raw, gobi, phool gobi",100,g,100,3,0.2,0.6,0.1,0.3,0.2,0.1,42,0,Raw,curated,Cauliflower
3017,Vegetables,Vegetables,Celeriac Cooked,,"celeriac cooked, celeriac-cooked",100,g,100,42,1.5,9.1,0.3,0,0,0,84,0,Meals / Prepared Food,curated,Celeriac
3018,Vegetables,Vegetables,Celeriac Raw,,"celeriac raw, celeriac-raw",100,g,100,66,2.3,14.4,0.5,2.8,2.5,0.1,200,0,Raw,curated,Celeriac
3019,Vegetables,Vegetables,Celery Cooked,,"celery cooked, celery-cooked",100,g,100,7,0.3,1.5,0.1,0.6,0.9,0.1,93,0,Meals / Prepared Food,curated,Celery
3020,Vegetables,Vegetables,Celery Raw,,"celery raw, celery-raw",100,g,100,6,0.3,1.2,0,0.6,0.5,0,19,0,Raw,curated,Celery
3021,Vegetables,Vegetables,Celtuce,,"celtuce, celtuces",100,g,100,1,0.1,0.3,0.1,0.1,0,0,94,0,Raw,curated,Celtuce
3022,Vegetables,Vegetables,Chayote Cooked,,"chayote cooked, chayote-cooked",100,g,100,35,1,7.2,0.8,4.5,0,0.1,400,0,Meals / Prepared Food,curated,Chayote
3023,Vegetables,Vegetables,Chayote Raw,,"chayote raw, chayote-raw",100,g,100,25,1.1,6,0.2,2.2,2.2,0,94,0,Raw,curated,Chayote
3024,Vegetables,Vegetables,Chicory Greens,,"chicory greens, chicory green, chicory greenses, chicory-greens",100,g,100,7,0.5,1.4,0.1,1.2,0.2,0.1,17,0,Raw,curated,Chicory Greens
3025,Vegetables,Vegetables,Chicory Roots,,"chicory roots, chicory root, chicory rootses, chicory-roots",100,g,100,65,1.3,15.8,0.2,1.4,7.9,0.1,55,0,Raw,curated,Chicory Roots
3026,Vegetables,Vegetables,Chili Peppers Canned,,"chili peppers canned, chili-peppers-canned, hari mirch, mirch",100,g,100,29,1,6.4,0.4,2.4,0,0,600,0,Meals / Prepared Food,curated,Chili Peppers
3027,Vegetables,Vegetables,Chinese Cabbage Pak Choi Cooked,,"chinese cabbage pak choi cooked, band gobi, chinese-cabbage-pak-choi-cooked, patta gobi",100,g,100,20,2.7,3,0.3,1.7,1.4,0,500,0,Meals / Prepared Food,curated,"Cauliflower, Cabbage"
3028,Vegetables,Vegetables,Chinese Cabbage Pak Choi Raw,,"chinese cabbage pak choi raw, band gobi, chinese-cabbage-pak-choi-raw, patta gobi",100,g,100,9,1.1,1.5,0.1,0.7,0.8,0,87,0,Raw,curated,"Cauliflower, Cabbage"
3029,Vegetables,Vegetables,Chinese Cabbage Pe Tsai Cooked,,"chinese cabbage pe tsai cooked, band gobi, chinese-cabbage-pe-tsai-cooked, patta gobi",100,g,100,17,1.8,2.9,0.2,2,0,0,300,0,Meals / Prepared Food,curated,"Cauliflower, Cabbage"
3030,Vegetables,Vegetables,Chinese Cabbage Pe Tsai Raw,,"chinese cabbage pe tsai raw, band gobi, chinese-cabbage-pe-tsai-raw, patta gobi",100,g,100,12,0.9,2.5,0.2,0.9,1.1,0,49,0,Raw,curated,"Cauliflower, Cabbage"
3031,Vegetables,Vegetables,Chives Dried,,"chives dried, chives-dried",100,g,100,1,0,0.1,0.1,0,0,0.1,40,0,Raw,curated,Chives
3032,Vegetables,Vegetables,Chives Raw,,"chives raw, chives-raw",100,g,100,1,0,0.1,0.1,0,0,0.1,99,0,Raw,curated,Chives
3033,Vegetables,Vegetables,Chrysanthemum Cooked,,"chrysanthemum cooked, chrysanthemum-cooked",100,g,100,20,1.6,4.3,0,2.3,2,0,42,0,Meals / Prepared Food,curated,Chrysanthemum
3034,Vegetables,Vegetables,Chrysanthemum Raw,,"chrysanthemum raw, chrysanthemum-raw",100,g,100,12,1.7,1.5,0.3,1.5,0,0,12,0,Raw,curated,Chrysanthemum
3035,Vegetables,Vegetables,Collard Cooked,,"collard cooked, collard-cooked",100,g,100,63,5.1,10.7,1.4,7.6,0,0,13,0,Meals / Prepared Food,curated,Collard
3036,Vegetables,Vegetables,Collard Raw,,"collard raw, collard-raw",100,g,100,12,1.1,2,0.2,1.4,0.2,0,14,0,Raw,curated,Collard
3037,Vegetables,Vegetables,Corn Canned,,"corn canned, bhutta, corn-canned, makka",100,g,100,49,1.6,11.1,0.6,1.4,3.3,0,200,0,Meals / Prepared Food,curated,Corn
3038,Vegetables,Vegetables,Corn Cones,,"corn cones, bhutta, corn con, corn coneses, corn-cones, makka",100,g,100,144,1.6,17.8,7.6,0.3,0,6.4,300,0,Raw,curated,Corn
3039,Vegetables,Vegetables,Corn Cooked,,"corn cooked, bhutta, corn-cooked, makka",100,g,100,99,3.5,21.6,1.5,2.5,4.7,0.2,39,0,Meals / Prepared Food,curated,Corn
3040,Vegetables,Vegetables,Corn Dried,,"corn dried, bhutta, corn-dried, makka",100,g,100,119,4.1,18.8,3,5.8,6,0.6,29,0,Raw,curated,Corn
3041,Vegetables,Vegetables,Corn Raw,,"corn raw, bhutta, corn-raw, makka",100,g,100,123,4.7,26.7,1.9,2.9,9,0.5,83,0,Raw,curated,Corn
3042,Vegetables,Vegetables,Cornsalad,,"cornsalad, cornsalads",100,g,100,12,1.1,2,0.2,0,0,0,67,0,Meals / Prepared Food,curated,Cornsalad
3043,Vegetables,Vegetables,Cowpeas Canned,,"cowpeas canned, cowpeas-canned",100,g,100,185,11.4,32.7,1.3,7.9,0,0.3,700,0,Meals / Prepared Food,curated,Cowpeas
3044,Vegetables,Vegetables,Cowpeas Cooked,,"cowpeas cooked, cowpeas-cooked",100,g,100,81,5.4,14.5,0.4,4.6,2.3,0,37,0,Meals / Prepared Food,curated,Cowpeas
3045,Vegetables,Vegetables,Cowpeas Raw,,"cowpeas raw, cowpeas-raw",100,g,100,41,3.1,8.9,0.3,3.1,4.7,0.1,26,0,Raw,curated,Cowpeas
3046,Vegetables,Vegetables,Crookneck Squash Canned,,"crookneck squash canned, crookneck-squash-canned",100,g,100,27,1.3,6.2,0.1,2.9,2.5,0.1,6,0,Meals / Prepared Food,curated,Crookneck Squash
3047,Vegetables,Vegetables,Crookneck Squash Cooked,,"crookneck squash cooked, crookneck-squash-cooked",100,g,100,34,1.9,6.8,0.7,2,4.5,0.1,400,0,Meals / Prepared Food,curated,Crookneck Squash
3048,Vegetables,Vegetables,Crookneck Squash Raw,,"crookneck squash raw, crookneck-squash-raw",100,g,100,24,1.3,4.9,0.3,1.3,4.5,0.1,47,0,Raw,curated,Crookneck Squash
3049,Vegetables,Vegetables,Cucumber,,"cucumber, cucumbers, kheera",100,g,100,23,1,5.4,0.2,0.8,2.5,0.1,61,0,Raw,curated,Cucumber
3050,Vegetables,Vegetables,Cucumber Peeled,,"cucumber peeled, cucumber peeleds, cucumber-peeled, kheera",100,g,100,16,0.8,2.9,0.2,0.9,1.8,0.1,98,0,Raw,curated,Cucumber
3051,Vegetables,Vegetables,Dandelion Greens Cooked,,"dandelion greens cooked, dandelion-greens-cooked",100,g,100,35,2.1,6.7,0.6,3,1.7,0,300,0,Meals / Prepared Food,curated,Dandelion Greens
3052,Vegetables,Vegetables,Dandelion Greens Raw,,"dandelion greens raw, dandelion-greens-raw",100,g,100,25,1.5,5.1,0.4,1.9,0.4,0,43,0,Raw,curated,Dandelion Greens
3053,Vegetables,Vegetables,Dock,,"dock, docks",100,g,100,29,2.7,4.3,0.9,3.9,0,0,25,0,Raw,curated,Dock
3054,Vegetables,Vegetables,Dried Tomatoes,,"dried tomatoes, dried tomato, dried tomatoeses, dried-tomatoes, tamatar",100,g,100,5,0.3,1.1,0.1,0.2,0.8,0,69,0,Raw,curated,Tomato
3055,Vegetables,Vegetables,Drumstick Leaves Cooked,,"drumstick leaves cooked, drumstick-leaves-cooked, saijan",100,g,100,25,2.2,4.7,0.4,0.8,0.4,0,100,0,Meals / Prepared Food,curated,Drumstick
3056,Vegetables,Vegetables,Drumstick Leaves Raw,,"drumstick leaves raw, drumstick-leaves-raw, saijan",100,g,100,13,2,1.7,0.3,0.4,0,0,71,0,Raw,curated,Drumstick
3057,Vegetables,Vegetables,Drumstick Pods Cooked,,"drumstick pods cooked, drumstick-pods-cooked, saijan",100,g,100,42,2.5,9.7,0.2,5,0,0,300,0,Meals / Prepared Food,curated,Drumstick
3058,Vegetables,Vegetables,Drumstick Pods Raw,,"drumstick pods raw, drumstick-pods-raw, saijan",100,g,100,37,2.1,8.5,0.2,3.2,0,0,77,0,Raw,curated,Drumstick
3059,Vegetables,Vegetables,Eggplant Cooked,,"eggplant cooked, baingan, eggplant-cooked",100,g,100,33,0.8,8.1,0.2,2.5,3.2,0,200,0,Meals / Prepared Food,curated,Eggplant (Brinjal)
3060,Vegetables,Vegetables,Eggplant Raw,,"eggplant raw, baingan, eggplant-raw",100,g,100,115,4.5,26.9,0.8,13.7,16.2,0.2,28,0,Raw,curated,Eggplant (Brinjal)
3061,Vegetables,Vegetables,Endive,,"endive, endives",100,g,100,9,0.6,1.7,0.1,1.6,0.1,0,80,0,Raw,curated,Endive
3062,Vegetables,Vegetables,Fennel,,"fennel, fennels, saunf",100,g,100,73,2.9,17.1,0.5,7.3,0,0,100,0,Raw,curated,Fennel
3063,Vegetables,Vegetables,Fireweed Leaves,,"fireweed leaves, fireweed leav, fireweed leaveses, fireweed-leaves",100,g,100,24,1.1,4.4,0.6,2.4,0,0,35,0,Raw,curated,Fireweed Leaves
3064,Vegetables,Vegetables,Garden Cress Cooked,,"garden cress cooked, garden-cress-cooked",100,g,100,31,2.6,5.1,0.8,0.9,4.2,0,300,0,Meals / Prepared Food,curated,Garden Cress
3065,Vegetables,Vegetables,Garden Cress Raw,,"garden cress raw, garden-cress-raw",100,g,100,3,0.2,0.5,0.1,0.1,0.4,0.1,79,0,Raw,curated,Garden Cress
3066,Vegetables,Vegetables,Garlic,,"garlic, garlics, lasan, lehsun",100,g,100,4,0.2,0.9,0,0.1,0,0,18,0,Raw,curated,Garlic
3067,Vegetables,Vegetables,Gourd Cooked,,"gourd cooked, gourd-cooked",100,g,100,100,1.2,25.5,0.6,5.2,9.2,0,65,0,Meals / Prepared Food,curated,Gourd
3068,Vegetables,Vegetables,Gourd Raw,,"gourd raw, gourd-raw",100,g,100,19,1.1,4.1,0.2,1,1.9,0.1,30,0,Raw,curated,Gourd
3069,Vegetables,Vegetables,Green Chili Pepper,,"green chili pepper, green chili peppers, green-chili-pepper, hari mirch, mirch",100,g,100,18,0.9,4.3,0.1,0.7,2.3,0.1,23,0,Raw,curated,Green Chili Pepper
3070,Vegetables,Vegetables,Green Lettuce,,"green lettuce, green lettuces, green-lettuce",100,g,100,23,2,4.3,0.2,2,1.2,0,50,0,Raw,curated,Green Lettuce
3071,Vegetables,Vegetables,Green Peppers Canned,,"green peppers canned, green-peppers-canned",100,g,100,15,0.7,3.7,0.1,0.9,2.3,0.1,900,0,Meals / Prepared Food,curated,Green Peppers
3072,Vegetables,Vegetables,Green Tomato,,"green tomato, green tomatos, green-tomato, tamatar",100,g,100,42,2.2,9.3,0.4,2,7.3,0,55,0,Raw,curated,Tomato
3073,Vegetables,Vegetables,Hearts of Palm,,"hearts of palm, hearts of palms, hearts-of-palm",100,g,100,9,0.8,1.5,0.2,0.8,0,0.1,100,0,Raw,curated,Hearts of Palm
3074,Vegetables,Vegetables,Hot Chile Pepper Dried,,"hot chile pepper dried, hot-chile-pepper-dried",100,g,100,2,0.1,0.3,0.1,0.1,0.2,0,41,0,Raw,curated,Hot Chile Pepper
3075,Vegetables,Vegetables,Hubbard Squash Cooked,,"hubbard squash cooked, hubbard-squash-cooked",100,g,100,57,2.8,12.3,0.7,5.5,5.6,0.1,500,0,Meals / Prepared Food,curated,Hubbard Squash
3076,Vegetables,Vegetables,Hubbard Squash Raw,,"hubbard squash raw, hubbard-squash-raw",100,g,100,46,2.3,10.1,0.6,4.5,4.6,0.1,94,0,Raw,curated,Hubbard Squash
3077,Vegetables,Vegetables,Hungarian Pepper,,"hungarian pepper, hungarian peppers, hungarian-pepper",100,g,100,8,0.2,1.8,0.1,0.3,1,0.1,28,0,Raw,curated,Hungarian Pepper
3078,Vegetables,Vegetables,Iceberg Lettuce,,"iceberg lettuce, iceberg lettuces, iceberg-lettuce",100,g,100,8,0.5,1.7,0,0.7,1.1,0.1,22,0,Raw,curated,Iceberg Lettuce
3079,Vegetables,Vegetables,Indian Squash Cooked,,"indian squash cooked, indian-squash-cooked",100,g,100,38,0.7,7.6,0.4,3.5,4.7,0,0,0,Meals / Prepared Food,curated,Indian Squash
3080,Vegetables,Vegetables,Irishmoss,,"irishmoss, irishmosses",100,g,100,2,0,0.6,0,0.1,0.1,0.1,84,0,Raw,curated,Irishmoss
3081,Vegetables,Vegetables,Jalapeno Pepper,,"jalapeno pepper, jalapeno peppers, jalapeno-pepper",100,g,100,4,0.1,0.9,0,0.4,0.6,0.1,28,0,Raw,curated,Jalapeno Pepper
3082,Vegetables,Vegetables,Jalapeno Peppers Canned,,"jalapeno peppers canned, jalapeno-peppers-canned",100,g,100,37,1.3,6.4,1.3,3.5,2.9,0.1,2300,0,Meals / Prepared Food,curated,Jalapeno Peppers
3083,Vegetables,Vegetables,Japanese Cabbage,,"japanese cabbage, band gobi, japanese cabbages, japanese-cabbage, patta gobi",100,g,100,45,2.4,8.5,0.2,4.7,2,0.1,400,0,Raw,curated,"Cauliflower, Cabbage"
3084,Vegetables,Vegetables,Jerusalem Artichokes,,"jerusalem artichokes, jerusalem artichok, jerusalem artichokeses, jerusalem-artichokes",100,g,100,110,3,26.2,0,2.4,14.4,0,11,0,Raw,curated,Jerusalem Artichokes
3085,Vegetables,Vegetables,Jute Cooked,,"jute cooked, jute-cooked",100,g,100,32,3.2,6.3,0.2,1.7,0.9,0,43,0,Meals / Prepared Food,curated,Jute
3086,Vegetables,Vegetables,Jute Raw,,"jute raw, jute-raw",100,g,100,10,1.3,1.6,0,0,0,0,42,0,Raw,curated,Jute
3087,Vegetables,Vegetables,Kale Cooked,,"kale cooked, kale-cooked",100,g,100,42,3.5,6.3,1.4,4.7,1.4,0.2,18,0,Meals / Prepared Food,curated,Kale
3088,Vegetables,Vegetables,Kale Raw,,"kale raw, kale-raw",100,g,100,7,0.6,0.9,0.3,0.9,0.2,0.1,45,0,Raw,curated,Kale
3089,Vegetables,Vegetables,Kanpyo Dried,,"kanpyo dried, kanpyo-dried",100,g,100,139,4.6,35.1,0.3,5.3,0,0,56,0,Raw,curated,Kanpyo
3090,Vegetables,Vegetables,Kelp,,"kelp, kelps",100,g,100,2,0.1,0.5,0.1,0,0.1,0,19,0,Raw,curated,Kelp
3091,Vegetables,Vegetables,Kohlrabi Cooked,,"kohlrabi cooked, kohlrabi-cooked",100,g,100,48,3,11,0.2,1.8,4.6,0,35,0,Meals / Prepared Food,curated,Kohlrabi
3092,Vegetables,Vegetables,Kohlrabi Raw,,"kohlrabi raw, kohlrabi-raw",100,g,100,72,4.5,16.4,0.3,9.5,6.9,0,63,0,Raw,curated,Kohlrabi
3093,Vegetables,Vegetables,Lambs Quarters Cooked,,"lambs quarters cooked, lambs-quarters-cooked",100,g,100,58,5.8,9,1.3,3.8,1.1,0.1,500,0,Meals / Prepared Food,curated,Lambs Quarters
3094,Vegetables,Vegetables,Lambs Quarters Raw,,"lambs quarters raw, lambs-quarters-raw",100,g,100,0,0.1,0.1,0.1,0,0,0,33,0,Raw,curated,Lambs Quarters
3095,Vegetables,Vegetables,Laver Seaweed,,"laver seaweed, laver seaweeds, laver-seaweed",100,g,100,1,0.2,0.1,0,0.1,0.1,0.1,75,0,Raw,curated,Laver Seaweed
3096,Vegetables,Vegetables,Leeks Cooked,,"leeks cooked, leeks-cooked",100,g,100,38,1,9.4,0.2,1.2,2.6,0.1,67,0,Meals / Prepared Food,curated,Leeks
3097,Vegetables,Vegetables,Leeks Dried,,"leeks dried, leeks-dried",100,g,100,10,0.5,2.4,0,0.3,0,0.1,77,0,Raw,curated,Leeks
3098,Vegetables,Vegetables,Leeks Raw,,"leeks raw, leeks-raw",100,g,100,54,1.3,12.6,0.3,1.6,3.5,0,3,0,Raw,curated,Leeks
3099,Vegetables,Vegetables,Lentil Sprouts,,"lentil sprouts, dal, lentil sprout, lentil sproutses, lentil-sprouts",100,g,100,82,6.9,17,0.4,0,0,0.1,44,0,Raw,curated,Lentils (Dal)
3100,Vegetables,Vegetables,Lotus Root Cooked,,"lotus root cooked, lotus-root-cooked",100,g,100,6,0.1,1.4,0.1,0.3,0,0,0,0,Meals / Prepared Food,curated,Lotus Root
3101,Vegetables,Vegetables,Lotus Root Raw,,"lotus root raw, lotus-root-raw",100,g,100,85,3,19.8,0.1,5.6,0,0.1,60,0,Raw,curated,Lotus Root
3102,Vegetables,Vegetables,Mixed Vegetables Canned,,"mixed vegetables canned, mixed-vegetables-canned",100,g,100,88,3.5,17.5,0.6,9.3,0,0.1,500,0,Meals / Prepared Food,curated,Mixed Vegetables
3103,Vegetables,Vegetables,Mixed Vegetables Cooked,,"mixed vegetables cooked, mixed-vegetables-cooked",100,g,100,118,5.2,23.8,0.3,8,5.7,0,89,0,Meals / Prepared Food,curated,Mixed Vegetables
3104,Vegetables,Vegetables,Mung Bean Sprouts Cooked,,"mung bean sprouts cooked, moong dal, mung-bean-sprouts-cooked",100,g,100,24,2.5,4.5,0.1,1,3.5,0,300,0,Meals / Prepared Food,curated,"Moong Dal (Split Mung Bean), Lentils (Dal)"
3105,Vegetables,Vegetables,Mung Bean Sprouts Raw,,"mung bean sprouts raw, moong dal, mung-bean-sprouts-raw",100,g,100,6,0.6,1.2,0,0.4,0.8,0,80,0,Raw,curated,"Moong Dal (Split Mung Bean), Lentils (Dal)"
3106,Vegetables,Vegetables,Napa Cabbage Cooked,,"napa cabbage cooked, band gobi, napa-cabbage-cooked, patta gobi",100,g,100,13,1.2,2.4,0.2,0,0,0,12,0,Meals / Prepared Food,curated,"Cauliflower, Cabbage"
3107,Vegetables,Vegetables,Navy Bean Sprouts Raw,,"navy bean sprouts raw, navy-bean-sprouts-raw",100,g,100,70,6.4,13.6,0.7,0,0,0,63,0,Raw,curated,Navy Bean Sprouts
3108,Vegetables,Vegetables,New Zealand Spinach Cooked,,"new zealand spinach cooked, new-zealand-spinach-cooked, palak",100,g,100,22,2.3,3.8,0.3,2.5,0.5,0,600,0,Meals / Prepared Food,curated,Spinach
3109,Vegetables,Vegetables,New Zealand Spinach Raw,,"new zealand spinach raw, new-zealand-spinach-raw, palak",100,g,100,8,0.8,1.4,0.1,0.8,0.2,0.1,17,0,Raw,curated,Spinach
3110,Vegetables,Vegetables,Nopales Cooked,,"nopales cooked, nopales-cooked",100,g,100,22,2,4.9,0,3,1.7,0.1,87,0,Meals / Prepared Food,curated,Nopales
3111,Vegetables,Vegetables,Nopales Raw,,"nopales raw, nopales-raw",100,g,100,14,1.1,2.9,0.1,1.9,1,0,76,0,Raw,curated,Nopales
3112,Vegetables,Vegetables,Okra,,"okra, bhindi, okras",100,g,100,4,0.2,0.9,0.1,0.4,0.2,0,98,0,Raw,curated,Okra (Bhindi)
3113,Vegetables,Vegetables,Okra Cooked,,"okra cooked, bhindi, okra-cooked",100,g,100,35,3,7.2,0.3,4,3.8,0,400,0,Meals / Prepared Food,curated,Okra (Bhindi)
3114,Vegetables,Vegetables,Onion Cooked,,"onion cooked, onion-cooked, pyaaz, pyaz",100,g,100,7,0.2,1.5,0,0.2,0.7,0.1,40,0,Meals / Prepared Food,curated,Onion
3115,Vegetables,Vegetables,Onion Raw,,"onion raw, onion-raw, pyaaz, pyaz",100,g,100,16,0.4,3.7,0,0.7,1.7,0.1,65,0,Raw,curated,Onion
3116,Vegetables,Vegetables,Onion Rings Fried,,"onion rings fried, onion-rings-fried, pyaaz, pyaz",100,g,100,27,0.3,2.8,1.6,0.2,0.4,0.3,15,0,Meals / Prepared Food,curated,Onion
3117,Vegetables,Vegetables,Onion Snacks,,"onion snacks, onion snack, onion snackses, onion-snacks, pyaaz, pyaz",100,g,100,150,2.3,19.5,6.8,1.2,1.4,1.3,300,0,Raw,curated,Onion
3118,Vegetables,Vegetables,Onions Canned,,"onions canned, onions-canned, pyaaz, pyaz",100,g,100,12,0.5,2.5,0.1,0.8,1.4,0,200,0,Meals / Prepared Food,curated,Onion
3119,Vegetables,Vegetables,Orange Tomato,,"orange tomato, orange tomatos, orange-tomato, santra, tamatar",100,g,100,18,1.3,3.5,0.2,1,0,0.1,1,0,Raw,curated,Tomato
3120,Vegetables,Vegetables,Oriental Radish Cooked,,"oriental radish cooked, mooli, oriental-radish-cooked",100,g,100,25,1,5,0.4,2.4,2.7,0.1,400,0,Meals / Prepared Food,curated,Oriental Radish
3121,Vegetables,Vegetables,Oriental Radish Dried,,"oriental radish dried, mooli, oriental-radish-dried",100,g,100,314,9.2,73.5,0.8,27.7,43.3,0.3,300,0,Raw,curated,Oriental Radish
3122,Vegetables,Vegetables,Oriental Radish Raw,,"oriental radish raw, mooli, oriental-radish-raw",100,g,100,61,2,13.9,0.3,5.4,8.5,0.1,14,0,Raw,curated,Oriental Radish
3123,Vegetables,Vegetables,Parsnips Cooked,,"parsnips cooked, parsnips-cooked",100,g,100,114,2.1,27.2,0.5,6.4,7.7,0.1,21,0,Meals / Prepared Food,curated,Parsnips
3124,Vegetables,Vegetables,Parsnips Raw,,"parsnips raw, parsnips-raw",100,g,100,128,2,30.6,0.5,8.3,8.2,0.1,68,0,Raw,curated,Parsnips
3125,Vegetables,Vegetables,Pasilla Peppers Dried,,"pasilla peppers dried, pasilla-peppers-dried",100,g,100,24,0.9,3.6,1.1,1.9,0,0,63,0,Raw,curated,Pasilla Peppers
3126,Vegetables,Vegetables,Peas Canned,,"peas canned, matar, peas-canned",100,g,100,57,3.5,9.5,0.8,0,0,0.1,200,0,Meals / Prepared Food,curated,Green Peas
3127,Vegetables,Vegetables,Peas Carrots Canned,,"peas carrots canned, gajar, matar, peas-carrots-canned",100,g,100,97,5.5,21.6,0.7,8.4,7.2,0.1,700,0,Meals / Prepared Food,curated,"Green Peas, Carrot"
3128,Vegetables,Vegetables,Peas Carrots Cooked,,"peas carrots cooked, gajar, matar, peas-carrots-cooked",100,g,100,77,4.9,16.2,0.7,5,7,0.1,500,0,Meals / Prepared Food,curated,"Green Peas, Carrot"
3129,Vegetables,Vegetables,Peas Cooked,,"peas cooked, matar, peas-cooked",100,g,100,134,8.6,25,0.4,8.8,9.5,0.1,74,0,Meals / Prepared Food,curated,Green Peas
3130,Vegetables,Vegetables,Peas Onions Canned,,"peas onions canned, matar, peas-onions-canned, pyaaz, pyaz",100,g,100,61,3.9,10.3,0.5,2.8,0,0.1,500,0,Meals / Prepared Food,curated,"Green Peas, Onion"
3131,Vegetables,Vegetables,Peas Onions Cooked,,"peas onions cooked, matar, peas-onions-cooked, pyaaz, pyaz",100,g,100,81,4.6,15.5,0.4,4,6.8,0.1,500,0,Meals / Prepared Food,curated,"Green Peas, Onion"
3132,Vegetables,Vegetables,Peas Raw,,"peas raw, matar, peas-raw",100,g,100,117,7.9,21,0.6,7.4,8.2,0.1,17,0,Raw,curated,Green Peas
3133,Vegetables,Vegetables,Peppermint,,"peppermint, peppermints",100,g,100,1,0,0.2,0,0.1,0,0,7,0,Raw,curated,Peppermint
3134,Vegetables,Vegetables,Pepperoni Beef,,"pepperoni beef, pepperoni beefs, pepperoni-beef",100,g,100,10,0.5,0,0.9,0,0,0.3,90,2,Meals / Prepared Food,curated,Beef
3135,Vegetables,Vegetables,Pigeon Peas Cooked,,"pigeon peas cooked, arhar dal, matar, pigeon-peas-cooked, toor dal",100,g,100,203,11.4,39.1,0.6,11.3,0,0.1,36,0,Meals / Prepared Food,curated,"Toor Dal (Split Pigeon Pea), Lentils (Dal), Green Peas"
3136,Vegetables,Vegetables,Pimento Canned,,"pimento canned, pimento-canned",100,g,100,44,2.1,9.8,0.6,3.6,5.2,0,6,0,Meals / Prepared Food,curated,Pimento
3137,Vegetables,Vegetables,Pokeberry Shoots Cooked,,"pokeberry shoots cooked, pokeberry-shoots-cooked",100,g,100,33,3.8,5.1,0.7,2.5,2.6,0,400,0,Meals / Prepared Food,curated,Pokeberry Shoots
3138,Vegetables,Vegetables,Pokeberry Shoots Raw,,"pokeberry shoots raw, pokeberry-shoots-raw",100,g,100,37,4.2,5.9,0.6,2.7,0,0,50,0,Raw,curated,Pokeberry Shoots
3139,Vegetables,Vegetables,Prairie Turnips Boiled,,"prairie turnips boiled, prairie-turnips-boiled, shalgam",100,g,100,18,0.2,4.2,0.1,1,0.7,0,12,0,Meals / Prepared Food,curated,Prairie Turnips
3140,Vegetables,Vegetables,Prairie Turnips Raw,,"prairie turnips raw, prairie-turnips-raw, shalgam",100,g,100,20,0.3,4.5,0,1,0.1,0,59,0,Raw,curated,Prairie Turnips
3141,Vegetables,Vegetables,Pumpkin Canned,,"pumpkin canned, kaddu, kohla, pumpkin-canned",100,g,100,83,2.7,19.8,0.7,7.1,8.1,0.4,600,0,Meals / Prepared Food,curated,Pumpkin
3142,Vegetables,Vegetables,Pumpkin Cooked,,"pumpkin cooked, kaddu, kohla, pumpkin-cooked",100,g,100,49,1.8,12,0.2,2.7,5.1,0,6,0,Meals / Prepared Food,curated,Pumpkin
3143,Vegetables,Vegetables,Pumpkin Flowers Cooked,,"pumpkin flowers cooked, kaddu, kohla, pumpkin-flowers-cooked",100,g,100,20,1.5,4.4,0.1,1.2,3.2,0.1,82,0,Meals / Prepared Food,curated,Pumpkin
3144,Vegetables,Vegetables,Pumpkin Flowers Raw,,"pumpkin flowers raw, kaddu, kohla, pumpkin-flowers-raw",100,g,100,5,0.3,1.1,0.1,0,0,0,66,0,Raw,curated,Pumpkin
3145,Vegetables,Vegetables,Pumpkin Leaves Cooked,,"pumpkin leaves cooked, kaddu, kohla, pumpkin-leaves-cooked",100,g,100,15,1.9,2.4,0.2,1.9,0.5,0.1,200,0,Meals / Prepared Food,curated,Pumpkin
3146,Vegetables,Vegetables,Pumpkin Leaves Raw,,"pumpkin leaves raw, kaddu, kohla, pumpkin-leaves-raw",100,g,100,7,1.2,0.9,0.2,0,0,0.1,57,0,Raw,curated,Pumpkin
3147,Vegetables,Vegetables,Pumpkin Raw,,"pumpkin raw, kaddu, kohla, pumpkin-raw",100,g,100,30,1.2,7.5,0.1,0.6,3.2,0.1,62,0,Raw,curated,Pumpkin
3148,Vegetables,Vegetables,Purslane Cooked,,"purslane cooked, purslane-cooked",100,g,100,21,1.7,4.1,0.2,0,0,0,300,0,Meals / Prepared Food,curated,Purslane
3149,Vegetables,Vegetables,Purslane Raw,,"purslane raw, purslane-raw",100,g,100,9,0.9,1.5,0.2,0,0,0,66,0,Raw,curated,Purslane
3150,Vegetables,Vegetables,Radicchio,,"radicchio, radicchios",100,g,100,15,0.9,2.9,0.2,0.6,0.4,0,33,0,Raw,curated,Radicchio
3151,Vegetables,Vegetables,Radish Raw,,"radish raw, mooli, radish-raw",100,g,100,1,0,0.2,0,0,0.1,0.1,33,0,Raw,curated,Radish
3152,Vegetables,Vegetables,Red Cabbage Cooked,,"red cabbage cooked, band gobi, patta gobi, red-cabbage-cooked",100,g,100,49,2.6,11.8,0.2,4.4,5.6,0.1,47,0,Meals / Prepared Food,curated,"Cauliflower, Cabbage"
3153,Vegetables,Vegetables,Red Cabbage Raw,,"red cabbage raw, band gobi, patta gobi, red-cabbage-raw",100,g,100,53,2.4,12.5,0.3,3.6,6.5,0,79,0,Raw,curated,"Cauliflower, Cabbage"
3154,Vegetables,Vegetables,Red Chili Peppers,,"red chili peppers, hari mirch, mirch, red chili pepper, red chili pepperses, red-chili-peppers",100,g,100,18,0.8,4,0.2,0.7,2.4,0.1,30,0,Raw,curated,Red Chili Peppers
3155,Vegetables,Vegetables,Red Lettuce,,"red lettuce, red lettuces, red-lettuce",100,g,100,4,0.4,0.6,0.1,0.3,0.1,0,57,0,Raw,curated,Red Lettuce
3156,Vegetables,Vegetables,Red Peppers Canned,,"red peppers canned, red-peppers-canned",100,g,100,15,0.7,3.7,0.1,0.9,2.4,0,900,0,Meals / Prepared Food,curated,Red Peppers
3157,Vegetables,Vegetables,Rhubarb Cooked,,"rhubarb cooked, rhubarb-cooked",100,g,100,278,0.9,74.9,0.1,4.8,68.9,0.1,7,0,Meals / Prepared Food,curated,Rhubarb
3158,Vegetables,Vegetables,Rhubarb Raw,,"rhubarb raw, rhubarb-raw",100,g,100,11,0.5,2.3,0.1,0.9,0.6,0,58,0,Raw,curated,Rhubarb
3159,Vegetables,Vegetables,Romaine Lettuce,,"romaine lettuce, romaine lettuces, romaine-lettuce",100,g,100,8,0.6,1.5,0.1,1,0.6,0,83,0,Raw,curated,Romaine Lettuce
3160,Vegetables,Vegetables,Romanesco Cooked,,"romanesco cooked, romanesco-cooked",100,g,100,39,3.7,7.7,0.4,4,0,0,300,0,Meals / Prepared Food,curated,Romanesco
3161,Vegetables,Vegetables,Romanesco Raw,,"romanesco raw, romanesco-raw",100,g,100,20,1.9,3.9,0.2,2,1.9,0,25,0,Raw,curated,Romanesco
3162,Vegetables,Vegetables,Rose Hips,,"rose hips, rose hip, rose hipses, rose-hips",100,g,100,206,2,48.5,0.4,30.6,3.3,0,35,0,Raw,curated,Rose Hips
3163,Vegetables,Vegetables,Roselle,,"roselle, roselles",100,g,100,28,0.5,6.4,0.4,0,0,0,79,0,Raw,curated,Roselle
3164,Vegetables,Vegetables,Rutabaga Cooked,,"rutabaga cooked, rutabaga-cooked",100,g,100,72,2.2,16.4,0.4,4.3,9.5,0,49,0,Meals / Prepared Food,curated,Rutabaga
3165,Vegetables,Vegetables,Rutabaga Raw,,"rutabaga raw, rutabaga-raw",100,g,100,286,8.3,66.5,1.2,17.8,34.4,0.2,61,0,Raw,curated,Rutabaga
3166,Vegetables,Vegetables,Salat Mix Alestro,,"salat mix alestro, salat mix alestros, salat-mix-alestro",100,g,100,61,0,2.4,5.2,0,0,0.9,0,0,Raw,curated,Salat Mix Alestro
3167,Vegetables,Vegetables,Salsify Cooked,,"salsify cooked, salsify-cooked",100,g,100,92,3.7,20.7,0.2,4.2,3.9,0,28,0,Meals / Prepared Food,curated,Salsify
3168,Vegetables,Vegetables,Salsify Raw,,"salsify raw, salsify-raw",100,g,100,109,4.4,24.7,0.3,4.4,0,0,93,0,Raw,curated,Salsify
3169,Vegetables,Vegetables,Savoy Cabbage Cooked,,"savoy cabbage cooked, band gobi, patta gobi, savoy-cabbage-cooked",100,g,100,41,3.1,9.2,0.2,4.8,0,0.1,50,0,Meals / Prepared Food,curated,"Cauliflower, Cabbage"
3170,Vegetables,Vegetables,Savoy Cabbage Raw,,"savoy cabbage raw, band gobi, patta gobi, savoy-cabbage-raw",100,g,100,19,1.4,4.3,0,2.2,1.6,0.1,7,0,Raw,curated,"Cauliflower, Cabbage"
3171,Vegetables,Vegetables,Scallop Squash Cooked,,"scallop squash cooked, scallop-squash-cooked",100,g,100,29,1.9,5.9,0.3,3.4,2.7,0,400,0,Meals / Prepared Food,curated,Scallop Squash
3172,Vegetables,Vegetables,Scallop Squash Raw,,"scallop squash raw, scallop-squash-raw",100,g,100,23,1.6,5,0.3,1.6,3.1,0.1,75,0,Raw,curated,Scallop Squash
3173,Vegetables,Vegetables,Scots Kale Cooked,,"scots kale cooked, scots-kale-cooked",100,g,100,36,2.5,7.3,0.5,0,0,0,400,0,Meals / Prepared Food,curated,Scots Kale
3174,Vegetables,Vegetables,Scots Kale Raw,,"scots kale raw, scots-kale-raw",100,g,100,28,1.9,5.6,0.4,1.1,0,0.1,59,0,Raw,curated,Scots Kale
3175,Vegetables,Vegetables,Seaweed Dry,,"seaweed dry, seaweed dries, seaweed-dry",100,g,100,52,3.1,9.2,0.3,7.3,0,0,900,7,Raw,curated,Seaweed Dry
3176,Vegetables,Vegetables,Serrano Pepper,,"serrano pepper, serrano peppers, serrano-pepper",100,g,100,2,0.1,0.4,0.1,0.2,0.2,0.1,67,0,Raw,curated,Serrano Pepper
3177,Vegetables,Vegetables,Sesbania Flower Cooked,,"sesbania flower cooked, sesbania-flower-cooked",100,g,100,22,1.2,5.3,0,0,0,0,300,0,Meals / Prepared Food,curated,Sesbania Flower
3178,Vegetables,Vegetables,Sesbania Flower Raw,,"sesbania flower raw, sesbania-flower-raw",100,g,100,1,0,0.2,0.1,0,0,0,7,0,Raw,curated,Sesbania Flower
3179,Vegetables,Vegetables,Shallots Dried,,"shallots dried, shallots-dried",100,g,100,3,0.1,0.7,0,0.1,0.3,0.1,59,0,Raw,curated,Shallots
3180,Vegetables,Vegetables,Shallots Raw,,"shallots raw, shallots-raw",100,g,100,18,0.6,4.2,0.1,0.8,2,0,44,0,Raw,curated,Shallots
3181,Vegetables,Vegetables,Skunk Cabbage,,"skunk cabbage, band gobi, patta gobi, skunk cabbages, skunk-cabbage",100,g,100,11,1.5,1.8,0.1,1.2,0,0,16,0,Raw,curated,"Cauliflower, Cabbage"
3182,Vegetables,Vegetables,Spinach Canned,,"spinach canned, palak, spinach-canned",100,g,100,44,4.9,6.8,0.9,3.7,0,0.1,700,0,Meals / Prepared Food,curated,Spinach
3183,Vegetables,Vegetables,Spinach Cooked,,"spinach cooked, palak, spinach-cooked",100,g,100,41,5.3,6.8,0.5,4.3,0.8,0,100,0,Meals / Prepared Food,curated,Spinach
3184,Vegetables,Vegetables,Spinach Raw,,"spinach raw, palak, spinach-raw",100,g,100,7,0.9,1.1,0.1,0.7,0.1,0,36,0,Raw,curated,Spinach
3185,Vegetables,Vegetables,Spinach Souffle,,"spinach souffle, palak, spinach souffles, spinach-souffle",100,g,150.2,190.1,9,7.1,14.1,1.2,1.7,7.9,522,138,Raw,curated,Spinach
3186,Vegetables,Vegetables,Split Peas Cooked,,"split peas cooked, matar, matar dal, split-peas-cooked",100,g,100,227,16.3,40.2,0.8,16.3,5.7,0.1,500,0,Meals / Prepared Food,curated,"Lentils (Dal), Green Peas"
3187,Vegetables,Vegetables,Spring Onion Scallions,,"spring onion scallions, pyaaz, pyaz, spring onion scallion, spring onion scallionses, spring-onion-scallions",100,g,100,6,0.4,1.5,0.1,0.5,0.5,0,48,0,Raw,curated,Onion
3188,Vegetables,Vegetables,Sprouted Soybean Cooked,,"sprouted soybean cooked, sprouted-soybean-cooked",100,g,100,76,8,6.1,4.2,0.8,0.4,0.6,200,0,Meals / Prepared Food,curated,Sprouted Soybean
3189,Vegetables,Vegetables,Sprouted Soybean Raw,,"sprouted soybean raw, sprouted-soybean-raw",100,g,100,85,9.2,6.7,4.7,0.8,0,0.7,5,0,Raw,curated,Sprouted Soybean
3190,Vegetables,Vegetables,Stewed Tomatoes Canned,,"stewed tomatoes canned, stewed-tomatoes-canned, tamatar",100,g,100,66,2.3,15.8,0.5,2.6,9,0.1,600,0,Meals / Prepared Food,curated,Stewed Tomatoes
3191,Vegetables,Vegetables,Stinging Nettles,,"stinging nettles, stinging nettl, stinging nettleses, stinging-nettles",100,g,100,37,2.4,6.7,0,6.1,0.2,0,90,0,Raw,curated,Stinging Nettles
3192,Vegetables,Vegetables,Succotash,,"succotash, succotashes",100,g,100,213,9.7,46.8,1.5,0,0,0.3,500,0,Raw,curated,Succotash
3193,Vegetables,Vegetables,Summer Squash Cooked,,"summer squash cooked, summer-squash-cooked",100,g,100,49,2.7,9.9,1,2.9,6.4,0.2,36,0,Meals / Prepared Food,curated,Summer Squash
3194,Vegetables,Vegetables,Summer Squash Raw,,"summer squash raw, summer-squash-raw",100,g,100,42,3.1,8.7,0.5,2.9,5.7,0.1,51,0,Raw,curated,Summer Squash
3195,Vegetables,Vegetables,Swamp Cabbage,,"swamp cabbage, band gobi, patta gobi, swamp cabbages, swamp-cabbage",100,g,100,20,2,3.6,0.2,1.9,0,0,400,0,Raw,curated,"Cauliflower, Cabbage"
3196,Vegetables,Vegetables,Sweet Corn White,,"sweet corn white, bhutta, makka, sweet corn whites, sweet-corn-white",100,g,100,63,2.4,13.9,0.9,2,2.4,0.1,16,0,Raw,curated,Corn
3197,Vegetables,Vegetables,Sweet Corn Yellow,,"sweet corn yellow, bhutta, makka, sweet corn yellows, sweet-corn-yellow",100,g,100,58,4.1,14.2,0.4,1.5,2.6,0,50,0,Raw,curated,Corn
3198,Vegetables,Vegetables,Sweet Green Peppers Canned,,"sweet green peppers canned, sweet-green-peppers-canned",100,g,100,25,1.1,5.5,0.4,1.7,0,0,1900,0,Meals / Prepared Food,curated,Sweet Green Peppers
3199,Vegetables,Vegetables,Sweet Green Peppers Cooked,,"sweet green peppers cooked, sweet-green-peppers-cooked",100,g,100,19,0.7,4.5,0.1,0.9,2.3,0,200,0,Meals / Prepared Food,curated,Sweet Green Peppers
3200,Vegetables,Vegetables,Sweet Green Peppers Raw,,"sweet green peppers raw, sweet-green-peppers-raw",100,g,100,30,1.3,6.9,0.3,2.5,3.6,0.1,23,0,Raw,curated,Sweet Green Peppers
3201,Vegetables,Vegetables,Sweet Onion,,"sweet onion, pyaaz, pyaz, sweet onions, sweet-onion",100,g,100,106,2.6,25,0.3,3,16.6,0,63,0,Raw,curated,Onion
3202,Vegetables,Vegetables,Sweet Red Peppers Canned,,"sweet red peppers canned, sweet-red-peppers-canned",100,g,100,25,1.1,5.5,0.4,1.7,0,0,1900,0,Meals / Prepared Food,curated,Sweet Red Peppers
3203,Vegetables,Vegetables,Sweet Red Peppers Cooked,,"sweet red peppers cooked, sweet-red-peppers-cooked",100,g,100,19,0.7,4.5,0.1,0.9,3.2,0,200,0,Meals / Prepared Food,curated,Sweet Red Peppers
3204,Vegetables,Vegetables,Sweet Red Peppers Raw,,"sweet red peppers raw, sweet-red-peppers-raw",100,g,100,46,1.5,9,0.4,3.1,6.3,0.1,92,0,Raw,curated,Sweet Red Peppers
3205,Vegetables,Vegetables,Sweet Yellow Peppers,,"sweet yellow peppers, sweet yellow pepper, sweet yellow pepperses, sweet-yellow-peppers",100,g,100,50,1.9,11.8,0.4,1.7,0,0,17,0,Raw,curated,Sweet Yellow Peppers
3206,Vegetables,Vegetables,Swiss Chard Cooked,,"swiss chard cooked, swiss-chard-cooked",100,g,100,35,3.3,7.2,0.1,3.7,1.9,0,700,0,Meals / Prepared Food,curated,Swiss Chard
3207,Vegetables,Vegetables,Swiss Chard Raw,,"swiss chard raw, swiss-chard-raw",100,g,100,7,0.6,1.3,0,0.6,0.4,0.1,89,0,Raw,curated,Swiss Chard
3208,Vegetables,Vegetables,Tomatillos,,"tomatillos, tomatillo, tomatilloses",100,g,100,42,1.3,7.7,1.3,2.5,5.2,0.2,19,0,Raw,curated,Tomatillos
3209,Vegetables,Vegetables,Tomato Cooked,,"tomato cooked, tamatar, tomato-cooked",100,g,100,22,1.2,4.9,0.1,0.9,3.1,0.1,29,0,Meals / Prepared Food,curated,Tomato
3210,Vegetables,Vegetables,Tomato Paste Canned,,"tomato paste canned, tamatar, tomato-paste-canned",100,g,100,215,11.3,49.5,1.2,10.7,31.9,0.3,2100,0,Meals / Prepared Food,curated,Tomato
3211,Vegetables,Vegetables,Tomato Puree Canned,,"tomato puree canned, tamatar, tomato-puree-canned",100,g,100,95,4.1,22.5,0.5,4.8,12.1,0.1,2,0,Meals / Prepared Food,curated,Tomato
3212,Vegetables,Vegetables,Tomato Stewed,,"tomato stewed, tamatar, tomato steweds, tomato-stewed",100,g,100,97,2.4,16.1,3.3,2.1,0,0.6,600,0,Meals / Prepared Food,curated,Tomato
3213,Vegetables,Vegetables,Tomatoes Canned,,"tomatoes canned, tamatar, tomatoes-canned",100,g,100,77,4,17.6,0.7,4.6,10.6,0.1,300,0,Meals / Prepared Food,curated,Tomatoes
3214,Vegetables,Vegetables,Tree Fern Cooked,,"tree fern cooked, tree-fern-cooked",100,g,100,57,0.4,15.3,0.1,5.3,0,0,300,0,Meals / Prepared Food,curated,Tree Fern
3215,Vegetables,Vegetables,Turnip Greens Canned,,"turnip greens canned, shalgam, turnip-greens-canned",100,g,100,27,2,4,0.4,1.9,0.6,0.1,82,0,Meals / Prepared Food,curated,Turnip Greens
3216,Vegetables,Vegetables,Turnip Greens Cooked,,"turnip greens cooked, shalgam, turnip-greens-cooked",100,g,100,29,1.6,6.3,0.3,5,0.8,0.1,400,0,Meals / Prepared Food,curated,Turnip Greens
3217,Vegetables,Vegetables,Turnip Greens Raw,,"turnip greens raw, shalgam, turnip-greens-raw",100,g,100,18,0.8,3.9,0.2,1.8,0.4,0,12,0,Raw,curated,Turnip Greens
3218,Vegetables,Vegetables,Turnips Cooked,,"turnips cooked, shalgam, turnips-cooked",100,g,100,34,1.1,7.9,0.1,3.1,4.7,0.1,17,0,Meals / Prepared Food,curated,Turnips
3219,Vegetables,Vegetables,Turnips Raw,,"turnips raw, shalgam, turnips-raw",100,g,100,51,1.6,11.8,0.2,3.3,7,0.1,100,0,Raw,curated,Turnips
3220,Vegetables,Vegetables,Vegetable Salad,,"vegetable salad, vegetable salads, vegetable-salad",100,g,100,22,1.7,4.4,0.1,0,0,0.1,25,0,Meals / Prepared Food,curated,Vegetable Salad
3221,Vegetables,Vegetables,Wakame,,"wakame, wakames",100,g,100,36,2.4,7.3,0.5,0.4,0.5,0.1,700,0,Raw,curated,Wakame
3222,Vegetables,Vegetables,Waxgourd Cooked,,"waxgourd cooked, waxgourd-cooked",100,g,100,19,0.7,4.3,0.4,1.8,2.1,0,600,0,Meals / Prepared Food,curated,Waxgourd
3223,Vegetables,Vegetables,Waxgourd Raw,,"waxgourd raw, waxgourd-raw",100,g,100,17,0.5,4,0.3,3.8,0,0,100,0,Raw,curated,Waxgourd
3224,Vegetables,Vegetables,White Corn Cooked,,"white corn cooked, bhutta, makka, white-corn-cooked",100,g,100,100,3.4,22.4,1.5,2.8,8,0.2,82,0,Meals / Prepared Food,curated,Corn
3225,Vegetables,Vegetables,White Corn Raw,,"white corn raw, bhutta, makka, white-corn-raw",100,g,100,143,5.3,31.6,2,4.5,5.3,0.3,88,0,Raw,curated,Corn
3226,Vegetables,Vegetables,White Icicle Radish,,"white icicle radish, mooli, white icicle radishes, white-icicle-radish",100,g,100,14,1.1,2.6,0.1,1.4,0,0.1,49,0,Raw,curated,White Icicle Radish
3227,Vegetables,Vegetables,Winter Squash Cooked,,"winter squash cooked, winter-squash-cooked",100,g,100,76,1.8,18.1,0.7,5.7,6.8,0.1,68,0,Meals / Prepared Food,curated,Winter Squash
3228,Vegetables,Vegetables,Winter Squash Raw,,"winter squash raw, winter-squash-raw",100,g,100,39,1.1,10,0.2,1.7,2.6,0,27,0,Raw,curated,Winter Squash
3229,Vegetables,Vegetables,Yellow Tomato,,"yellow tomato, tamatar, yellow tomatos, yellow-tomato",100,g,100,32,2.1,6.3,0.6,1.5,0,0,88,0,Raw,curated,Tomato
3230,Vegetables,Vegetables,Zucchini Cooked,,"zucchini cooked, zucchini-cooked",100,g,100,27,2.1,4.8,0.6,1.8,3.1,0.1,77,0,Meals / Prepared Food,curated,Zucchini
3231,Vegetables,Vegetables,Zucchini Raw,,"zucchini raw, zucchini-raw",100,g,100,44,3.1,8.1,0.8,2.6,6.5,0.2,23,0,Raw,curated,Zucchini
3232,Indian Meals,Vegetarian Mains & Curries,Cabbage Rolls (dry),Pattagobhi Rolls (dry),"pattagobhi rolls (dry), cabbage rolls (dry), pattagobhi rolls",1,roll,83.2,142.5,8.2,6.1,9.4,1.8,1.3,3.82,118.1,32.9,Meals / Prepared Food,INDB,"Cabbage, Onion, Tomato, Garlic, Ginger, Cooking Oil, Turmeric, Red Chili Powder, Coriander Powder, Cumin, Salt"
3233,Indian Meals,Vegetarian Mains & Curries,Cabbage Rolls (curry),Pattagobhi Rolls (curry),"pattagobhi rolls (curry), cabbage rolls (curry), pattagobhi rolls",1,roll,145.6,124.6,5.8,7.0,8.2,2.4,3.8,2.53,124.0,18.8,Meals / Prepared Food,INDB,"Cabbage, Onion, Tomato, Garlic, Ginger, Cooking Oil, Turmeric, Red Chili Powder, Coriander Powder, Cumin, Salt"
